{
"type": "FeatureCollection",
"name": "SM_Vias",
"crs": { "type": "name", "properties": { "name": "urn:ogc:def:crs:OGC:1.3:CRS84" } },
"features": [
{ "type": "Feature", "properties": { "fid": 2, "id": 1, "nombre": "Escalinata de terciopelo", "modalidad": "Simple", "descripcio": null, "variante": null, "grado1": "4c", "long1": 8, "exp1": 3, "grado2": null, "long2": null, "exp2": null, "grado3": null, "long3": null, "exp3": null, "grado4": null, "long4": null, "exp4": null, "grado5": null, "long5": null, "exp5": null, "sector": "Romería", "x": -4.3849482791661831, "y": 40.401375956928177, "union": null }, "geometry": { "type": "Point", "coordinates": [ -4.384948279166183, 40.401375956928177 ] } },
{ "type": "Feature", "properties": { "fid": 3, "id": 2, "nombre": "Todo es empezar", "modalidad": "Simple", "descripcio": null, "variante": null, "grado1": "4a", "long1": 8, "exp1": 3, "grado2": null, "long2": null, "exp2": null, "grado3": null, "long3": null, "exp3": null, "grado4": null, "long4": null, "exp4": null, "grado5": null, "long5": null, "exp5": null, "sector": "Romería", "x": -4.3849890421408517, "y": 40.401421249122251, "union": null }, "geometry": { "type": "Point", "coordinates": [ -4.384989042140852, 40.401421249122251 ] } },
{ "type": "Feature", "properties": { "fid": 4, "id": 3, "nombre": "Cepillando bajo la lluvia", "modalidad": "Simple", "descripcio": null, "variante": null, "grado1": "6b", "long1": 7, "exp1": 3, "grado2": null, "long2": null, "exp2": null, "grado3": null, "long3": null, "exp3": null, "grado4": null, "long4": null, "exp4": null, "grado5": null, "long5": null, "exp5": null, "sector": "Romería", "x": -4.3844069088637561, "y": 40.401432355188, "union": null }, "geometry": { "type": "Point", "coordinates": [ -4.384406908863756, 40.401432355188 ] } },
{ "type": "Feature", "properties": { "fid": 5, "id": 4, "nombre": "El cepillador de entrepinos", "modalidad": "Simple", "descripcio": null, "variante": null, "grado1": "6a+", "long1": 7, "exp1": 3, "grado2": null, "long2": null, "exp2": null, "grado3": null, "long3": null, "exp3": null, "grado4": null, "long4": null, "exp4": null, "grado5": null, "long5": null, "exp5": null, "sector": "Romería", "x": -4.3843943945720802, "y": 40.401410107558348, "union": null }, "geometry": { "type": "Point", "coordinates": [ -4.38439439457208, 40.401410107558348 ] } },
{ "type": "Feature", "properties": { "fid": 6, "id": 5, "nombre": "La naranja mecánica", "modalidad": "Simple", "descripcio": null, "variante": null, "grado1": "6a", "long1": 10, "exp1": 4, "grado2": null, "long2": null, "exp2": null, "grado3": null, "long3": null, "exp3": null, "grado4": null, "long4": null, "exp4": null, "grado5": null, "long5": null, "exp5": null, "sector": "Romería", "x": -4.3843777088498452, "y": 40.401393421836119, "union": null }, "geometry": { "type": "Point", "coordinates": [ -4.384377708849845, 40.401393421836119 ] } },
{ "type": "Feature", "properties": { "fid": 7, "id": 6, "nombre": "Ejercicio aerótico", "modalidad": "Simple", "descripcio": null, "variante": null, "grado1": "5c+", "long1": 10, "exp1": 4, "grado2": null, "long2": null, "exp2": null, "grado3": null, "long3": null, "exp3": null, "grado4": null, "long4": null, "exp4": null, "grado5": null, "long5": null, "exp5": null, "sector": "Romería", "x": -4.3843582421739056, "y": 40.401382298021296, "union": null }, "geometry": { "type": "Point", "coordinates": [ -4.384358242173906, 40.401382298021296 ] } },
{ "type": "Feature", "properties": { "fid": 8, "id": 7, "nombre": "Pichichan", "modalidad": "Simple", "descripcio": null, "variante": null, "grado1": "6a", "long1": 10, "exp1": 4, "grado2": null, "long2": null, "exp2": null, "grado3": null, "long3": null, "exp3": null, "grado4": null, "long4": null, "exp4": null, "grado5": null, "long5": null, "exp5": null, "sector": "Romería", "x": -4.3843346040674067, "y": 40.401361440868499, "union": null }, "geometry": { "type": "Point", "coordinates": [ -4.384334604067407, 40.401361440868499 ] } },
{ "type": "Feature", "properties": { "fid": 9, "id": 8, "nombre": "La Romería", "modalidad": "Simple", "descripcio": null, "variante": null, "grado1": "5c+", "long1": 10, "exp1": 4, "grado2": null, "long2": null, "exp2": null, "grado3": null, "long3": null, "exp3": null, "grado4": null, "long4": null, "exp4": null, "grado5": null, "long5": null, "exp5": null, "sector": "Romería", "x": -4.3843165278683189, "y": 40.401347536099969, "union": null }, "geometry": { "type": "Point", "coordinates": [ -4.384316527868319, 40.401347536099969 ] } },
{ "type": "Feature", "properties": { "fid": 10, "id": 9, "nombre": "Vaya Cachucocha", "modalidad": "Simple", "descripcio": null, "variante": null, "grado1": "6b", "long1": 10, "exp1": 4, "grado2": null, "long2": null, "exp2": null, "grado3": null, "long3": null, "exp3": null, "grado4": null, "long4": null, "exp4": null, "grado5": null, "long5": null, "exp5": null, "sector": "Romería", "x": -4.3842901088081154, "y": 40.401336412285147, "union": null }, "geometry": { "type": "Point", "coordinates": [ -4.384290108808115, 40.401336412285147 ] } },
{ "type": "Feature", "properties": { "fid": 11, "id": 10, "nombre": "La Cisura Pasamoa", "modalidad": "Simple", "descripcio": null, "variante": null, "grado1": "6a+", "long1": 8, "exp1": 3, "grado2": null, "long2": null, "exp2": null, "grado3": null, "long3": null, "exp3": null, "grado4": null, "long4": null, "exp4": null, "grado5": null, "long5": null, "exp5": null, "sector": "Romería", "x": -4.3842636897479101, "y": 40.401325288470325, "union": null }, "geometry": { "type": "Point", "coordinates": [ -4.38426368974791, 40.401325288470325 ] } },
{ "type": "Feature", "properties": { "fid": 12, "id": 11, "nombre": "Jamoneando", "modalidad": "Simple", "descripcio": null, "variante": null, "grado1": "7c", "long1": 8, "exp1": 2, "grado2": null, "long2": null, "exp2": null, "grado3": null, "long3": null, "exp3": null, "grado4": null, "long4": null, "exp4": null, "grado5": null, "long5": null, "exp5": null, "sector": "Romería", "x": -4.3842400516414113, "y": 40.401321117039764, "union": null }, "geometry": { "type": "Point", "coordinates": [ -4.384240051641411, 40.401321117039764 ] } },
{ "type": "Feature", "properties": { "fid": 13, "id": 12, "nombre": "La chincheta", "modalidad": "Simple", "descripcio": null, "variante": null, "grado1": "4a", "long1": 8, "exp1": 4, "grado2": null, "long2": null, "exp2": null, "grado3": null, "long3": null, "exp3": null, "grado4": null, "long4": null, "exp4": null, "grado5": null, "long5": null, "exp5": null, "sector": "Romería", "x": -4.3841024474418209, "y": 40.401187994322761, "union": null }, "geometry": { "type": "Point", "coordinates": [ -4.384102447441821, 40.401187994322761 ] } },
{ "type": "Feature", "properties": { "fid": 14, "id": 13, "nombre": "La musgoplaca", "modalidad": "Simple", "descripcio": null, "variante": null, "grado1": "5c", "long1": 10, "exp1": 4, "grado2": null, "long2": null, "exp2": null, "grado3": null, "long3": null, "exp3": null, "grado4": null, "long4": null, "exp4": null, "grado5": null, "long5": null, "exp5": null, "sector": "Romería", "x": -4.384059419857449, "y": 40.401171009749987, "union": null }, "geometry": { "type": "Point", "coordinates": [ -4.384059419857449, 40.401171009749987 ] } },
{ "type": "Feature", "properties": { "fid": 15, "id": 14, "nombre": "Diedro del pino", "modalidad": "Simple", "descripcio": null, "variante": null, "grado1": "4c", "long1": 10, "exp1": 4, "grado2": null, "long2": null, "exp2": null, "grado3": null, "long3": null, "exp3": null, "grado4": null, "long4": null, "exp4": null, "grado5": null, "long5": null, "exp5": null, "sector": "Romería", "x": -4.3840016723100019, "y": 40.401158554396616, "union": null }, "geometry": { "type": "Point", "coordinates": [ -4.384001672310002, 40.401158554396616 ] } },
{ "type": "Feature", "properties": { "fid": 16, "id": 15, "nombre": "Cocodrilo Dandy", "modalidad": "Simple", "descripcio": null, "variante": null, "grado1": "3c", "long1": 10, "exp1": 3, "grado2": null, "long2": null, "exp2": null, "grado3": null, "long3": null, "exp3": null, "grado4": null, "long4": null, "exp4": null, "grado5": null, "long5": null, "exp5": null, "sector": "Romería", "x": -4.3839246755800731, "y": 40.401154025177206, "union": null }, "geometry": { "type": "Point", "coordinates": [ -4.383924675580073, 40.401154025177206 ] } },
{ "type": "Feature", "properties": { "fid": 17, "id": 16, "nombre": "Techo de la cornicabra", "modalidad": "Simple", "descripcio": null, "variante": null, "grado1": "5a", "long1": 10, "exp1": 4, "grado2": null, "long2": null, "exp2": null, "grado3": null, "long3": null, "exp3": null, "grado4": null, "long4": null, "exp4": null, "grado5": null, "long5": null, "exp5": null, "sector": "Romería", "x": -4.3838827803005538, "y": 40.40114836365295, "union": null }, "geometry": { "type": "Point", "coordinates": [ -4.383882780300554, 40.40114836365295 ] } },
{ "type": "Feature", "properties": { "fid": 30, "id": 17, "nombre": "Arrea", "modalidad": "Simple", "descripcio": null, "variante": null, "grado1": "5c", "long1": 8, "exp1": 4, "grado2": null, "long2": null, "exp2": null, "grado3": null, "long3": null, "exp3": null, "grado4": null, "long4": null, "exp4": null, "grado5": null, "long5": null, "exp5": null, "sector": "Barrio Sésamo", "x": -4.3825263535167114, "y": 40.401935513082826, "union": null }, "geometry": { "type": "Point", "coordinates": [ -4.382526353516711, 40.401935513082826 ] } },
{ "type": "Feature", "properties": { "fid": 31, "id": 18, "nombre": "Llorona", "modalidad": "Simple", "descripcio": null, "variante": null, "grado1": "6a+", "long1": 8, "exp1": 4, "grado2": null, "long2": null, "exp2": null, "grado3": null, "long3": null, "exp3": null, "grado4": null, "long4": null, "exp4": null, "grado5": null, "long5": null, "exp5": null, "sector": "Barrio Sésamo", "x": -4.3825521775701093, "y": 40.401907656172241, "union": null }, "geometry": { "type": "Point", "coordinates": [ -4.382552177570109, 40.401907656172241 ] } },
{ "type": "Feature", "properties": { "fid": 32, "id": 19, "nombre": "La lagartija Pucelana", "modalidad": "Simple", "descripcio": null, "variante": null, "grado1": "6a", "long1": 8, "exp1": 4, "grado2": null, "long2": null, "exp2": null, "grado3": null, "long3": null, "exp3": null, "grado4": null, "long4": null, "exp4": null, "grado5": null, "long5": null, "exp5": null, "sector": "Barrio Sésamo", "x": -4.382576855479182, "y": 40.40188262758889, "union": null }, "geometry": { "type": "Point", "coordinates": [ -4.382576855479182, 40.40188262758889 ] } },
{ "type": "Feature", "properties": { "fid": 33, "id": 20, "nombre": "Las Tortugas Pinches", "modalidad": "Simple", "descripcio": null, "variante": null, "grado1": "6a", "long1": 8, "exp1": 3, "grado2": null, "long2": null, "exp2": null, "grado3": null, "long3": null, "exp3": null, "grado4": null, "long4": null, "exp4": null, "grado5": null, "long5": null, "exp5": null, "sector": "Barrio Sésamo", "x": -4.382603066103882, "y": 40.401861912674867, "union": null }, "geometry": { "type": "Point", "coordinates": [ -4.382603066103882, 40.401861912674867 ] } },
{ "type": "Feature", "properties": { "fid": 34, "id": 21, "nombre": "Sopa de garrapatas", "modalidad": "Simple", "descripcio": null, "variante": null, "grado1": "6a+", "long1": 8, "exp1": 4, "grado2": null, "long2": null, "exp2": null, "grado3": null, "long3": null, "exp3": null, "grado4": null, "long4": null, "exp4": null, "grado5": null, "long5": null, "exp5": null, "sector": "Barrio Sésamo", "x": -4.3826224886486687, "y": 40.401839665045216, "union": null }, "geometry": { "type": "Point", "coordinates": [ -4.382622488648669, 40.401839665045216 ] } },
{ "type": "Feature", "properties": { "fid": 35, "id": 22, "nombre": "El poli juguetón", "modalidad": "Simple", "descripcio": null, "variante": null, "grado1": "6a", "long1": 8, "exp1": 3, "grado2": null, "long2": null, "exp2": null, "grado3": null, "long3": null, "exp3": null, "grado4": null, "long4": null, "exp4": null, "grado5": null, "long5": null, "exp5": null, "sector": "Barrio Sésamo", "x": -4.3826511736839491, "y": 40.401801060302034, "union": null }, "geometry": { "type": "Point", "coordinates": [ -4.382651173683949, 40.401801060302034 ] } },
{ "type": "Feature", "properties": { "fid": 36, "id": 23, "nombre": "Mamá, soy técnico!", "modalidad": "Simple", "descripcio": null, "variante": null, "grado1": "6b", "long1": 8, "exp1": 3, "grado2": null, "long2": null, "exp2": null, "grado3": null, "long3": null, "exp3": null, "grado4": null, "long4": null, "exp4": null, "grado5": null, "long5": null, "exp5": null, "sector": "Barrio Sésamo", "x": -4.3826752164411946, "y": 40.401769550181903, "union": null }, "geometry": { "type": "Point", "coordinates": [ -4.382675216441195, 40.401769550181903 ] } },
{ "type": "Feature", "properties": { "fid": 37, "id": 24, "nombre": "Rocas movedizas", "modalidad": "Simple", "descripcio": null, "variante": null, "grado1": "6b", "long1": 8, "exp1": 3, "grado2": null, "long2": null, "exp2": null, "grado3": null, "long3": null, "exp3": null, "grado4": null, "long4": null, "exp4": null, "grado5": null, "long5": null, "exp5": null, "sector": "Barrio Sésamo", "x": -4.3827042080196001, "y": 40.40173125198185, "union": null }, "geometry": { "type": "Point", "coordinates": [ -4.3827042080196, 40.40173125198185 ] } },
{ "type": "Feature", "properties": { "fid": 38, "id": 25, "nombre": "Yucalcari Free", "modalidad": "Simple", "descripcio": null, "variante": null, "grado1": "5a", "long1": 8, "exp1": 5, "grado2": null, "long2": null, "exp2": null, "grado3": null, "long3": null, "exp3": null, "grado4": null, "long4": null, "exp4": null, "grado5": null, "long5": null, "exp5": null, "sector": "Barrio Sésamo", "x": -4.3827192506983232, "y": 40.401695450257961, "union": null }, "geometry": { "type": "Point", "coordinates": [ -4.382719250698323, 40.401695450257961 ] } },
{ "type": "Feature", "properties": { "fid": 39, "id": 26, "nombre": "Indiana Jones", "modalidad": "Simple", "descripcio": null, "variante": null, "grado1": "4c", "long1": 8, "exp1": 4, "grado2": null, "long2": null, "exp2": null, "grado3": null, "long3": null, "exp3": null, "grado4": null, "long4": null, "exp4": null, "grado5": null, "long5": null, "exp5": null, "sector": "Barrio Sésamo", "x": -4.382717673851543, "y": 40.401655290733572, "union": null }, "geometry": { "type": "Point", "coordinates": [ -4.382717673851543, 40.401655290733572 ] } },
{ "type": "Feature", "properties": { "fid": 40, "id": 27, "nombre": "Sopa de orugas", "modalidad": "Simple", "descripcio": null, "variante": null, "grado1": "4c", "long1": 8, "exp1": 4, "grado2": null, "long2": null, "exp2": null, "grado3": null, "long3": null, "exp3": null, "grado4": null, "long4": null, "exp4": null, "grado5": null, "long5": null, "exp5": null, "sector": "Barrio Sésamo", "x": -4.3827525338804856, "y": 40.401604642546204, "union": null }, "geometry": { "type": "Point", "coordinates": [ -4.382752533880486, 40.401604642546204 ] } },
{ "type": "Feature", "properties": { "fid": 41, "id": 28, "nombre": "Epi y Blas", "modalidad": "Simple", "descripcio": null, "variante": null, "grado1": "4a", "long1": 8, "exp1": 2, "grado2": null, "long2": null, "exp2": null, "grado3": null, "long3": null, "exp3": null, "grado4": null, "long4": null, "exp4": null, "grado5": null, "long5": null, "exp5": null, "sector": "Barrio Sésamo", "x": -4.3827707081871932, "y": 40.401556162226271, "union": null }, "geometry": { "type": "Point", "coordinates": [ -4.382770708187193, 40.401556162226271 ] } },
{ "type": "Feature", "properties": { "fid": 42, "id": 29, "nombre": "En busca del sentido", "modalidad": "Simple", "descripcio": null, "variante": null, "grado1": "7b+", "long1": 8, "exp1": 5, "grado2": null, "long2": null, "exp2": null, "grado3": null, "long3": null, "exp3": null, "grado4": null, "long4": null, "exp4": null, "grado5": null, "long5": null, "exp5": null, "sector": "Mirador Romántico", "x": -4.3823905597289192, "y": 40.401069465810977, "union": null }, "geometry": { "type": "Point", "coordinates": [ -4.382390559728919, 40.401069465810977 ] } },
{ "type": "Feature", "properties": { "fid": 43, "id": 30, "nombre": "Odisea 2002", "modalidad": "Simple", "descripcio": null, "variante": null, "grado1": "7b+", "long1": 8, "exp1": 4, "grado2": null, "long2": null, "exp2": null, "grado3": null, "long3": null, "exp3": null, "grado4": null, "long4": null, "exp4": null, "grado5": null, "long5": null, "exp5": null, "sector": "Mirador Romántico", "x": -4.382376933099513, "y": 40.401059555535042, "union": null }, "geometry": { "type": "Point", "coordinates": [ -4.382376933099513, 40.401059555535042 ] } },
{ "type": "Feature", "properties": { "fid": 44, "id": 31, "nombre": "El valor de la humanildad", "modalidad": "Simple", "descripcio": null, "variante": null, "grado1": "6a+", "long1": 8, "exp1": 4, "grado2": null, "long2": null, "exp2": null, "grado3": null, "long3": null, "exp3": null, "grado4": null, "long4": null, "exp4": null, "grado5": null, "long5": null, "exp5": null, "sector": "Mirador Romántico", "x": -4.3823608289011231, "y": 40.401049645259107, "union": null }, "geometry": { "type": "Point", "coordinates": [ -4.382360828901123, 40.401049645259107 ] } },
{ "type": "Feature", "properties": { "fid": 45, "id": 32, "nombre": "Equivocación inminente", "modalidad": "Simple", "descripcio": null, "variante": null, "grado1": "5c", "long1": 8, "exp1": 4, "grado2": null, "long2": null, "exp2": null, "grado3": null, "long3": null, "exp3": null, "grado4": null, "long4": null, "exp4": null, "grado5": null, "long5": null, "exp5": null, "sector": "Mirador Romántico", "x": -4.3824450662465484, "y": 40.400962930344697, "union": null }, "geometry": { "type": "Point", "coordinates": [ -4.382445066246548, 40.400962930344697 ] } },
{ "type": "Feature", "properties": { "fid": 46, "id": 33, "nombre": "Estas principiantas me molan", "modalidad": "Simple", "descripcio": null, "variante": null, "grado1": "5a", "long1": 8, "exp1": 4, "grado2": null, "long2": null, "exp2": null, "grado3": null, "long3": null, "exp3": null, "grado4": null, "long4": null, "exp4": null, "grado5": null, "long5": null, "exp5": null, "sector": "Mirador Romántico", "x": -4.3824128578497694, "y": 40.400945587361818, "union": null }, "geometry": { "type": "Point", "coordinates": [ -4.382412857849769, 40.400945587361818 ] } },
{ "type": "Feature", "properties": { "fid": 47, "id": 34, "nombre": "Lijando mis dedos", "modalidad": "Simple", "descripcio": null, "variante": null, "grado1": "5c", "long1": 6, "exp1": 4, "grado2": null, "long2": null, "exp2": null, "grado3": null, "long3": null, "exp3": null, "grado4": null, "long4": null, "exp4": null, "grado5": null, "long5": null, "exp5": null, "sector": "Mirador Romántico", "x": -4.3823806494529887, "y": 40.400925766809955, "union": null }, "geometry": { "type": "Point", "coordinates": [ -4.382380649452989, 40.400925766809955 ] } },
{ "type": "Feature", "properties": { "fid": 48, "id": 35, "nombre": "Desconocida", "modalidad": "Simple", "descripcio": null, "variante": null, "grado1": null, "long1": 8, "exp1": null, "grado2": null, "long2": null, "exp2": null, "grado3": null, "long3": null, "exp3": null, "grado4": null, "long4": null, "exp4": null, "grado5": null, "long5": null, "exp5": null, "sector": "Mirador Romántico", "x": -4.3824202905567189, "y": 40.401021153215808, "union": null }, "geometry": { "type": "Point", "coordinates": [ -4.382420290556719, 40.401021153215808 ] } },
{ "type": "Feature", "properties": { "fid": 49, "id": 36, "nombre": "La regleta maldita", "modalidad": "Simple", "descripcio": null, "variante": null, "grado1": "6c+", "long1": 8, "exp1": 4, "grado2": null, "long2": null, "exp2": null, "grado3": null, "long3": null, "exp3": null, "grado4": null, "long4": null, "exp4": null, "grado5": null, "long5": null, "exp5": null, "sector": "Mirador Romántico", "x": -4.3824165742032442, "y": 40.401007526586397, "union": null }, "geometry": { "type": "Point", "coordinates": [ -4.382416574203244, 40.401007526586397 ] } },
{ "type": "Feature", "properties": { "fid": 50, "id": 37, "nombre": "Por los voluntarios del Chapapote", "modalidad": "Simple", "descripcio": null, "variante": null, "grado1": "6a", "long1": 15, "exp1": 6, "grado2": null, "long2": null, "exp2": null, "grado3": null, "long3": null, "exp3": null, "grado4": null, "long4": null, "exp4": null, "grado5": null, "long5": null, "exp5": null, "sector": "Mirador Romántico", "x": -4.3823992312203623, "y": 40.400995138741486, "union": null }, "geometry": { "type": "Point", "coordinates": [ -4.382399231220362, 40.400995138741486 ] } },
{ "type": "Feature", "properties": { "fid": 51, "id": 38, "nombre": "Campesino ecuánime", "modalidad": "Simple", "descripcio": null, "variante": null, "grado1": "6a", "long1": 8, "exp1": 3, "grado2": null, "long2": null, "exp2": null, "grado3": null, "long3": null, "exp3": null, "grado4": null, "long4": null, "exp4": null, "grado5": null, "long5": null, "exp5": null, "sector": "Mirador Romántico", "x": -4.3823856045909553, "y": 40.400986467250043, "union": null }, "geometry": { "type": "Point", "coordinates": [ -4.382385604590955, 40.400986467250043 ] } },
{ "type": "Feature", "properties": { "fid": 52, "id": 39, "nombre": "Rapa Nuí", "modalidad": "Simple", "descripcio": null, "variante": null, "grado1": "6a+", "long1": 15, "exp1": 6, "grado2": null, "long2": null, "exp2": null, "grado3": null, "long3": null, "exp3": null, "grado4": null, "long4": null, "exp4": null, "grado5": null, "long5": null, "exp5": null, "sector": "Mirador Romántico", "x": -4.3823744555305311, "y": 40.400976556974115, "union": null }, "geometry": { "type": "Point", "coordinates": [ -4.382374455530531, 40.400976556974115 ] } },
{ "type": "Feature", "properties": { "fid": 53, "id": 40, "nombre": "Cerezas garrapiñadas", "modalidad": "Simple", "descripcio": null, "variante": null, "grado1": "6c", "long1": 12, "exp1": 4, "grado2": null, "long2": null, "exp2": null, "grado3": null, "long3": null, "exp3": null, "grado4": null, "long4": null, "exp4": null, "grado5": null, "long5": null, "exp5": null, "sector": "Mirador Romántico", "x": -4.382359590116633, "y": 40.400969124267156, "union": null }, "geometry": { "type": "Point", "coordinates": [ -4.382359590116633, 40.400969124267156 ] } },
{ "type": "Feature", "properties": { "fid": 54, "id": 41, "nombre": "Murió con el cepillo en la mano", "modalidad": "Simple", "descripcio": null, "variante": null, "grado1": "6a+", "long1": 12, "exp1": 4, "grado2": null, "long2": null, "exp2": null, "grado3": null, "long3": null, "exp3": null, "grado4": null, "long4": null, "exp4": null, "grado5": null, "long5": null, "exp5": null, "sector": "Mirador Romántico", "x": -4.3823348144268026, "y": 40.400956736422245, "union": null }, "geometry": { "type": "Point", "coordinates": [ -4.382334814426803, 40.400956736422245 ] } },
{ "type": "Feature", "properties": { "fid": 55, "id": 42, "nombre": "Chapulin colorado", "modalidad": "Simple", "descripcio": null, "variante": null, "grado1": "6a", "long1": 8, "exp1": 3, "grado2": null, "long2": null, "exp2": null, "grado3": null, "long3": null, "exp3": null, "grado4": null, "long4": null, "exp4": null, "grado5": null, "long5": null, "exp5": null, "sector": "Mirador Romántico", "x": -4.3823125163059542, "y": 40.400939393439359, "union": null }, "geometry": { "type": "Point", "coordinates": [ -4.382312516305954, 40.400939393439359 ] } },
{ "type": "Feature", "properties": { "fid": 56, "id": 43, "nombre": "Cerezas al marrasquino", "modalidad": "Simple", "descripcio": null, "variante": null, "grado1": "5c", "long1": 10, "exp1": 4, "grado2": null, "long2": null, "exp2": null, "grado3": null, "long3": null, "exp3": null, "grado4": null, "long4": null, "exp4": null, "grado5": null, "long5": null, "exp5": null, "sector": "Mirador Romántico", "x": -4.3822926957540904, "y": 40.400924528025463, "union": null }, "geometry": { "type": "Point", "coordinates": [ -4.38229269575409, 40.400924528025463 ] } },
{ "type": "Feature", "properties": { "fid": 57, "id": 44, "nombre": "Bailando con romos", "modalidad": "Simple", "descripcio": null, "variante": null, "grado1": "6a", "long1": 10, "exp1": 4, "grado2": null, "long2": null, "exp2": null, "grado3": null, "long3": null, "exp3": null, "grado4": null, "long4": null, "exp4": null, "grado5": null, "long5": null, "exp5": null, "sector": "Mirador Romántico", "x": -4.3822778303401906, "y": 40.400920811671988, "union": null }, "geometry": { "type": "Point", "coordinates": [ -4.382277830340191, 40.400920811671988 ] } },
{ "type": "Feature", "properties": { "fid": 58, "id": 45, "nombre": "Los escalones", "modalidad": "Simple", "descripcio": null, "variante": null, "grado1": "5a", "long1": 10, "exp1": 4, "grado2": null, "long2": null, "exp2": null, "grado3": null, "long3": null, "exp3": null, "grado4": null, "long4": null, "exp4": null, "grado5": null, "long5": null, "exp5": null, "sector": "Mirador Romántico", "x": -4.3822580097883277, "y": 40.400911520788306, "union": null }, "geometry": { "type": "Point", "coordinates": [ -4.382258009788328, 40.400911520788306 ] } },
{ "type": "Feature", "properties": { "fid": 59, "id": 46, "nombre": "El hombre de la libreta", "modalidad": "Simple", "descripcio": null, "variante": null, "grado1": "5c", "long1": null, "exp1": 5, "grado2": null, "long2": null, "exp2": null, "grado3": null, "long3": null, "exp3": null, "grado4": null, "long4": null, "exp4": null, "grado5": null, "long5": null, "exp5": null, "sector": "Mirador Romántico", "x": -4.3823459634872259, "y": 40.400896655374403, "union": null }, "geometry": { "type": "Point", "coordinates": [ -4.382345963487226, 40.400896655374403 ] } },
{ "type": "Feature", "properties": { "fid": 60, "id": 47, "nombre": "Libertas asintótica", "modalidad": "Simple", "descripcio": null, "variante": null, "grado1": "6b", "long1": 18, "exp1": 7, "grado2": null, "long2": null, "exp2": null, "grado3": null, "long3": null, "exp3": null, "grado4": null, "long4": null, "exp4": null, "grado5": null, "long5": null, "exp5": null, "sector": "Mirador Romántico", "x": -4.3823335756423107, "y": 40.400889222667459, "union": null }, "geometry": { "type": "Point", "coordinates": [ -4.382333575642311, 40.400889222667459 ] } },
{ "type": "Feature", "properties": { "fid": 61, "id": 48, "nombre": "Espolón Walquer", "modalidad": "Simple", "descripcio": null, "variante": null, "grado1": "6a+", "long1": 18, "exp1": 8, "grado2": null, "long2": null, "exp2": null, "grado3": null, "long3": null, "exp3": null, "grado4": null, "long4": null, "exp4": null, "grado5": null, "long5": null, "exp5": null, "sector": "Mirador Romántico", "x": -4.3823236653663784, "y": 40.400884267529491, "union": null }, "geometry": { "type": "Point", "coordinates": [ -4.382323665366378, 40.400884267529491 ] } },
{ "type": "Feature", "properties": { "fid": 62, "id": 49, "nombre": "Anónima", "modalidad": "Simple", "descripcio": null, "variante": "SI", "grado1": "6b+", "long1": 18, "exp1": 7, "grado2": null, "long2": null, "exp2": null, "grado3": null, "long3": null, "exp3": null, "grado4": null, "long4": null, "exp4": null, "grado5": null, "long5": null, "exp5": null, "sector": "Mirador Romántico", "x": -4.3823125163059551, "y": 40.400878073607039, "union": "49_50" }, "geometry": { "type": "Point", "coordinates": [ -4.382312516305955, 40.400878073607039 ] } },
{ "type": "Feature", "properties": { "fid": 63, "id": 51, "nombre": "anónima", "modalidad": "Simple", "descripcio": null, "variante": null, "grado1": "6c", "long1": 18, "exp1": 8, "grado2": null, "long2": null, "exp2": null, "grado3": null, "long3": null, "exp3": null, "grado4": null, "long4": null, "exp4": null, "grado5": null, "long5": null, "exp5": null, "sector": "Mirador Romántico", "x": -4.3822926957540904, "y": 40.40087187968458, "union": null }, "geometry": { "type": "Point", "coordinates": [ -4.38229269575409, 40.40087187968458 ] } },
{ "type": "Feature", "properties": { "fid": 64, "id": 52, "nombre": "De lo pequeño a lo grande", "modalidad": "Simple", "descripcio": null, "variante": null, "grado1": "6c", "long1": 18, "exp1": 7, "grado2": null, "long2": null, "exp2": null, "grado3": null, "long3": null, "exp3": null, "grado4": null, "long4": null, "exp4": null, "grado5": null, "long5": null, "exp5": null, "sector": "Mirador Romántico", "x": -4.3822815466936671, "y": 40.400870640900088, "union": null }, "geometry": { "type": "Point", "coordinates": [ -4.382281546693667, 40.400870640900088 ] } },
{ "type": "Feature", "properties": { "fid": 65, "id": 53, "nombre": "Indagadores de la introspección", "modalidad": "Multilargo", "descripcio": null, "variante": null, "grado1": "6a+", "long1": 20, "exp1": 10, "grado2": "3a", "long2": 5, "exp2": null, "grado3": "6a", "long3": 5, "exp3": null, "grado4": "4a", "long4": 20, "exp4": null, "grado5": null, "long5": null, "exp5": null, "sector": "Mirador Romántico", "x": -4.3822592485728196, "y": 40.400859491839661, "union": null }, "geometry": { "type": "Point", "coordinates": [ -4.38225924857282, 40.400859491839661 ] } },
{ "type": "Feature", "properties": { "fid": 66, "id": 54, "nombre": "El cepillar se va a acabar", "modalidad": "Simple", "descripcio": null, "variante": null, "grado1": "6b+", "long1": 20, "exp1": 11, "grado2": null, "long2": null, "exp2": null, "grado3": null, "long3": null, "exp3": null, "grado4": null, "long4": null, "exp4": null, "grado5": null, "long5": null, "exp5": null, "sector": "Mirador Romántico", "x": -4.3822431443744296, "y": 40.40085205913271, "union": null }, "geometry": { "type": "Point", "coordinates": [ -4.38224314437443, 40.40085205913271 ] } },
{ "type": "Feature", "properties": { "fid": 67, "id": 55, "nombre": "Entablíllate los dedos", "modalidad": "Simple", "descripcio": null, "variante": null, "grado1": "6b", "long1": 20, "exp1": 10, "grado2": null, "long2": null, "exp2": null, "grado3": null, "long3": null, "exp3": null, "grado4": null, "long4": null, "exp4": null, "grado5": null, "long5": null, "exp5": null, "sector": "Mirador Romántico", "x": -4.3822307565295144, "y": 40.400845865210258, "union": null }, "geometry": { "type": "Point", "coordinates": [ -4.382230756529514, 40.400845865210258 ] } },
{ "type": "Feature", "properties": { "fid": 68, "id": 56, "nombre": "Vaya raja más colorada", "modalidad": "Simple", "descripcio": null, "variante": null, "grado1": "6a", "long1": 16, "exp1": 8, "grado2": null, "long2": null, "exp2": null, "grado3": null, "long3": null, "exp3": null, "grado4": null, "long4": null, "exp4": null, "grado5": null, "long5": null, "exp5": null, "sector": "Mirador Romántico", "x": -4.3822134135466326, "y": 40.40084091007229, "union": null }, "geometry": { "type": "Point", "coordinates": [ -4.382213413546633, 40.40084091007229 ] } },
{ "type": "Feature", "properties": { "fid": 69, "id": 57, "nombre": "A tomar por culo las gafas", "modalidad": "Simple", "descripcio": null, "variante": null, "grado1": "5c", "long1": 16, "exp1": 7, "grado2": null, "long2": null, "exp2": null, "grado3": null, "long3": null, "exp3": null, "grado4": null, "long4": null, "exp4": null, "grado5": null, "long5": null, "exp5": null, "sector": "Mirador Romántico", "x": -4.3821960705637508, "y": 40.400832238580847, "union": null }, "geometry": { "type": "Point", "coordinates": [ -4.382196070563751, 40.400832238580847 ] } },
{ "type": "Feature", "properties": { "fid": 70, "id": 58, "nombre": "El clan de los espeleomataos", "modalidad": "Simple", "descripcio": null, "variante": null, "grado1": "4a", "long1": 20, "exp1": 9, "grado2": null, "long2": null, "exp2": null, "grado3": null, "long3": null, "exp3": null, "grado4": null, "long4": null, "exp4": null, "grado5": null, "long5": null, "exp5": null, "sector": "Mirador Romántico", "x": -4.3821750112273952, "y": 40.400819850735935, "union": null }, "geometry": { "type": "Point", "coordinates": [ -4.382175011227395, 40.400819850735935 ] } },
{ "type": "Feature", "properties": { "fid": 71, "id": 59, "nombre": "Miguelón el campeón", "modalidad": "Simple", "descripcio": null, "variante": null, "grado1": "5a", "long1": 10, "exp1": 2, "grado2": null, "long2": null, "exp2": null, "grado3": null, "long3": null, "exp3": null, "grado4": null, "long4": null, "exp4": null, "grado5": null, "long5": null, "exp5": null, "sector": "Mirador Romántico", "x": -4.3822604873573114, "y": 40.400990802995764, "union": null }, "geometry": { "type": "Point", "coordinates": [ -4.382260487357311, 40.400990802995764 ] } },
{ "type": "Feature", "properties": { "fid": 72, "id": 60, "nombre": "Bacachanclismo", "modalidad": "Simple", "descripcio": null, "variante": null, "grado1": "4c", "long1": 10, "exp1": 3, "grado2": null, "long2": null, "exp2": null, "grado3": null, "long3": null, "exp3": null, "grado4": null, "long4": null, "exp4": null, "grado5": null, "long5": null, "exp5": null, "sector": "Mirador Romántico", "x": -4.3822493382968872, "y": 40.400983370288813, "union": null }, "geometry": { "type": "Point", "coordinates": [ -4.382249338296887, 40.400983370288813 ] } },
{ "type": "Feature", "properties": { "fid": 73, "id": 61, "nombre": "Brainstorm", "modalidad": "Simple", "descripcio": null, "variante": null, "grado1": "5c", "long1": 10, "exp1": 3, "grado2": null, "long2": null, "exp2": null, "grado3": null, "long3": null, "exp3": null, "grado4": null, "long4": null, "exp4": null, "grado5": null, "long5": null, "exp5": null, "sector": "Mirador Romántico", "x": -4.3822394280209549, "y": 40.400978415150846, "union": null }, "geometry": { "type": "Point", "coordinates": [ -4.382239428020955, 40.400978415150846 ] } },
{ "type": "Feature", "properties": { "fid": 74, "id": 62, "nombre": "Requesón manchego", "modalidad": "Multilargo", "descripcio": null, "variante": "SI", "grado1": "5c", "long1": 25, "exp1": 8, "grado2": null, "long2": null, "exp2": null, "grado3": null, "long3": null, "exp3": null, "grado4": null, "long4": null, "exp4": null, "grado5": null, "long5": null, "exp5": null, "sector": "Mirador Romántico", "x": -4.382193592994768, "y": 40.400900371727886, "union": null }, "geometry": { "type": "Point", "coordinates": [ -4.382193592994768, 40.400900371727886 ] } },
{ "type": "Feature", "properties": { "fid": 75, "id": 63, "nombre": "Mejor que Hugo Sánchez", "modalidad": "Simple", "descripcio": null, "variante": "SI", "grado1": "6a", "long1": 25, "exp1": 9, "grado2": null, "long2": null, "exp2": null, "grado3": null, "long3": null, "exp3": null, "grado4": null, "long4": null, "exp4": null, "grado5": null, "long5": null, "exp5": null, "sector": "Mirador Romántico", "x": -4.3821849215033284, "y": 40.400894177805426, "union": "63_64_294_295_296" }, "geometry": { "type": "Point", "coordinates": [ -4.382184921503328, 40.400894177805426 ] } },
{ "type": "Feature", "properties": { "fid": 76, "id": 64, "nombre": "Aire que sale humo", "modalidad": "Simple", "descripcio": null, "variante": "SI", "grado1": "5c", "long1": 30, "exp1": 12, "grado2": null, "long2": null, "exp2": null, "grado3": null, "long3": null, "exp3": null, "grado4": null, "long4": null, "exp4": null, "grado5": null, "long5": null, "exp5": null, "sector": "Mirador Romántico", "x": -4.3821663397359547, "y": 40.400885506313983, "union": "63_64_294_295_296" }, "geometry": { "type": "Point", "coordinates": [ -4.382166339735955, 40.400885506313983 ] } },
{ "type": "Feature", "properties": { "fid": 77, "id": 65, "nombre": "Prensa ibráulica", "modalidad": "Simple", "descripcio": null, "variante": null, "grado1": "7b+", "long1": 22, "exp1": 8, "grado2": null, "long2": null, "exp2": null, "grado3": null, "long3": null, "exp3": null, "grado4": null, "long4": null, "exp4": null, "grado5": null, "long5": null, "exp5": null, "sector": "Callejón", "x": -4.3810267829739669, "y": 40.400948042895067, "union": null }, "geometry": { "type": "Point", "coordinates": [ -4.381026782973967, 40.400948042895067 ] } },
{ "type": "Feature", "properties": { "fid": 78, "id": 66, "nombre": "Estrechando lazos", "modalidad": "Simple", "descripcio": null, "variante": null, "grado1": "7c", "long1": 20, "exp1": 9, "grado2": null, "long2": null, "exp2": null, "grado3": null, "long3": null, "exp3": null, "grado4": null, "long4": null, "exp4": null, "grado5": null, "long5": null, "exp5": null, "sector": "Callejón", "x": -4.3809913131834222, "y": 40.400960203966115, "union": null }, "geometry": { "type": "Point", "coordinates": [ -4.380991313183422, 40.400960203966115 ] } },
{ "type": "Feature", "properties": { "fid": 79, "id": 67, "nombre": "Los misterios de Valeria", "modalidad": "Simple", "descripcio": null, "variante": null, "grado1": "7c", "long1": 20, "exp1": 8, "grado2": null, "long2": null, "exp2": null, "grado3": null, "long3": null, "exp3": null, "grado4": null, "long4": null, "exp4": null, "grado5": null, "long5": null, "exp5": null, "sector": "Callejón", "x": -4.3809578702380518, "y": 40.400972365037155, "union": null }, "geometry": { "type": "Point", "coordinates": [ -4.380957870238052, 40.400972365037155 ] } },
{ "type": "Feature", "properties": { "fid": 80, "id": 68, "nombre": "Elevando los sentimientos", "modalidad": "Simple", "descripcio": null, "variante": "SI", "grado1": "7b", "long1": 20, "exp1": 9, "grado2": null, "long2": null, "exp2": null, "grado3": null, "long3": null, "exp3": null, "grado4": null, "long4": null, "exp4": null, "grado5": null, "long5": null, "exp5": null, "sector": "Callejón", "x": -4.380936588363725, "y": 40.400983512685613, "union": "68_69" }, "geometry": { "type": "Point", "coordinates": [ -4.380936588363725, 40.400983512685613 ] } },
{ "type": "Feature", "properties": { "fid": 81, "id": 69, "nombre": "Glovalización alienígena", "modalidad": "Simple", "descripcio": null, "variante": "SI", "grado1": "8a", "long1": 20, "exp1": 10, "grado2": null, "long2": null, "exp2": null, "grado3": null, "long3": null, "exp3": null, "grado4": null, "long4": null, "exp4": null, "grado5": null, "long5": null, "exp5": null, "sector": "Callejón", "x": -4.380919360179746, "y": 40.400996687179244, "union": "68_69" }, "geometry": { "type": "Point", "coordinates": [ -4.380919360179746, 40.400996687179244 ] } },
{ "type": "Feature", "properties": { "fid": 82, "id": 70, "nombre": "La panza de Sancho", "modalidad": "Simple", "descripcio": null, "variante": null, "grado1": "7b", "long1": 20, "exp1": 10, "grado2": null, "long2": null, "exp2": null, "grado3": null, "long3": null, "exp3": null, "grado4": null, "long4": null, "exp4": null, "grado5": null, "long5": null, "exp5": null, "sector": "Callejón", "x": -4.3809031454183538, "y": 40.401006821405112, "union": null }, "geometry": { "type": "Point", "coordinates": [ -4.380903145418354, 40.401006821405112 ] } },
{ "type": "Feature", "properties": { "fid": 83, "id": 71, "nombre": "Propósito de inociudad", "modalidad": "Simple", "descripcio": null, "variante": null, "grado1": "8a", "long1": 20, "exp1": 10, "grado2": null, "long2": null, "exp2": null, "grado3": null, "long3": null, "exp3": null, "grado4": null, "long4": null, "exp4": null, "grado5": null, "long5": null, "exp5": null, "sector": "Callejón", "x": -4.3808899709247244, "y": 40.40101898247616, "union": null }, "geometry": { "type": "Point", "coordinates": [ -4.380889970924724, 40.40101898247616 ] } },
{ "type": "Feature", "properties": { "fid": 84, "id": 72, "nombre": "Julia", "modalidad": "Simple", "descripcio": null, "variante": null, "grado1": "7b+", "long1": 20, "exp1": 10, "grado2": null, "long2": null, "exp2": null, "grado3": null, "long3": null, "exp3": null, "grado4": null, "long4": null, "exp4": null, "grado5": null, "long5": null, "exp5": null, "sector": "Callejón", "x": -4.3808707158955702, "y": 40.401027089856854, "union": null }, "geometry": { "type": "Point", "coordinates": [ -4.38087071589557, 40.401027089856854 ] } },
{ "type": "Feature", "properties": { "fid": 85, "id": 73, "nombre": "En busca de la ñapa perdida", "modalidad": "Simple", "descripcio": null, "variante": null, "grado1": "8a+", "long1": 15, "exp1": 8, "grado2": null, "long2": null, "exp2": null, "grado3": null, "long3": null, "exp3": null, "grado4": null, "long4": null, "exp4": null, "grado5": null, "long5": null, "exp5": null, "sector": "Callejón", "x": -4.3808514608664177, "y": 40.401039250927894, "union": null }, "geometry": { "type": "Point", "coordinates": [ -4.380851460866418, 40.401039250927894 ] } },
{ "type": "Feature", "properties": { "fid": 86, "id": 74, "nombre": "Arcadia", "modalidad": "Simple", "descripcio": null, "variante": null, "grado1": "7c", "long1": 12, "exp1": 5, "grado2": null, "long2": null, "exp2": null, "grado3": null, "long3": null, "exp3": null, "grado4": null, "long4": null, "exp4": null, "grado5": null, "long5": null, "exp5": null, "sector": "Callejón", "x": -4.3808382863727866, "y": 40.401051411998942, "union": null }, "geometry": { "type": "Point", "coordinates": [ -4.380838286372787, 40.401051411998942 ] } },
{ "type": "Feature", "properties": { "fid": 87, "id": 75, "nombre": "Volando entre ñapas", "modalidad": "Simple", "descripcio": null, "variante": null, "grado1": "7b+", "long1": 12, "exp1": 5, "grado2": null, "long2": null, "exp2": null, "grado3": null, "long3": null, "exp3": null, "grado4": null, "long4": null, "exp4": null, "grado5": null, "long5": null, "exp5": null, "sector": "Callejón", "x": -4.380823085033982, "y": 40.40106864018292, "union": null }, "geometry": { "type": "Point", "coordinates": [ -4.380823085033982, 40.40106864018292 ] } },
{ "type": "Feature", "properties": { "fid": 88, "id": 76, "nombre": "Portal de entrada", "modalidad": "Simple", "descripcio": null, "variante": null, "grado1": "6b", "long1": 10, "exp1": 4, "grado2": null, "long2": null, "exp2": null, "grado3": null, "long3": null, "exp3": null, "grado4": null, "long4": null, "exp4": null, "grado5": null, "long5": null, "exp5": null, "sector": "Callejón", "x": -4.3808119373855252, "y": 40.401098029437939, "union": null }, "geometry": { "type": "Point", "coordinates": [ -4.380811937385525, 40.401098029437939 ] } },
{ "type": "Feature", "properties": { "fid": 89, "id": 77, "nombre": "GusaPanu", "modalidad": "Simple", "descripcio": null, "variante": null, "grado1": "6a", "long1": 28, "exp1": 10, "grado2": null, "long2": null, "exp2": null, "grado3": null, "long3": null, "exp3": null, "grado4": null, "long4": null, "exp4": null, "grado5": null, "long5": null, "exp5": null, "sector": "Callejón", "x": -4.381157514487688, "y": 40.400893318075369, "union": null }, "geometry": { "type": "Point", "coordinates": [ -4.381157514487688, 40.400893318075369 ] } },
{ "type": "Feature", "properties": { "fid": 90, "id": 78, "nombre": "Pataleando", "modalidad": "Multilargo", "descripcio": null, "variante": null, "grado1": "5", "long1": 15, "exp1": 8, "grado2": "5", "long2": 15, "exp2": 8, "grado3": null, "long3": null, "exp3": null, "grado4": null, "long4": null, "exp4": null, "grado5": null, "long5": null, "exp5": null, "sector": "Callejón", "x": -4.3811281252326646, "y": 40.400894331497959, "union": null }, "geometry": { "type": "Point", "coordinates": [ -4.381128125232665, 40.400894331497959 ] } },
{ "type": "Feature", "properties": { "fid": 91, "id": 79, "nombre": "Espabilando", "modalidad": "Simple", "descripcio": null, "variante": null, "grado1": "6b+", "long1": 15, "exp1": 5, "grado2": null, "long2": null, "exp2": null, "grado3": null, "long3": null, "exp3": null, "grado4": null, "long4": null, "exp4": null, "grado5": null, "long5": null, "exp5": null, "sector": "Callejón", "x": -4.3811048165131652, "y": 40.40090142545607, "union": null }, "geometry": { "type": "Point", "coordinates": [ -4.381104816513165, 40.40090142545607 ] } },
{ "type": "Feature", "properties": { "fid": 92, "id": 80, "nombre": "Radio predestinación y pesimismo", "modalidad": "Simple", "descripcio": null, "variante": null, "grado1": null, "long1": 15, "exp1": 4, "grado2": null, "long2": null, "exp2": null, "grado3": null, "long3": null, "exp3": null, "grado4": null, "long4": null, "exp4": null, "grado5": null, "long5": null, "exp5": null, "sector": "Callejón", "x": -4.3810926554421208, "y": 40.40090750599159, "union": null }, "geometry": { "type": "Point", "coordinates": [ -4.381092655442121, 40.40090750599159 ] } },
{ "type": "Feature", "properties": { "fid": 93, "id": 81, "nombre": "Pedaleando", "modalidad": "Simple", "descripcio": null, "variante": "SI", "grado1": "7b", "long1": 25, "exp1": 7, "grado2": null, "long2": null, "exp2": null, "grado3": null, "long3": null, "exp3": null, "grado4": null, "long4": null, "exp4": null, "grado5": null, "long5": null, "exp5": null, "sector": "Callejón", "x": -4.381071373567794, "y": 40.400919667062631, "union": "81_82" }, "geometry": { "type": "Point", "coordinates": [ -4.381071373567794, 40.400919667062631 ] } },
{ "type": "Feature", "properties": { "fid": 94, "id": 82, "nombre": "Corazón de león", "modalidad": "Simple", "descripcio": null, "variante": "SI", "grado1": "7c", "long1": 25, "exp1": 9, "grado2": null, "long2": null, "exp2": null, "grado3": null, "long3": null, "exp3": null, "grado4": null, "long4": null, "exp4": null, "grado5": null, "long5": null, "exp5": null, "sector": "Callejón", "x": -4.3810622527645124, "y": 40.400933854978852, "union": "81_82" }, "geometry": { "type": "Point", "coordinates": [ -4.381062252764512, 40.400933854978852 ] } },
{ "type": "Feature", "properties": { "fid": 95, "id": 83, "nombre": "Fisura erótica", "modalidad": "Clásica mixta", "descripcio": null, "variante": null, "grado1": "5a", "long1": 8, "exp1": 1, "grado2": null, "long2": null, "exp2": null, "grado3": null, "long3": null, "exp3": null, "grado4": null, "long4": null, "exp4": null, "grado5": null, "long5": null, "exp5": null, "sector": "Serpiente", "x": -4.3808291132287378, "y": 40.400954099520028, "union": null }, "geometry": { "type": "Point", "coordinates": [ -4.380829113228738, 40.400954099520028 ] } },
{ "type": "Feature", "properties": { "fid": 96, "id": 84, "nombre": "La Lupe", "modalidad": "Simple", "descripcio": null, "variante": null, "grado1": "6a", "long1": 10, "exp1": null, "grado2": null, "long2": null, "exp2": null, "grado3": null, "long3": null, "exp3": null, "grado4": null, "long4": null, "exp4": null, "grado5": null, "long5": null, "exp5": null, "sector": "Serpiente", "x": -4.3808073442692592, "y": 40.400959282605619, "union": null }, "geometry": { "type": "Point", "coordinates": [ -4.380807344269259, 40.400959282605619 ] } },
{ "type": "Feature", "properties": { "fid": 97, "id": 85, "nombre": "Transgresión domiciliaria", "modalidad": "Simple", "descripcio": null, "variante": "SI", "grado1": "7a", "long1": 20, "exp1": null, "grado2": null, "long2": null, "exp2": null, "grado3": null, "long3": null, "exp3": null, "grado4": null, "long4": null, "exp4": null, "grado5": null, "long5": null, "exp5": null, "sector": "Serpiente", "x": -4.3807876485440156, "y": 40.400965502308317, "union": "85_86" }, "geometry": { "type": "Point", "coordinates": [ -4.380787648544016, 40.400965502308317 ] } },
{ "type": "Feature", "properties": { "fid": 98, "id": 86, "nombre": "Del cenit al nadir", "modalidad": "Simple", "descripcio": null, "variante": "SI", "grado1": "6c", "long1": 20, "exp1": null, "grado2": null, "long2": null, "exp2": null, "grado3": null, "long3": null, "exp3": null, "grado4": null, "long4": null, "exp4": null, "grado5": null, "long5": null, "exp5": null, "sector": "Serpiente", "x": -4.3807736542129234, "y": 40.400975350170938, "union": "85_86" }, "geometry": { "type": "Point", "coordinates": [ -4.380773654212923, 40.400975350170938 ] } },
{ "type": "Feature", "properties": { "fid": 99, "id": 87, "nombre": "Transtorno afectivo compulsivo", "modalidad": "Simple", "descripcio": null, "variante": null, "grado1": "7c", "long1": 20, "exp1": null, "grado2": null, "long2": null, "exp2": null, "grado3": null, "long3": null, "exp3": null, "grado4": null, "long4": null, "exp4": null, "grado5": null, "long5": null, "exp5": null, "sector": "Serpiente", "x": -4.380758623264712, "y": 40.400984679725006, "union": null }, "geometry": { "type": "Point", "coordinates": [ -4.380758623264712, 40.400984679725006 ] } },
{ "type": "Feature", "properties": { "fid": 100, "id": 88, "nombre": "Mari Fe no tienes fé", "modalidad": "Simple", "descripcio": null, "variante": null, "grado1": "6a+", "long1": 15, "exp1": null, "grado2": null, "long2": null, "exp2": null, "grado3": null, "long3": null, "exp3": null, "grado4": null, "long4": null, "exp4": null, "grado5": null, "long5": null, "exp5": null, "sector": "Serpiente", "x": -4.3807420373908226, "y": 40.400991417736272, "union": null }, "geometry": { "type": "Point", "coordinates": [ -4.380742037390823, 40.400991417736272 ] } },
{ "type": "Feature", "properties": { "fid": 101, "id": 89, "nombre": "El secreto está en la fuerza", "modalidad": "Simple", "descripcio": null, "variante": null, "grado1": "7c", "long1": 10, "exp1": null, "grado2": null, "long2": null, "exp2": null, "grado3": null, "long3": null, "exp3": null, "grado4": null, "long4": null, "exp4": null, "grado5": null, "long5": null, "exp5": null, "sector": "Serpiente", "x": -4.3807301162939662, "y": 40.400998674056098, "union": null }, "geometry": { "type": "Point", "coordinates": [ -4.380730116293966, 40.400998674056098 ] } },
{ "type": "Feature", "properties": { "fid": 102, "id": 90, "nombre": "La serpiente", "modalidad": "Simple", "descripcio": null, "variante": null, "grado1": "6c", "long1": 10, "exp1": null, "grado2": null, "long2": null, "exp2": null, "grado3": null, "long3": null, "exp3": null, "grado4": null, "long4": null, "exp4": null, "grado5": null, "long5": null, "exp5": null, "sector": "Serpiente", "x": -4.3807162314482762, "y": 40.401014330468797, "union": null }, "geometry": { "type": "Point", "coordinates": [ -4.380716231448276, 40.401014330468797 ] } },
{ "type": "Feature", "properties": { "fid": 103, "id": 91, "nombre": "Soy Mari Fe y ahora sí tengo fé", "modalidad": "Simple", "descripcio": null, "variante": null, "grado1": "6c", "long1": 14, "exp1": null, "grado2": null, "long2": null, "exp2": null, "grado3": null, "long3": null, "exp3": null, "grado4": null, "long4": null, "exp4": null, "grado5": null, "long5": null, "exp5": null, "sector": "Serpiente", "x": -4.3807030000207918, "y": 40.401030208181773, "union": null }, "geometry": { "type": "Point", "coordinates": [ -4.380703000020792, 40.401030208181773 ] } },
{ "type": "Feature", "properties": { "fid": 104, "id": 92, "nombre": "Correctivo implacable", "modalidad": "Simple", "descripcio": null, "variante": null, "grado1": "7b+", "long1": 12, "exp1": null, "grado2": null, "long2": null, "exp2": null, "grado3": null, "long3": null, "exp3": null, "grado4": null, "long4": null, "exp4": null, "grado5": null, "long5": null, "exp5": null, "sector": "Serpiente", "x": -4.3806897685933084, "y": 40.401044762752008, "union": null }, "geometry": { "type": "Point", "coordinates": [ -4.380689768593308, 40.401044762752008 ] } },
{ "type": "Feature", "properties": { "fid": 105, "id": 93, "nombre": "Pilla, dame, pilla, dame", "modalidad": "Simple", "descripcio": null, "variante": null, "grado1": "6b+", "long1": 8, "exp1": null, "grado2": null, "long2": null, "exp2": null, "grado3": null, "long3": null, "exp3": null, "grado4": null, "long4": null, "exp4": null, "grado5": null, "long5": null, "exp5": null, "sector": "Serpiente", "x": -4.3806725677375784, "y": 40.401050716894375, "union": null }, "geometry": { "type": "Point", "coordinates": [ -4.380672567737578, 40.401050716894375 ] } },
{ "type": "Feature", "properties": { "fid": 106, "id": 94, "nombre": "Esmeralda", "modalidad": "Simple", "descripcio": null, "variante": null, "grado1": "7c", "long1": 10, "exp1": 3, "grado2": null, "long2": null, "exp2": null, "grado3": null, "long3": null, "exp3": null, "grado4": null, "long4": null, "exp4": null, "grado5": null, "long5": null, "exp5": null, "sector": "Serpiente", "x": -4.3806553668818493, "y": 40.401057994179489, "union": null }, "geometry": { "type": "Point", "coordinates": [ -4.380655366881849, 40.401057994179489 ] } },
{ "type": "Feature", "properties": { "fid": 107, "id": 95, "nombre": "Entelequia", "modalidad": "Simple", "descripcio": null, "variante": null, "grado1": "8a", "long1": 7, "exp1": null, "grado2": null, "long2": null, "exp2": null, "grado3": null, "long3": null, "exp3": null, "grado4": null, "long4": null, "exp4": null, "grado5": null, "long5": null, "exp5": null, "sector": "Serpiente", "x": -4.3806451125255492, "y": 40.401075856606596, "union": null }, "geometry": { "type": "Point", "coordinates": [ -4.380645112525549, 40.401075856606596 ] } },
{ "type": "Feature", "properties": { "fid": 108, "id": 95, "nombre": "El secreto está en la técnica", "modalidad": "Simple", "descripcio": null, "variante": null, "grado1": "7a", "long1": 10, "exp1": null, "grado2": null, "long2": null, "exp2": null, "grado3": null, "long3": null, "exp3": null, "grado4": null, "long4": null, "exp4": null, "grado5": null, "long5": null, "exp5": null, "sector": "Serpiente", "x": -4.3806371736690588, "y": 40.401097026890575, "union": null }, "geometry": { "type": "Point", "coordinates": [ -4.380637173669059, 40.401097026890575 ] } },
{ "type": "Feature", "properties": { "fid": 109, "id": 96, "nombre": "El día de la gran vía", "modalidad": "Simple", "descripcio": null, "variante": null, "grado1": "4+", "long1": 8, "exp1": 2, "grado2": null, "long2": null, "exp2": null, "grado3": null, "long3": null, "exp3": null, "grado4": null, "long4": null, "exp4": null, "grado5": null, "long5": null, "exp5": null, "sector": "Tobogán", "x": -4.3807499715883598, "y": 40.399477500166533, "union": null }, "geometry": { "type": "Point", "coordinates": [ -4.38074997158836, 40.399477500166533 ] } },
{ "type": "Feature", "properties": { "fid": 110, "id": 97, "nombre": "Con faldas y a lo tocho", "modalidad": "Simple", "descripcio": null, "variante": null, "grado1": "6b+", "long1": 8, "exp1": 3, "grado2": null, "long2": null, "exp2": null, "grado3": null, "long3": null, "exp3": null, "grado4": null, "long4": null, "exp4": null, "grado5": null, "long5": null, "exp5": null, "sector": "Tobogán", "x": -4.3807208624478946, "y": 40.399478823309281, "union": null }, "geometry": { "type": "Point", "coordinates": [ -4.380720862447895, 40.399478823309281 ] } },
{ "type": "Feature", "properties": { "fid": 111, "id": 98, "nombre": "El engaño del año", "modalidad": "Simple", "descripcio": null, "variante": "SI", "grado1": "6b+", "long1": 8, "exp1": 3, "grado2": null, "long2": null, "exp2": null, "grado3": null, "long3": null, "exp3": null, "grado4": null, "long4": null, "exp4": null, "grado5": null, "long5": null, "exp5": null, "sector": "Tobogán", "x": -4.3806779694787661, "y": 40.399483941207961, "union": "98_99" }, "geometry": { "type": "Point", "coordinates": [ -4.380677969478766, 40.399483941207961 ] } },
{ "type": "Feature", "properties": { "fid": 112, "id": 99, "nombre": "Enemigos íntimos", "modalidad": "Simple", "descripcio": null, "variante": "SI", "grado1": "6b+", "long1": 9, "exp1": 3, "grado2": null, "long2": null, "exp2": null, "grado3": null, "long3": null, "exp3": null, "grado4": null, "long4": null, "exp4": null, "grado5": null, "long5": null, "exp5": null, "sector": "Tobogán", "x": -4.3806420197339602, "y": 40.399485884437411, "union": "98_99" }, "geometry": { "type": "Point", "coordinates": [ -4.38064201973396, 40.399485884437411 ] } },
{ "type": "Feature", "properties": { "fid": 113, "id": 100, "nombre": "El campo que habla", "modalidad": "Simple", "descripcio": null, "variante": null, "grado1": "6c", "long1": 10, "exp1": 4, "grado2": null, "long2": null, "exp2": null, "grado3": null, "long3": null, "exp3": null, "grado4": null, "long4": null, "exp4": null, "grado5": null, "long5": null, "exp5": null, "sector": "Tobogán", "x": -4.380602863098936, "y": 40.399486805505717, "union": null }, "geometry": { "type": "Point", "coordinates": [ -4.380602863098936, 40.399486805505717 ] } },
{ "type": "Feature", "properties": { "fid": 114, "id": 101, "nombre": "Falseo teledirigido/Modernidad clásica", "modalidad": "Clásica", "descripcio": null, "variante": null, "grado1": "6c", "long1": 10, "exp1": 4, "grado2": null, "long2": null, "exp2": null, "grado3": null, "long3": null, "exp3": null, "grado4": null, "long4": null, "exp4": null, "grado5": null, "long5": null, "exp5": null, "sector": "Tobogán", "x": -4.3805665595291146, "y": 40.39948793999227, "union": null }, "geometry": { "type": "Point", "coordinates": [ -4.380566559529115, 40.39948793999227 ] } },
{ "type": "Feature", "properties": { "fid": 115, "id": 102, "nombre": "Vampiros energéticos", "modalidad": "Simple", "descripcio": null, "variante": null, "grado1": "6a+", "long1": 10, "exp1": 3, "grado2": null, "long2": null, "exp2": null, "grado3": null, "long3": null, "exp3": null, "grado4": null, "long4": null, "exp4": null, "grado5": null, "long5": null, "exp5": null, "sector": "Tobogán", "x": -4.3805393318517476, "y": 40.399490208965382, "union": null }, "geometry": { "type": "Point", "coordinates": [ -4.380539331851748, 40.399490208965382 ] } },
{ "type": "Feature", "properties": { "fid": 116, "id": 103, "nombre": "Despejando el estrés", "modalidad": "Clásica", "descripcio": null, "variante": null, "grado1": "6a", "long1": null, "exp1": null, "grado2": null, "long2": null, "exp2": null, "grado3": null, "long3": null, "exp3": null, "grado4": null, "long4": null, "exp4": null, "grado5": null, "long5": null, "exp5": null, "sector": "Tobogán", "x": -4.3804916834163583, "y": 40.399518571129306, "union": null }, "geometry": { "type": "Point", "coordinates": [ -4.380491683416358, 40.399518571129306 ] } },
{ "type": "Feature", "properties": { "fid": 117, "id": 104, "nombre": "La isla", "modalidad": "Clásica", "descripcio": null, "variante": null, "grado1": "5", "long1": null, "exp1": null, "grado2": null, "long2": null, "exp2": null, "grado3": null, "long3": null, "exp3": null, "grado4": null, "long4": null, "exp4": null, "grado5": null, "long5": null, "exp5": null, "sector": "Tobogán", "x": -4.3804610522793217, "y": 40.399544664320118, "union": null }, "geometry": { "type": "Point", "coordinates": [ -4.380461052279322, 40.399544664320118 ] } },
{ "type": "Feature", "properties": { "fid": 118, "id": 105, "nombre": "Mercenarios del grado", "modalidad": "Clásica", "descripcio": null, "variante": null, "grado1": "6a", "long1": null, "exp1": null, "grado2": null, "long2": null, "exp2": null, "grado3": null, "long3": null, "exp3": null, "grado4": null, "long4": null, "exp4": null, "grado5": null, "long5": null, "exp5": null, "sector": "Tobogán", "x": -4.380436093575069, "y": 40.399576429943714, "union": null }, "geometry": { "type": "Point", "coordinates": [ -4.380436093575069, 40.399576429943714 ] } },
{ "type": "Feature", "properties": { "fid": 119, "id": 106, "nombre": "La eterna esperanza de cambiarnos", "modalidad": "Simple", "descripcio": null, "variante": null, "grado1": "7b+", "long1": 15, "exp1": 5, "grado2": null, "long2": null, "exp2": null, "grado3": null, "long3": null, "exp3": null, "grado4": null, "long4": null, "exp4": null, "grado5": null, "long5": null, "exp5": null, "sector": "Tobogán", "x": -4.3804179417901583, "y": 40.399610464540416, "union": null }, "geometry": { "type": "Point", "coordinates": [ -4.380417941790158, 40.399610464540416 ] } },
{ "type": "Feature", "properties": { "fid": 120, "id": 107, "nombre": "Bestia parda", "modalidad": "Simple", "descripcio": null, "variante": null, "grado1": "7a", "long1": 20, "exp1": 5, "grado2": null, "long2": null, "exp2": null, "grado3": null, "long3": null, "exp3": null, "grado4": null, "long4": null, "exp4": null, "grado5": null, "long5": null, "exp5": null, "sector": "Tobogán", "x": -4.3804111348708172, "y": 40.399636557731228, "union": null }, "geometry": { "type": "Point", "coordinates": [ -4.380411134870817, 40.399636557731228 ] } },
{ "type": "Feature", "properties": { "fid": 121, "id": 108, "nombre": "Súper gayola tradicional", "modalidad": "Simple", "descripcio": null, "variante": null, "grado1": "6b", "long1": 4, "exp1": null, "grado2": null, "long2": null, "exp2": null, "grado3": null, "long3": null, "exp3": null, "grado4": null, "long4": null, "exp4": null, "grado5": null, "long5": null, "exp5": null, "sector": "Tobogán", "x": -4.3804168073036012, "y": 40.399669457841377, "union": null }, "geometry": { "type": "Point", "coordinates": [ -4.380416807303601, 40.399669457841377 ] } },
{ "type": "Feature", "properties": { "fid": 122, "id": 109, "nombre": "S/N", "modalidad": "Simple", "descripcio": null, "variante": null, "grado1": null, "long1": null, "exp1": null, "grado2": null, "long2": null, "exp2": null, "grado3": null, "long3": null, "exp3": null, "grado4": null, "long4": null, "exp4": null, "grado5": null, "long5": null, "exp5": null, "sector": "Tobogán", "x": -4.3804281521691708, "y": 40.399694416545628, "union": null }, "geometry": { "type": "Point", "coordinates": [ -4.380428152169171, 40.399694416545628 ] } },
{ "type": "Feature", "properties": { "fid": 123, "id": 110, "nombre": "Butaca de pared", "modalidad": "Simple", "descripcio": null, "variante": null, "grado1": "6b+", "long1": null, "exp1": 4, "grado2": null, "long2": null, "exp2": null, "grado3": null, "long3": null, "exp3": null, "grado4": null, "long4": null, "exp4": null, "grado5": null, "long5": null, "exp5": null, "sector": "Tobogán", "x": -4.3804485729271949, "y": 40.399729585628897, "union": null }, "geometry": { "type": "Point", "coordinates": [ -4.380448572927195, 40.399729585628897 ] } },
{ "type": "Feature", "properties": { "fid": 124, "id": 111, "nombre": "El furtivo de las vías", "modalidad": "Simple", "descripcio": null, "variante": null, "grado1": "6b+", "long1": null, "exp1": 4, "grado2": null, "long2": null, "exp2": null, "grado3": null, "long3": null, "exp3": null, "grado4": null, "long4": null, "exp4": null, "grado5": null, "long5": null, "exp5": null, "sector": "Tobogán", "x": -4.3804735316314476, "y": 40.399757947792814, "union": null }, "geometry": { "type": "Point", "coordinates": [ -4.380473531631448, 40.399757947792814 ] } },
{ "type": "Feature", "properties": { "fid": 125, "id": 112, "nombre": "El tobogán", "modalidad": "Simple", "descripcio": null, "variante": null, "grado1": "5", "long1": 20, "exp1": 6, "grado2": null, "long2": null, "exp2": null, "grado3": null, "long3": null, "exp3": null, "grado4": null, "long4": null, "exp4": null, "grado5": null, "long5": null, "exp5": null, "sector": "Tobogán", "x": -4.3805052972550413, "y": 40.399789713416411, "union": null }, "geometry": { "type": "Point", "coordinates": [ -4.380505297255041, 40.399789713416411 ] } },
{ "type": "Feature", "properties": { "fid": 126, "id": 113, "nombre": "El triunfo de lo absurdo", "modalidad": "Simple", "descripcio": null, "variante": null, "grado1": "6a", "long1": 20, "exp1": 7, "grado2": null, "long2": null, "exp2": null, "grado3": null, "long3": null, "exp3": null, "grado4": null, "long4": null, "exp4": null, "grado5": null, "long5": null, "exp5": null, "sector": "Tobogán", "x": -4.3805257180130646, "y": 40.399804461741653, "union": null }, "geometry": { "type": "Point", "coordinates": [ -4.380525718013065, 40.399804461741653 ] } },
{ "type": "Feature", "properties": { "fid": 127, "id": 114, "nombre": "El todólogo", "modalidad": "Simple", "descripcio": null, "variante": null, "grado1": "6b", "long1": 17, "exp1": 5, "grado2": null, "long2": null, "exp2": null, "grado3": null, "long3": null, "exp3": null, "grado4": null, "long4": null, "exp4": null, "grado5": null, "long5": null, "exp5": null, "sector": "Tobogán", "x": -4.3805416008248628, "y": 40.399823748013119, "union": null }, "geometry": { "type": "Point", "coordinates": [ -4.380541600824863, 40.399823748013119 ] } },
{ "type": "Feature", "properties": { "fid": 128, "id": 115, "nombre": "El vigilante de atorrantes", "modalidad": "Simple", "descripcio": null, "variante": null, "grado1": "6b", "long1": 17, "exp1": 5, "grado2": null, "long2": null, "exp2": null, "grado3": null, "long3": null, "exp3": null, "grado4": null, "long4": null, "exp4": null, "grado5": null, "long5": null, "exp5": null, "sector": "Tobogán", "x": -4.3805597526097726, "y": 40.399843034284586, "union": null }, "geometry": { "type": "Point", "coordinates": [ -4.380559752609773, 40.399843034284586 ] } },
{ "type": "Feature", "properties": { "fid": 129, "id": 116, "nombre": "El chapero arrepentido", "modalidad": "Clásica", "descripcio": null, "variante": null, "grado1": "5", "long1": null, "exp1": null, "grado2": null, "long2": null, "exp2": null, "grado3": null, "long3": null, "exp3": null, "grado4": null, "long4": null, "exp4": null, "grado5": null, "long5": null, "exp5": null, "sector": "Seispelas", "x": -4.38037932, "y": 40.40073112, "union": null }, "geometry": { "type": "Point", "coordinates": [ -4.380433052837148, 40.400692184040125 ] } },
{ "type": "Feature", "properties": { "fid": 130, "id": 117, "nombre": "Máquina", "modalidad": "Simple", "descripcio": null, "variante": null, "grado1": "5", "long1": null, "exp1": null, "grado2": null, "long2": null, "exp2": null, "grado3": null, "long3": null, "exp3": null, "grado4": null, "long4": null, "exp4": null, "grado5": null, "long5": null, "exp5": null, "sector": "Seispelas", "x": -4.38037932, "y": 40.40073112, "union": null }, "geometry": { "type": "Point", "coordinates": [ -4.380422524901302, 40.4006993430365 ] } },
{ "type": "Feature", "properties": { "fid": 131, "id": 118, "nombre": "Bicho", "modalidad": "Simple", "descripcio": null, "variante": null, "grado1": "6b+", "long1": null, "exp1": null, "grado2": null, "long2": null, "exp2": null, "grado3": null, "long3": null, "exp3": null, "grado4": null, "long4": null, "exp4": null, "grado5": null, "long5": null, "exp5": null, "sector": "Seispelas", "x": -4.38037932, "y": 40.40073112, "union": null }, "geometry": { "type": "Point", "coordinates": [ -4.380411996965456, 40.400706080915441 ] } },
{ "type": "Feature", "properties": { "fid": 132, "id": 119, "nombre": "Tintán", "modalidad": "Simple", "descripcio": null, "variante": null, "grado1": "6c", "long1": null, "exp1": null, "grado2": null, "long2": null, "exp2": null, "grado3": null, "long3": null, "exp3": null, "grado4": null, "long4": null, "exp4": null, "grado5": null, "long5": null, "exp5": null, "sector": "Seispelas", "x": -4.38037932, "y": 40.40073112, "union": null }, "geometry": { "type": "Point", "coordinates": [ -4.380404416851648, 40.400713239911816 ] } },
{ "type": "Feature", "properties": { "fid": 133, "id": 120, "nombre": "La caverna", "modalidad": "Clásica", "descripcio": null, "variante": null, "grado1": "5+", "long1": null, "exp1": null, "grado2": null, "long2": null, "exp2": null, "grado3": null, "long3": null, "exp3": null, "grado4": null, "long4": null, "exp4": null, "grado5": null, "long5": null, "exp5": null, "sector": "Seispelas", "x": -4.38037932, "y": 40.40073112, "union": null }, "geometry": { "type": "Point", "coordinates": [ -4.380392625563501, 40.400722925612797 ] } },
{ "type": "Feature", "properties": { "fid": 134, "id": 121, "nombre": "S/N", "modalidad": "Simple", "descripcio": null, "variante": null, "grado1": null, "long1": null, "exp1": null, "grado2": null, "long2": null, "exp2": null, "grado3": null, "long3": null, "exp3": null, "grado4": null, "long4": null, "exp4": null, "grado5": null, "long5": null, "exp5": null, "sector": "Seispelas", "x": -4.38037932, "y": 40.40073112, "union": null }, "geometry": { "type": "Point", "coordinates": [ -4.380378307570751, 40.400732190196337 ] } },
{ "type": "Feature", "properties": { "fid": 135, "id": 122, "nombre": "S/N", "modalidad": "Simple", "descripcio": null, "variante": null, "grado1": null, "long1": null, "exp1": null, "grado2": null, "long2": null, "exp2": null, "grado3": null, "long3": null, "exp3": null, "grado4": null, "long4": null, "exp4": null, "grado5": null, "long5": null, "exp5": null, "sector": "Seispelas", "x": -4.38037932, "y": 40.40073112, "union": null }, "geometry": { "type": "Point", "coordinates": [ -4.380365674047736, 40.400739770310146 ] } },
{ "type": "Feature", "properties": { "fid": 136, "id": 123, "nombre": "S/N", "modalidad": "Simple", "descripcio": null, "variante": null, "grado1": null, "long1": null, "exp1": null, "grado2": null, "long2": null, "exp2": null, "grado3": null, "long3": null, "exp3": null, "grado4": null, "long4": null, "exp4": null, "grado5": null, "long5": null, "exp5": null, "sector": "Seispelas", "x": -4.38037932, "y": 40.40073112, "union": null }, "geometry": { "type": "Point", "coordinates": [ -4.380350513820119, 40.400754088302897 ] } },
{ "type": "Feature", "properties": { "fid": 137, "id": 124, "nombre": "El bombero eyaculador", "modalidad": "Simple", "descripcio": null, "variante": null, "grado1": "6c", "long1": 25, "exp1": 7, "grado2": null, "long2": null, "exp2": null, "grado3": null, "long3": null, "exp3": null, "grado4": null, "long4": null, "exp4": null, "grado5": null, "long5": null, "exp5": null, "sector": "Pared Naranja", "x": -4.38020672, "y": 40.40094485, "union": null }, "geometry": { "type": "Point", "coordinates": [ -4.380203964953151, 40.400828626088696 ] } },
{ "type": "Feature", "properties": { "fid": 138, "id": 125, "nombre": "Corta y dura como la picha de un cura", "modalidad": "Multilargo", "descripcio": null, "variante": null, "grado1": "7a+", "long1": 10, "exp1": 4, "grado2": "6a", "long2": 10, "exp2": 4, "grado3": null, "long3": null, "exp3": null, "grado4": null, "long4": null, "exp4": null, "grado5": null, "long5": null, "exp5": null, "sector": "Pared Naranja", "x": -4.38020672, "y": 40.40094485, "union": null }, "geometry": { "type": "Point", "coordinates": [ -4.380193437017308, 40.400844207433749 ] } },
{ "type": "Feature", "properties": { "fid": 139, "id": 126, "nombre": "El hombre progresión", "modalidad": "Simple", "descripcio": null, "variante": null, "grado1": "7b", "long1": 13, "exp1": 4, "grado2": null, "long2": null, "exp2": null, "grado3": null, "long3": null, "exp3": null, "grado4": null, "long4": null, "exp4": null, "grado5": null, "long5": null, "exp5": null, "sector": "Pared Naranja", "x": -4.38020672, "y": 40.40094485, "union": null }, "geometry": { "type": "Point", "coordinates": [ -4.380179540141992, 40.400856419839336 ] } },
{ "type": "Feature", "properties": { "fid": 140, "id": 127, "nombre": "Del Capitán al Vellón", "modalidad": "Simple", "descripcio": null, "variante": null, "grado1": "7a", "long1": 13, "exp1": 4, "grado2": null, "long2": null, "exp2": null, "grado3": null, "long3": null, "exp3": null, "grado4": null, "long4": null, "exp4": null, "grado5": null, "long5": null, "exp5": null, "sector": "Pared Naranja", "x": -4.38020672, "y": 40.40094485, "union": null }, "geometry": { "type": "Point", "coordinates": [ -4.380162274327205, 40.400873685654119 ] } },
{ "type": "Feature", "properties": { "fid": 141, "id": 128, "nombre": "Agonizando en tu ego", "modalidad": "Simple", "descripcio": null, "variante": null, "grado1": "7a+", "long1": 13, "exp1": 4, "grado2": null, "long2": null, "exp2": null, "grado3": null, "long3": null, "exp3": null, "grado4": null, "long4": null, "exp4": null, "grado5": null, "long5": null, "exp5": null, "sector": "Pared Naranja", "x": -4.38020672, "y": 40.40094485, "union": null }, "geometry": { "type": "Point", "coordinates": [ -4.380148798569323, 40.400890530351475 ] } },
{ "type": "Feature", "properties": { "fid": 142, "id": 129, "nombre": "Siddhartha", "modalidad": "Simple", "descripcio": null, "variante": null, "grado1": "7c", "long1": 15, "exp1": 4, "grado2": null, "long2": null, "exp2": null, "grado3": null, "long3": null, "exp3": null, "grado4": null, "long4": null, "exp4": null, "grado5": null, "long5": null, "exp5": null, "sector": "Pared Naranja", "x": -4.38020672, "y": 40.40094485, "union": null }, "geometry": { "type": "Point", "coordinates": [ -4.380136586163742, 40.400905269461653 ] } },
{ "type": "Feature", "properties": { "fid": 143, "id": 130, "nombre": "Ni trampa ni cartón", "modalidad": "Simple", "descripcio": null, "variante": null, "grado1": "7b", "long1": 13, "exp1": 4, "grado2": null, "long2": null, "exp2": null, "grado3": null, "long3": null, "exp3": null, "grado4": null, "long4": null, "exp4": null, "grado5": null, "long5": null, "exp5": null, "sector": "Pared Naranja", "x": -4.38020672, "y": 40.40094485, "union": null }, "geometry": { "type": "Point", "coordinates": [ -4.380125637110462, 40.40092127192414 ] } },
{ "type": "Feature", "properties": { "fid": 144, "id": 131, "nombre": "El treatillo de la autocomplacencia", "modalidad": "Simple", "descripcio": null, "variante": null, "grado1": "7a", "long1": 13, "exp1": 4, "grado2": null, "long2": null, "exp2": null, "grado3": null, "long3": null, "exp3": null, "grado4": null, "long4": null, "exp4": null, "grado5": null, "long5": null, "exp5": null, "sector": "Pared Naranja", "x": -4.38020672, "y": 40.40094485, "union": null }, "geometry": { "type": "Point", "coordinates": [ -4.380116372526918, 40.400934747682015 ] } },
{ "type": "Feature", "properties": { "fid": 145, "id": 132, "nombre": "11 de noviembre", "modalidad": "Simple", "descripcio": null, "variante": null, "grado1": "5+", "long1": 15, "exp1": 6, "grado2": null, "long2": null, "exp2": null, "grado3": null, "long3": null, "exp3": null, "grado4": null, "long4": null, "exp4": null, "grado5": null, "long5": null, "exp5": null, "sector": "Pared Naranja", "x": -4.38020672, "y": 40.40094485, "union": null }, "geometry": { "type": "Point", "coordinates": [ -4.380110476882844, 40.400948223439897 ] } },
{ "type": "Feature", "properties": { "fid": 146, "id": 133, "nombre": "Espolón Guadalupe", "modalidad": "Simple", "descripcio": null, "variante": null, "grado1": "6a", "long1": 20, "exp1": 7, "grado2": null, "long2": null, "exp2": null, "grado3": null, "long3": null, "exp3": null, "grado4": null, "long4": null, "exp4": null, "grado5": null, "long5": null, "exp5": null, "sector": "Pared Naranja", "x": -4.38020672, "y": 40.40094485, "union": null }, "geometry": { "type": "Point", "coordinates": [ -4.380100791181867, 40.400961278080345 ] } },
{ "type": "Feature", "properties": { "fid": 147, "id": 134, "nombre": "Súper Braulio Boss", "modalidad": "Simple", "descripcio": null, "variante": null, "grado1": "6b", "long1": 20, "exp1": 7, "grado2": null, "long2": null, "exp2": null, "grado3": null, "long3": null, "exp3": null, "grado4": null, "long4": null, "exp4": null, "grado5": null, "long5": null, "exp5": null, "sector": "Pared Naranja", "x": -4.38020672, "y": 40.40094485, "union": null }, "geometry": { "type": "Point", "coordinates": [ -4.380096158890095, 40.400974753838227 ] } },
{ "type": "Feature", "properties": { "fid": 148, "id": 135, "nombre": "Diedro lupita", "modalidad": "Simple", "descripcio": null, "variante": null, "grado1": "6a+", "long1": 20, "exp1": 7, "grado2": null, "long2": null, "exp2": null, "grado3": null, "long3": null, "exp3": null, "grado4": null, "long4": null, "exp4": null, "grado5": null, "long5": null, "exp5": null, "sector": "Pared Naranja", "x": -4.38020672, "y": 40.40094485, "union": null }, "geometry": { "type": "Point", "coordinates": [ -4.380091105480889, 40.400986545126372 ] } },
{ "type": "Feature", "properties": { "fid": 149, "id": 136, "nombre": "¿?", "modalidad": "Simple", "descripcio": null, "variante": null, "grado1": "6c", "long1": 15, "exp1": 5, "grado2": null, "long2": null, "exp2": null, "grado3": null, "long3": null, "exp3": null, "grado4": null, "long4": null, "exp4": null, "grado5": null, "long5": null, "exp5": null, "sector": "Pared Naranja", "x": -4.38020672, "y": 40.40094485, "union": null }, "geometry": { "type": "Point", "coordinates": [ -4.380083104249646, 40.400999178649393 ] } },
{ "type": "Feature", "properties": { "fid": 150, "id": 137, "nombre": "Proyecto", "modalidad": "Simple", "descripcio": null, "variante": null, "grado1": null, "long1": null, "exp1": null, "grado2": null, "long2": null, "exp2": null, "grado3": null, "long3": null, "exp3": null, "grado4": null, "long4": null, "exp4": null, "grado5": null, "long5": null, "exp5": null, "sector": "Pared Naranja", "x": -4.38020672, "y": 40.40094485, "union": null }, "geometry": { "type": "Point", "coordinates": [ -4.380076366370705, 40.401014338877019 ] } },
{ "type": "Feature", "properties": { "fid": 151, "id": 138, "nombre": "Controlado por la situación", "modalidad": "Simple", "descripcio": null, "variante": null, "grado1": "6b", "long1": 15, "exp1": 6, "grado2": null, "long2": null, "exp2": null, "grado3": null, "long3": null, "exp3": null, "grado4": null, "long4": null, "exp4": null, "grado5": null, "long5": null, "exp5": null, "sector": "Pared Naranja", "x": -4.38020672, "y": 40.40094485, "union": null }, "geometry": { "type": "Point", "coordinates": [ -4.380070470726632, 40.401028656869769 ] } },
{ "type": "Feature", "properties": { "fid": 152, "id": 139, "nombre": "Ámbar", "modalidad": "Simple", "descripcio": null, "variante": null, "grado1": null, "long1": 15, "exp1": 5, "grado2": null, "long2": null, "exp2": null, "grado3": null, "long3": null, "exp3": null, "grado4": null, "long4": null, "exp4": null, "grado5": null, "long5": null, "exp5": null, "sector": "Pared Naranja", "x": -4.38020672, "y": 40.40094485, "union": null }, "geometry": { "type": "Point", "coordinates": [ -4.380064996199992, 40.401041711510217 ] } },
{ "type": "Feature", "properties": { "fid": 153, "id": 140, "nombre": "Sueños pandémicos", "modalidad": "Clásica", "descripcio": null, "variante": null, "grado1": "6a", "long1": 10, "exp1": null, "grado2": null, "long2": null, "exp2": null, "grado3": null, "long3": null, "exp3": null, "grado4": null, "long4": null, "exp4": null, "grado5": null, "long5": null, "exp5": null, "sector": "Fisuras", "x": -4.3804948, "y": 40.40153026, "union": null }, "geometry": { "type": "Point", "coordinates": [ -4.380522329733126, 40.401362181877431 ] } },
{ "type": "Feature", "properties": { "fid": 154, "id": 141, "nombre": "El grito de Braulee", "modalidad": "Simple", "descripcio": null, "variante": null, "grado1": "7b+", "long1": 10, "exp1": 2, "grado2": null, "long2": null, "exp2": null, "grado3": null, "long3": null, "exp3": null, "grado4": null, "long4": null, "exp4": null, "grado5": null, "long5": null, "exp5": null, "sector": "Fisuras", "x": -4.3804948, "y": 40.40153026, "union": null }, "geometry": { "type": "Point", "coordinates": [ -4.380505485035774, 40.401376499870182 ] } },
{ "type": "Feature", "properties": { "fid": 155, "id": 142, "nombre": "La que siempre está ahí", "modalidad": "Clásica", "descripcio": null, "variante": null, "grado1": "6c+", "long1": 10, "exp1": null, "grado2": null, "long2": null, "exp2": null, "grado3": null, "long3": null, "exp3": null, "grado4": null, "long4": null, "exp4": null, "grado5": null, "long5": null, "exp5": null, "sector": "Fisuras", "x": -4.3804948, "y": 40.40153026, "union": null }, "geometry": { "type": "Point", "coordinates": [ -4.380491167043024, 40.401392502332669 ] } },
{ "type": "Feature", "properties": { "fid": 156, "id": 143, "nombre": "El señor Ermita", "modalidad": "Clásica", "descripcio": null, "variante": null, "grado1": null, "long1": 10, "exp1": null, "grado2": null, "long2": null, "exp2": null, "grado3": null, "long3": null, "exp3": null, "grado4": null, "long4": null, "exp4": null, "grado5": null, "long5": null, "exp5": null, "sector": "Fisuras", "x": -4.3804948, "y": 40.40153026, "union": null }, "geometry": { "type": "Point", "coordinates": [ -4.380477691285141, 40.401411031499755 ] } },
{ "type": "Feature", "properties": { "fid": 157, "id": 144, "nombre": "Roci y Berta", "modalidad": "Clásica", "descripcio": null, "variante": null, "grado1": "6b", "long1": 10, "exp1": null, "grado2": null, "long2": null, "exp2": null, "grado3": null, "long3": null, "exp3": null, "grado4": null, "long4": null, "exp4": null, "grado5": null, "long5": null, "exp5": null, "sector": "Fisuras", "x": -4.3804948, "y": 40.40153026, "union": null }, "geometry": { "type": "Point", "coordinates": [ -4.380461688822656, 40.401432087371447 ] } },
{ "type": "Feature", "properties": { "fid": 158, "id": 145, "nombre": "Estés donde estés", "modalidad": "Clásica", "descripcio": null, "variante": null, "grado1": "7a", "long1": 10, "exp1": null, "grado2": null, "long2": null, "exp2": null, "grado3": null, "long3": null, "exp3": null, "grado4": null, "long4": null, "exp4": null, "grado5": null, "long5": null, "exp5": null, "sector": "Fisuras", "x": -4.3804948, "y": 40.40153026, "union": null }, "geometry": { "type": "Point", "coordinates": [ -4.380450739769377, 40.401450616538533 ] } },
{ "type": "Feature", "properties": { "fid": 159, "id": 146, "nombre": "Hermana para siempre", "modalidad": "Clásica", "descripcio": null, "variante": null, "grado1": "6a", "long1": 10, "exp1": null, "grado2": null, "long2": null, "exp2": null, "grado3": null, "long3": null, "exp3": null, "grado4": null, "long4": null, "exp4": null, "grado5": null, "long5": null, "exp5": null, "sector": "Fisuras", "x": -4.3804948, "y": 40.40153026, "union": null }, "geometry": { "type": "Point", "coordinates": [ -4.380439790716098, 40.401470830175356 ] } },
{ "type": "Feature", "properties": { "fid": 160, "id": 147, "nombre": "True free spirit", "modalidad": "Clásica", "descripcio": null, "variante": null, "grado1": "6a+", "long1": 10, "exp1": null, "grado2": null, "long2": null, "exp2": null, "grado3": null, "long3": null, "exp3": null, "grado4": null, "long4": null, "exp4": null, "grado5": null, "long5": null, "exp5": null, "sector": "Fisuras", "x": -4.3804948, "y": 40.40153026, "union": null }, "geometry": { "type": "Point", "coordinates": [ -4.380428841662818, 40.401489359342449 ] } },
{ "type": "Feature", "properties": { "fid": 161, "id": 148, "nombre": "Lolazos sin fronteras", "modalidad": "Clásica", "descripcio": null, "variante": null, "grado1": "5+", "long1": 10, "exp1": null, "grado2": null, "long2": null, "exp2": null, "grado3": null, "long3": null, "exp3": null, "grado4": null, "long4": null, "exp4": null, "grado5": null, "long5": null, "exp5": null, "sector": "Fisuras", "x": -4.3804948, "y": 40.40153026, "union": null }, "geometry": { "type": "Point", "coordinates": [ -4.380418734844406, 40.401507888509535 ] } },
{ "type": "Feature", "properties": { "fid": 162, "id": 149, "nombre": "Escalada furtiva", "modalidad": "Clásica", "descripcio": null, "variante": null, "grado1": "4", "long1": 10, "exp1": null, "grado2": null, "long2": null, "exp2": null, "grado3": null, "long3": null, "exp3": null, "grado4": null, "long4": null, "exp4": null, "grado5": null, "long5": null, "exp5": null, "sector": "Fisuras", "x": -4.3804948, "y": 40.40153026, "union": null }, "geometry": { "type": "Point", "coordinates": [ -4.380407785791127, 40.401524733206884 ] } },
{ "type": "Feature", "properties": { "fid": 163, "id": 150, "nombre": "Fury", "modalidad": null, "descripcio": null, "variante": null, "grado1": null, "long1": 8, "exp1": 3, "grado2": null, "long2": null, "exp2": null, "grado3": null, "long3": null, "exp3": null, "grado4": null, "long4": null, "exp4": null, "grado5": null, "long5": null, "exp5": null, "sector": "Fisuras", "x": -4.3804948, "y": 40.40153026, "union": null }, "geometry": { "type": "Point", "coordinates": [ -4.380395152268112, 40.40154157790424 ] } },
{ "type": "Feature", "properties": { "fid": 164, "id": 151, "nombre": "Proyecto", "modalidad": null, "descripcio": null, "variante": null, "grado1": null, "long1": 10, "exp1": null, "grado2": null, "long2": null, "exp2": null, "grado3": null, "long3": null, "exp3": null, "grado4": null, "long4": null, "exp4": null, "grado5": null, "long5": null, "exp5": null, "sector": "Fisuras", "x": -4.3804948, "y": 40.40153026, "union": null }, "geometry": { "type": "Point", "coordinates": [ -4.380380834275362, 40.401560949306194 ] } },
{ "type": "Feature", "properties": { "fid": 165, "id": 152, "nombre": "Proyecto", "modalidad": null, "descripcio": null, "variante": null, "grado1": null, "long1": 10, "exp1": null, "grado2": null, "long2": null, "exp2": null, "grado3": null, "long3": null, "exp3": null, "grado4": null, "long4": null, "exp4": null, "grado5": null, "long5": null, "exp5": null, "sector": "Fisuras", "x": -4.3804948, "y": 40.40153026, "union": null }, "geometry": { "type": "Point", "coordinates": [ -4.380369885222083, 40.401580320708149 ] } },
{ "type": "Feature", "properties": { "fid": 166, "id": 153, "nombre": "Proyecto", "modalidad": null, "descripcio": null, "variante": null, "grado1": null, "long1": 10, "exp1": null, "grado2": null, "long2": null, "exp2": null, "grado3": null, "long3": null, "exp3": null, "grado4": null, "long4": null, "exp4": null, "grado5": null, "long5": null, "exp5": null, "sector": "Fisuras", "x": -4.3804948, "y": 40.40153026, "union": null }, "geometry": { "type": "Point", "coordinates": [ -4.380356409464201, 40.4015946387009 ] } },
{ "type": "Feature", "properties": { "fid": 167, "id": 154, "nombre": "Fisura Joaquín 1", "modalidad": "Clásica", "descripcio": null, "variante": null, "grado1": "5", "long1": 8, "exp1": null, "grado2": null, "long2": null, "exp2": null, "grado3": null, "long3": null, "exp3": null, "grado4": null, "long4": null, "exp4": null, "grado5": null, "long5": null, "exp5": null, "sector": "Fisuras", "x": -4.3804948, "y": 40.40153026, "union": null }, "geometry": { "type": "Point", "coordinates": [ -4.380342933706318, 40.401611483398256 ] } },
{ "type": "Feature", "properties": { "fid": 168, "id": 155, "nombre": "Fisura Joaquín 2", "modalidad": "Clásica", "descripcio": null, "variante": null, "grado1": "6b", "long1": 8, "exp1": null, "grado2": null, "long2": null, "exp2": null, "grado3": null, "long3": null, "exp3": null, "grado4": null, "long4": null, "exp4": null, "grado5": null, "long5": null, "exp5": null, "sector": "Fisuras", "x": -4.3804948, "y": 40.40153026, "union": null }, "geometry": { "type": "Point", "coordinates": [ -4.380330300183304, 40.40163085480021 ] } },
{ "type": "Feature", "properties": { "fid": 169, "id": 156, "nombre": "Comportamiento biológico", "modalidad": "Simple", "descripcio": null, "variante": null, "grado1": "6a+", "long1": 10, "exp1": 4, "grado2": null, "long2": null, "exp2": null, "grado3": null, "long3": null, "exp3": null, "grado4": null, "long4": null, "exp4": null, "grado5": null, "long5": null, "exp5": null, "sector": "Ecológico", "x": -4.380067182, "y": 40.401643344999997, "union": null }, "geometry": { "type": "Point", "coordinates": [ -4.380083946484515, 40.401524312089386 ] } },
{ "type": "Feature", "properties": { "fid": 170, "id": 157, "nombre": "Desarrollándome sosteniblemente", "modalidad": "Simple", "descripcio": null, "variante": null, "grado1": "6a", "long1": 10, "exp1": 4, "grado2": null, "long2": null, "exp2": null, "grado3": null, "long3": null, "exp3": null, "grado4": null, "long4": null, "exp4": null, "grado5": null, "long5": null, "exp5": null, "sector": "Ecológico", "x": -4.380067182, "y": 40.401643344999997, "union": null }, "geometry": { "type": "Point", "coordinates": [ -4.380078050840441, 40.401536103377538 ] } },
{ "type": "Feature", "properties": { "fid": 171, "id": 158, "nombre": "Romeando voy, romeando vengo", "modalidad": "Simple", "descripcio": null, "variante": null, "grado1": "6c+", "long1": 10, "exp1": 4, "grado2": null, "long2": null, "exp2": null, "grado3": null, "long3": null, "exp3": null, "grado4": null, "long4": null, "exp4": null, "grado5": null, "long5": null, "exp5": null, "sector": "Ecológico", "x": -4.380067182, "y": 40.401643344999997, "union": null }, "geometry": { "type": "Point", "coordinates": [ -4.380063732847692, 40.40155421142719 ] } },
{ "type": "Feature", "properties": { "fid": 172, "id": 159, "nombre": "Además de sinvergüenza, gañán", "modalidad": "Simple", "descripcio": null, "variante": null, "grado1": "5+", "long1": 10, "exp1": 4, "grado2": null, "long2": null, "exp2": null, "grado3": null, "long3": null, "exp3": null, "grado4": null, "long4": null, "exp4": null, "grado5": null, "long5": null, "exp5": null, "sector": "Ecológico", "x": -4.380067182, "y": 40.401643344999997, "union": null }, "geometry": { "type": "Point", "coordinates": [ -4.380054468264148, 40.40156852941994 ] } },
{ "type": "Feature", "properties": { "fid": 173, "id": 160, "nombre": "Observando a mi yo", "modalidad": "Simple", "descripcio": null, "variante": "SI", "grado1": "5", "long1": 18, "exp1": 7, "grado2": null, "long2": null, "exp2": null, "grado3": null, "long3": null, "exp3": null, "grado4": null, "long4": null, "exp4": null, "grado5": null, "long5": null, "exp5": null, "sector": "Ecológico", "x": -4.380067182, "y": 40.401643344999997, "union": "160_161" }, "geometry": { "type": "Point", "coordinates": [ -4.380041834741133, 40.401584531882428 ] } },
{ "type": "Feature", "properties": { "fid": 174, "id": 161, "nombre": "El hombre yo", "modalidad": "Simple", "descripcio": null, "variante": "SI", "grado1": "6c+", "long1": 18, "exp1": 7, "grado2": null, "long2": null, "exp2": null, "grado3": null, "long3": null, "exp3": null, "grado4": null, "long4": null, "exp4": null, "grado5": null, "long5": null, "exp5": null, "sector": "Ecológico", "x": -4.380067182, "y": 40.401643344999997, "union": "160_161" }, "geometry": { "type": "Point", "coordinates": [ -4.380034254627324, 40.401597165405434 ] } },
{ "type": "Feature", "properties": { "fid": 175, "id": 162, "nombre": "Subrealismo laboral", "modalidad": "Simple", "descripcio": null, "variante": null, "grado1": "6c+", "long1": 14, "exp1": 6, "grado2": null, "long2": null, "exp2": null, "grado3": null, "long3": null, "exp3": null, "grado4": null, "long4": null, "exp4": null, "grado5": null, "long5": null, "exp5": null, "sector": "Ecológico", "x": -4.380067182, "y": 40.401643344999997, "union": null }, "geometry": { "type": "Point", "coordinates": [ -4.380025832278648, 40.401610641163316 ] } },
{ "type": "Feature", "properties": { "fid": 176, "id": 163, "nombre": "Especulación brutal", "modalidad": "Simple", "descripcio": null, "variante": null, "grado1": "7a", "long1": 14, "exp1": 5, "grado2": null, "long2": null, "exp2": null, "grado3": null, "long3": null, "exp3": null, "grado4": null, "long4": null, "exp4": null, "grado5": null, "long5": null, "exp5": null, "sector": "Ecológico", "x": -4.380067182, "y": 40.401643344999997, "union": null }, "geometry": { "type": "Point", "coordinates": [ -4.380017831047405, 40.401622853568895 ] } },
{ "type": "Feature", "properties": { "fid": 177, "id": 164, "nombre": "El elegido", "modalidad": "Simple", "descripcio": null, "variante": null, "grado1": "7c+", "long1": 17, "exp1": 6, "grado2": null, "long2": null, "exp2": null, "grado3": null, "long3": null, "exp3": null, "grado4": null, "long4": null, "exp4": null, "grado5": null, "long5": null, "exp5": null, "sector": "Ecológico", "x": -4.380067182, "y": 40.401643344999997, "union": null }, "geometry": { "type": "Point", "coordinates": [ -4.380009408698728, 40.401637171561646 ] } },
{ "type": "Feature", "properties": { "fid": 178, "id": 165, "nombre": "Túnel del tiempo", "modalidad": "Simple", "descripcio": null, "variante": null, "grado1": "6b+", "long1": 25, "exp1": 7, "grado2": null, "long2": null, "exp2": null, "grado3": null, "long3": null, "exp3": null, "grado4": null, "long4": null, "exp4": null, "grado5": null, "long5": null, "exp5": null, "sector": "Ecológico", "x": -4.380067182, "y": 40.401643344999997, "union": null }, "geometry": { "type": "Point", "coordinates": [ -4.380003091937221, 40.401649383967225 ] } },
{ "type": "Feature", "properties": { "fid": 179, "id": 166, "nombre": "Chapa niño chapa", "modalidad": "Simple", "descripcio": null, "variante": null, "grado1": "7b", "long1": 25, "exp1": 10, "grado2": null, "long2": null, "exp2": null, "grado3": null, "long3": null, "exp3": null, "grado4": null, "long4": null, "exp4": null, "grado5": null, "long5": null, "exp5": null, "sector": "Ecológico", "x": -4.380067182, "y": 40.401643344999997, "union": null }, "geometry": { "type": "Point", "coordinates": [ -4.380000565232618, 40.401659911903074 ] } },
{ "type": "Feature", "properties": { "fid": 180, "id": 167, "nombre": "Sordo de amor", "modalidad": "Simple", "descripcio": null, "variante": null, "grado1": "7b+", "long1": 17, "exp1": 7, "grado2": null, "long2": null, "exp2": null, "grado3": null, "long3": null, "exp3": null, "grado4": null, "long4": null, "exp4": null, "grado5": null, "long5": null, "exp5": null, "sector": "Ecológico", "x": -4.380067182, "y": 40.401643344999997, "union": null }, "geometry": { "type": "Point", "coordinates": [ -4.379997617410583, 40.401673387660978 ] } },
{ "type": "Feature", "properties": { "fid": 181, "id": 168, "nombre": "Proyecto", "modalidad": "Simple", "descripcio": null, "variante": null, "grado1": null, "long1": 25, "exp1": null, "grado2": null, "long2": null, "exp2": null, "grado3": null, "long3": null, "exp3": null, "grado4": null, "long4": null, "exp4": null, "grado5": null, "long5": null, "exp5": null, "sector": "Ecológico", "x": -4.380067182, "y": 40.401643344999997, "union": null }, "geometry": { "type": "Point", "coordinates": [ -4.379994669588545, 40.401690232358348 ] } },
{ "type": "Feature", "properties": { "fid": 182, "id": 169, "nombre": "Fisura Joaquín 1", "modalidad": "Clásica", "descripcio": null, "variante": null, "grado1": "6b", "long1": 10, "exp1": null, "grado2": null, "long2": null, "exp2": null, "grado3": null, "long3": null, "exp3": null, "grado4": null, "long4": null, "exp4": null, "grado5": null, "long5": null, "exp5": null, "sector": "Ecológico", "x": -4.380067182, "y": 40.401643344999997, "union": null }, "geometry": { "type": "Point", "coordinates": [ -4.379990037296774, 40.401705813703401 ] } },
{ "type": "Feature", "properties": { "fid": 183, "id": 170, "nombre": "Fisura Joaquín 2", "modalidad": "Clásica", "descripcio": null, "variante": null, "grado1": "6b+", "long1": 10, "exp1": null, "grado2": null, "long2": null, "exp2": null, "grado3": null, "long3": null, "exp3": null, "grado4": null, "long4": null, "exp4": null, "grado5": null, "long5": null, "exp5": null, "sector": "Ecológico", "x": -4.380067182, "y": 40.401643344999997, "union": null }, "geometry": { "type": "Point", "coordinates": [ -4.379988352827039, 40.401719710578732 ] } },
{ "type": "Feature", "properties": { "fid": 184, "id": 171, "nombre": "Hedonismo a corto plazo", "modalidad": "Simple", "descripcio": null, "variante": null, "grado1": "7c+", "long1": 15, "exp1": null, "grado2": null, "long2": null, "exp2": null, "grado3": null, "long3": null, "exp3": null, "grado4": null, "long4": null, "exp4": null, "grado5": null, "long5": null, "exp5": null, "sector": "Ecológico", "x": -4.380067182, "y": 40.401643344999997, "union": null }, "geometry": { "type": "Point", "coordinates": [ -4.379988352827039, 40.401731501866877 ] } },
{ "type": "Feature", "properties": { "fid": 185, "id": 172, "nombre": "Placeres compulsivos, frustraciones duraderas", "modalidad": "Simple", "descripcio": null, "variante": null, "grado1": "7a+", "long1": 15, "exp1": null, "grado2": null, "long2": null, "exp2": null, "grado3": null, "long3": null, "exp3": null, "grado4": null, "long4": null, "exp4": null, "grado5": null, "long5": null, "exp5": null, "sector": "Ecológico", "x": -4.380067182, "y": 40.401643344999997, "union": null }, "geometry": { "type": "Point", "coordinates": [ -4.379990879531642, 40.401744556507325 ] } },
{ "type": "Feature", "properties": { "fid": 186, "id": 173, "nombre": "Convalidaciones sospechosas, títulos a la carta", "modalidad": "Simple", "descripcio": null, "variante": null, "grado1": "7b", "long1": 14, "exp1": null, "grado2": null, "long2": null, "exp2": null, "grado3": null, "long3": null, "exp3": null, "grado4": null, "long4": null, "exp4": null, "grado5": null, "long5": null, "exp5": null, "sector": "Ecológico", "x": -4.380067182, "y": 40.401643344999997, "union": null }, "geometry": { "type": "Point", "coordinates": [ -4.379993406236244, 40.40175466332574 ] } },
{ "type": "Feature", "properties": { "fid": 187, "id": 174, "nombre": "El problema del equilibrio de placeres", "modalidad": "Simple", "descripcio": null, "variante": null, "grado1": "7a", "long1": 14, "exp1": null, "grado2": null, "long2": null, "exp2": null, "grado3": null, "long3": null, "exp3": null, "grado4": null, "long4": null, "exp4": null, "grado5": null, "long5": null, "exp5": null, "sector": "Ecológico", "x": -4.380067182, "y": 40.401643344999997, "union": null }, "geometry": { "type": "Point", "coordinates": [ -4.379996354058281, 40.401763085674418 ] } },
{ "type": "Feature", "properties": { "fid": 188, "id": 175, "nombre": "Sin equipar", "modalidad": "Simple", "descripcio": null, "variante": null, "grado1": null, "long1": 14, "exp1": null, "grado2": null, "long2": null, "exp2": null, "grado3": null, "long3": null, "exp3": null, "grado4": null, "long4": null, "exp4": null, "grado5": null, "long5": null, "exp5": null, "sector": "Ecológico", "x": -4.380067182, "y": 40.401643344999997, "union": null }, "geometry": { "type": "Point", "coordinates": [ -4.38000056523262, 40.401771508023096 ] } },
{ "type": "Feature", "properties": { "fid": 189, "id": 176, "nombre": "No es mas feliz el que mas tiene, sino el que menos necesita", "modalidad": "Simple", "descripcio": null, "variante": null, "grado1": "6c", "long1": 15, "exp1": null, "grado2": null, "long2": null, "exp2": null, "grado3": null, "long3": null, "exp3": null, "grado4": null, "long4": null, "exp4": null, "grado5": null, "long5": null, "exp5": null, "sector": "Ecológico", "x": -4.380067182, "y": 40.401643344999997, "union": null }, "geometry": { "type": "Point", "coordinates": [ -4.380004355289524, 40.401781193724069 ] } },
{ "type": "Feature", "properties": { "fid": 190, "id": 177, "nombre": "El valor de la amistad", "modalidad": "Simple", "descripcio": null, "variante": null, "grado1": "6a+", "long1": 15, "exp1": null, "grado2": null, "long2": null, "exp2": null, "grado3": null, "long3": null, "exp3": null, "grado4": null, "long4": null, "exp4": null, "grado5": null, "long5": null, "exp5": null, "sector": "Ecológico", "x": -4.380067182, "y": 40.401643344999997, "union": null }, "geometry": { "type": "Point", "coordinates": [ -4.380009408698729, 40.401789194955313 ] } },
{ "type": "Feature", "properties": { "fid": 191, "id": 178, "nombre": "Fort Apache", "modalidad": "Simple", "descripcio": null, "variante": null, "grado1": "7a", "long1": 15, "exp1": null, "grado2": null, "long2": null, "exp2": null, "grado3": null, "long3": null, "exp3": null, "grado4": null, "long4": null, "exp4": null, "grado5": null, "long5": null, "exp5": null, "sector": "Ecológico", "x": -4.380067182, "y": 40.401643344999997, "union": null }, "geometry": { "type": "Point", "coordinates": [ -4.380013619873067, 40.401795932834254 ] } },
{ "type": "Feature", "properties": { "fid": 192, "id": 179, "nombre": "La tuerka", "modalidad": "Simple", "descripcio": null, "variante": null, "grado1": "7c", "long1": 15, "exp1": null, "grado2": null, "long2": null, "exp2": null, "grado3": null, "long3": null, "exp3": null, "grado4": null, "long4": null, "exp4": null, "grado5": null, "long5": null, "exp5": null, "sector": "Ecológico", "x": -4.380067182, "y": 40.401643344999997, "union": null }, "geometry": { "type": "Point", "coordinates": [ -4.380021199986877, 40.401802670713195 ] } },
{ "type": "Feature", "properties": { "fid": 193, "id": 180, "nombre": "La guadaña", "modalidad": "Simple", "descripcio": null, "variante": null, "grado1": "7b", "long1": 15, "exp1": null, "grado2": null, "long2": null, "exp2": null, "grado3": null, "long3": null, "exp3": null, "grado4": null, "long4": null, "exp4": null, "grado5": null, "long5": null, "exp5": null, "sector": "Ecológico", "x": -4.380067182, "y": 40.401643344999997, "union": null }, "geometry": { "type": "Point", "coordinates": [ -4.380027516748384, 40.401810250827005 ] } },
{ "type": "Feature", "properties": { "fid": 194, "id": 181, "nombre": "Top rincón", "modalidad": "Simple", "descripcio": null, "variante": null, "grado1": "6a+", "long1": 15, "exp1": 4, "grado2": null, "long2": null, "exp2": null, "grado3": null, "long3": null, "exp3": null, "grado4": null, "long4": null, "exp4": null, "grado5": null, "long5": null, "exp5": null, "sector": "Pepino, Quimicolandia, Yunque y Castillo", "x": -4.380843248, "y": 40.401676629000001, "union": null }, "geometry": { "type": "Point", "coordinates": [ -4.380844905687431, 40.401521995943561 ] } },
{ "type": "Feature", "properties": { "fid": 195, "id": 182, "nombre": "La pornai", "modalidad": "Simple", "descripcio": null, "variante": null, "grado1": "6c+", "long1": 17, "exp1": 5, "grado2": null, "long2": null, "exp2": null, "grado3": null, "long3": null, "exp3": null, "grado4": null, "long4": null, "exp4": null, "grado5": null, "long5": null, "exp5": null, "sector": "Pepino, Quimicolandia, Yunque y Castillo", "x": -4.380843248, "y": 40.401676629000001, "union": null }, "geometry": { "type": "Point", "coordinates": [ -4.380822165346006, 40.401540525110654 ] } },
{ "type": "Feature", "properties": { "fid": 196, "id": 183, "nombre": "Pillaje en las cajas", "modalidad": "Simple", "descripcio": null, "variante": null, "grado1": "7a+", "long1": 15, "exp1": 4, "grado2": null, "long2": null, "exp2": null, "grado3": null, "long3": null, "exp3": null, "grado4": null, "long4": null, "exp4": null, "grado5": null, "long5": null, "exp5": null, "sector": "Pepino, Quimicolandia, Yunque y Castillo", "x": -4.380843248, "y": 40.401676629000001, "union": null }, "geometry": { "type": "Point", "coordinates": [ -4.380804478413785, 40.401560738747477 ] } },
{ "type": "Feature", "properties": { "fid": 197, "id": 184, "nombre": "Me sobra mes a final de sueldo", "modalidad": "Simple", "descripcio": null, "variante": null, "grado1": "7a", "long1": 15, "exp1": 4, "grado2": null, "long2": null, "exp2": null, "grado3": null, "long3": null, "exp3": null, "grado4": null, "long4": null, "exp4": null, "grado5": null, "long5": null, "exp5": null, "sector": "Pepino, Quimicolandia, Yunque y Castillo", "x": -4.380843248, "y": 40.401676629000001, "union": null }, "geometry": { "type": "Point", "coordinates": [ -4.380795213830241, 40.401584321323767 ] } },
{ "type": "Feature", "properties": { "fid": 198, "id": 185, "nombre": "No falta el dinero. Sobran ladrones", "modalidad": "Simple", "descripcio": null, "variante": null, "grado1": "6c+", "long1": 15, "exp1": 4, "grado2": null, "long2": null, "exp2": null, "grado3": null, "long3": null, "exp3": null, "grado4": null, "long4": null, "exp4": null, "grado5": null, "long5": null, "exp5": null, "sector": "Pepino, Quimicolandia, Yunque y Castillo", "x": -4.380843248, "y": 40.401676629000001, "union": null }, "geometry": { "type": "Point", "coordinates": [ -4.380784264776961, 40.40160453496059 ] } },
{ "type": "Feature", "properties": { "fid": 199, "id": 186, "nombre": "Proyecto", "modalidad": "Simple", "descripcio": null, "variante": null, "grado1": null, "long1": null, "exp1": null, "grado2": null, "long2": null, "exp2": null, "grado3": null, "long3": null, "exp3": null, "grado4": null, "long4": null, "exp4": null, "grado5": null, "long5": null, "exp5": null, "sector": "Pepino, Quimicolandia, Yunque y Castillo", "x": -4.380843248, "y": 40.401676629000001, "union": null }, "geometry": { "type": "Point", "coordinates": [ -4.380773315723682, 40.401631486476354 ] } },
{ "type": "Feature", "properties": { "fid": 200, "id": 187, "nombre": "Proyecto", "modalidad": "Simple", "descripcio": null, "variante": null, "grado1": "7?", "long1": 30, "exp1": null, "grado2": null, "long2": null, "exp2": null, "grado3": null, "long3": null, "exp3": null, "grado4": null, "long4": null, "exp4": null, "grado5": null, "long5": null, "exp5": null, "sector": "Pepino, Quimicolandia, Yunque y Castillo", "x": -4.380843248, "y": 40.401676629000001, "union": null }, "geometry": { "type": "Point", "coordinates": [ -4.380764893375005, 40.401650015643447 ] } },
{ "type": "Feature", "properties": { "fid": 201, "id": 188, "nombre": "Perro decotador poco mordedor", "modalidad": "Simple", "descripcio": null, "variante": null, "grado1": "7c", "long1": 20, "exp1": 7, "grado2": null, "long2": null, "exp2": null, "grado3": null, "long3": null, "exp3": null, "grado4": null, "long4": null, "exp4": null, "grado5": null, "long5": null, "exp5": null, "sector": "Pepino, Quimicolandia, Yunque y Castillo", "x": -4.380843248, "y": 40.401676629000001, "union": null }, "geometry": { "type": "Point", "coordinates": [ -4.380757313261197, 40.401669387045402 ] } },
{ "type": "Feature", "properties": { "fid": 202, "id": 189, "nombre": "El triunfo de lo improbable", "modalidad": "Simple", "descripcio": null, "variante": null, "grado1": "6b", "long1": 22, "exp1": 6, "grado2": null, "long2": null, "exp2": null, "grado3": null, "long3": null, "exp3": null, "grado4": null, "long4": null, "exp4": null, "grado5": null, "long5": null, "exp5": null, "sector": "Pepino, Quimicolandia, Yunque y Castillo", "x": -4.380843248, "y": 40.401676629000001, "union": null }, "geometry": { "type": "Point", "coordinates": [ -4.380750575382256, 40.401692969621692 ] } },
{ "type": "Feature", "properties": { "fid": 203, "id": 190, "nombre": "Castillo de Naipes", "modalidad": "Simple", "descripcio": null, "variante": null, "grado1": "7b+", "long1": 25, "exp1": 7, "grado2": null, "long2": null, "exp2": null, "grado3": null, "long3": null, "exp3": null, "grado4": null, "long4": null, "exp4": null, "grado5": null, "long5": null, "exp5": null, "sector": "Pepino, Quimicolandia, Yunque y Castillo", "x": -4.380843248, "y": 40.401676629000001, "union": null }, "geometry": { "type": "Point", "coordinates": [ -4.380748048677653, 40.401713183258515 ] } },
{ "type": "Feature", "properties": { "fid": 204, "id": 191, "nombre": "El hombre dogmático", "modalidad": "Simple", "descripcio": null, "variante": null, "grado1": "7b+", "long1": 25, "exp1": 7, "grado2": null, "long2": null, "exp2": null, "grado3": null, "long3": null, "exp3": null, "grado4": null, "long4": null, "exp4": null, "grado5": null, "long5": null, "exp5": null, "sector": "Pepino, Quimicolandia, Yunque y Castillo", "x": -4.380843248, "y": 40.401676629000001, "union": null }, "geometry": { "type": "Point", "coordinates": [ -4.380742153033579, 40.401733396895338 ] } },
{ "type": "Feature", "properties": { "fid": 205, "id": 192, "nombre": "El conflicto del cordero", "modalidad": "Simple", "descripcio": null, "variante": null, "grado1": "6a", "long1": 18, "exp1": 5, "grado2": null, "long2": null, "exp2": null, "grado3": null, "long3": null, "exp3": null, "grado4": null, "long4": null, "exp4": null, "grado5": null, "long5": null, "exp5": null, "sector": "Pepino, Quimicolandia, Yunque y Castillo", "x": -4.380843248, "y": 40.401676629000001, "union": null }, "geometry": { "type": "Point", "coordinates": [ -4.380738784094109, 40.4017527682973 ] } },
{ "type": "Feature", "properties": { "fid": 206, "id": 193, "nombre": "Leyenda de la cuerda más efímera de la historia", "modalidad": "Simple", "descripcio": null, "variante": null, "grado1": "7a+", "long1": 18, "exp1": 5, "grado2": null, "long2": null, "exp2": null, "grado3": null, "long3": null, "exp3": null, "grado4": null, "long4": null, "exp4": null, "grado5": null, "long5": null, "exp5": null, "sector": "Pepino, Quimicolandia, Yunque y Castillo", "x": -4.380843248, "y": 40.401676629000001, "union": null }, "geometry": { "type": "Point", "coordinates": [ -4.380733730684903, 40.401772981934123 ] } },
{ "type": "Feature", "properties": { "fid": 207, "id": 194, "nombre": "Sikando bajo la lluvia", "modalidad": "Simple", "descripcio": null, "variante": null, "grado1": "7b+", "long1": 20, "exp1": 6, "grado2": null, "long2": null, "exp2": null, "grado3": null, "long3": null, "exp3": null, "grado4": null, "long4": null, "exp4": null, "grado5": null, "long5": null, "exp5": null, "sector": "Pepino, Quimicolandia, Yunque y Castillo", "x": -4.380843248, "y": 40.401676629000001, "union": null }, "geometry": { "type": "Point", "coordinates": [ -4.380732888450035, 40.401789826631472 ] } },
{ "type": "Feature", "properties": { "fid": 208, "id": 195, "nombre": "La prueba", "modalidad": "Clásica", "descripcio": null, "variante": null, "grado1": "7a", "long1": 18, "exp1": null, "grado2": null, "long2": null, "exp2": null, "grado3": null, "long3": null, "exp3": null, "grado4": null, "long4": null, "exp4": null, "grado5": null, "long5": null, "exp5": null, "sector": "Pepino, Quimicolandia, Yunque y Castillo", "x": -4.380843248, "y": 40.401676629000001, "union": null }, "geometry": { "type": "Point", "coordinates": [ -4.380735415154638, 40.401814251442637 ] } },
{ "type": "Feature", "properties": { "fid": 209, "id": 196, "nombre": "Aguja piruja", "modalidad": "Simple", "descripcio": null, "variante": null, "grado1": "5+", "long1": null, "exp1": 5, "grado2": null, "long2": null, "exp2": null, "grado3": null, "long3": null, "exp3": null, "grado4": null, "long4": null, "exp4": null, "grado5": null, "long5": null, "exp5": null, "sector": "Krapulín", "x": -4.380703941, "y": 40.401562319, "union": null }, "geometry": { "type": "Point", "coordinates": [ -4.380730361745432, 40.401411663175899 ] } },
{ "type": "Feature", "properties": { "fid": 210, "id": 197, "nombre": "Meditaciones en el cementerio", "modalidad": "Simple", "descripcio": null, "variante": null, "grado1": "6a", "long1": null, "exp1": 3, "grado2": null, "long2": null, "exp2": null, "grado3": null, "long3": null, "exp3": null, "grado4": null, "long4": null, "exp4": null, "grado5": null, "long5": null, "exp5": null, "sector": "Krapulín", "x": -4.380703941, "y": 40.401562319, "union": null }, "geometry": { "type": "Point", "coordinates": [ -4.380721097161888, 40.401428507873248 ] } },
{ "type": "Feature", "properties": { "fid": 211, "id": 198, "nombre": "Sin crampones en la Bola del Mundo", "modalidad": "Simple", "descripcio": null, "variante": null, "grado1": "5", "long1": null, "exp1": null, "grado2": null, "long2": null, "exp2": null, "grado3": null, "long3": null, "exp3": null, "grado4": null, "long4": null, "exp4": null, "grado5": null, "long5": null, "exp5": null, "sector": "Krapulín", "x": -4.380703941, "y": 40.401562319, "union": null }, "geometry": { "type": "Point", "coordinates": [ -4.3807025679948, 40.401448721510079 ] } },
{ "type": "Feature", "properties": { "fid": 212, "id": 199, "nombre": "A lo hecho, techo", "modalidad": "Simple", "descripcio": null, "variante": null, "grado1": "6b", "long1": null, "exp1": 3, "grado2": null, "long2": null, "exp2": null, "grado3": null, "long3": null, "exp3": null, "grado4": null, "long4": null, "exp4": null, "grado5": null, "long5": null, "exp5": null, "sector": "Krapulín", "x": -4.380703941, "y": 40.401562319, "union": null }, "geometry": { "type": "Point", "coordinates": [ -4.380687407767182, 40.401472304086369 ] } },
{ "type": "Feature", "properties": { "fid": 213, "id": 200, "nombre": "Musgotracción", "modalidad": "Simple", "descripcio": null, "variante": null, "grado1": "6b+", "long1": null, "exp1": null, "grado2": null, "long2": null, "exp2": null, "grado3": null, "long3": null, "exp3": null, "grado4": null, "long4": null, "exp4": null, "grado5": null, "long5": null, "exp5": null, "sector": "Krapulín", "x": -4.380703941, "y": 40.401562319, "union": null }, "geometry": { "type": "Point", "coordinates": [ -4.380671405304697, 40.40149335995806 ] } },
{ "type": "Feature", "properties": { "fid": 214, "id": 201, "nombre": "Yo más, yo antes, yo primero", "modalidad": "Simple", "descripcio": null, "variante": null, "grado1": "6a+", "long1": null, "exp1": 4, "grado2": null, "long2": null, "exp2": null, "grado3": null, "long3": null, "exp3": null, "grado4": null, "long4": null, "exp4": null, "grado5": null, "long5": null, "exp5": null, "sector": "Krapulín", "x": -4.380703941, "y": 40.401562319, "union": null }, "geometry": { "type": "Point", "coordinates": [ -4.380657087311947, 40.401513573594883 ] } },
{ "type": "Feature", "properties": { "fid": 215, "id": 202, "nombre": "Peláez de geta", "modalidad": "Simple", "descripcio": null, "variante": null, "grado1": "7a", "long1": null, "exp1": null, "grado2": null, "long2": null, "exp2": null, "grado3": null, "long3": null, "exp3": null, "grado4": null, "long4": null, "exp4": null, "grado5": null, "long5": null, "exp5": null, "sector": "Krapulín", "x": -4.380703941, "y": 40.401562319, "union": null }, "geometry": { "type": "Point", "coordinates": [ -4.380644453788932, 40.401540525110647 ] } },
{ "type": "Feature", "properties": { "fid": 216, "id": 203, "nombre": "Explosión inguinal", "modalidad": "Simple", "descripcio": null, "variante": null, "grado1": "7b+", "long1": null, "exp1": null, "grado2": null, "long2": null, "exp2": null, "grado3": null, "long3": null, "exp3": null, "grado4": null, "long4": null, "exp4": null, "grado5": null, "long5": null, "exp5": null, "sector": "Krapulín", "x": -4.380703941, "y": 40.401562319, "union": null }, "geometry": { "type": "Point", "coordinates": [ -4.380633504735653, 40.40156073874747 ] } },
{ "type": "Feature", "properties": { "fid": 217, "id": 204, "nombre": "Tendinitis crónica", "modalidad": "Simple", "descripcio": null, "variante": null, "grado1": "7a", "long1": null, "exp1": null, "grado2": null, "long2": null, "exp2": null, "grado3": null, "long3": null, "exp3": null, "grado4": null, "long4": null, "exp4": null, "grado5": null, "long5": null, "exp5": null, "sector": "Krapulín", "x": -4.380703941, "y": 40.401562319, "union": null }, "geometry": { "type": "Point", "coordinates": [ -4.380622555682374, 40.401583479088899 ] } },
{ "type": "Feature", "properties": { "fid": 218, "id": 205, "nombre": "Lo que el musgo esconde", "modalidad": "Simple", "descripcio": null, "variante": null, "grado1": "6c", "long1": null, "exp1": 6, "grado2": null, "long2": null, "exp2": null, "grado3": null, "long3": null, "exp3": null, "grado4": null, "long4": null, "exp4": null, "grado5": null, "long5": null, "exp5": null, "sector": "Krapulín", "x": -4.380703941, "y": 40.401562319, "union": null }, "geometry": { "type": "Point", "coordinates": [ -4.38061329109883, 40.401607903900057 ] } },
{ "type": "Feature", "properties": { "fid": 219, "id": 206, "nombre": "Con las fibras colgando", "modalidad": "Simple", "descripcio": null, "variante": null, "grado1": "8a", "long1": null, "exp1": null, "grado2": null, "long2": null, "exp2": null, "grado3": null, "long3": null, "exp3": null, "grado4": null, "long4": null, "exp4": null, "grado5": null, "long5": null, "exp5": null, "sector": "Krapulín", "x": -4.380703941, "y": 40.401562319, "union": null }, "geometry": { "type": "Point", "coordinates": [ -4.380609079924492, 40.40162811753688 ] } },
{ "type": "Feature", "properties": { "fid": 220, "id": 207, "nombre": "El diedro Dülfer", "modalidad": "Simple", "descripcio": null, "variante": null, "grado1": "6c", "long1": null, "exp1": null, "grado2": null, "long2": null, "exp2": null, "grado3": null, "long3": null, "exp3": null, "grado4": null, "long4": null, "exp4": null, "grado5": null, "long5": null, "exp5": null, "sector": "Krapulín", "x": -4.380703941, "y": 40.401562319, "union": null }, "geometry": { "type": "Point", "coordinates": [ -4.380593077462006, 40.401660964696724 ] } },
{ "type": "Feature", "properties": { "fid": 221, "id": 208, "nombre": "Intersticio sensual", "modalidad": "Simple", "descripcio": null, "variante": null, "grado1": "6b", "long1": null, "exp1": null, "grado2": null, "long2": null, "exp2": null, "grado3": null, "long3": null, "exp3": null, "grado4": null, "long4": null, "exp4": null, "grado5": null, "long5": null, "exp5": null, "sector": "Krapulín", "x": -4.380703941, "y": 40.401562319, "union": null }, "geometry": { "type": "Point", "coordinates": [ -4.380586339583065, 40.401682862803277 ] } },
{ "type": "Feature", "properties": { "fid": 222, "id": 209, "nombre": "Dependencias mórbidas", "modalidad": "Simple", "descripcio": null, "variante": null, "grado1": "6b+", "long1": null, "exp1": null, "grado2": null, "long2": null, "exp2": null, "grado3": null, "long3": null, "exp3": null, "grado4": null, "long4": null, "exp4": null, "grado5": null, "long5": null, "exp5": null, "sector": "Krapulín", "x": -4.380703941, "y": 40.401562319, "union": null }, "geometry": { "type": "Point", "coordinates": [ -4.38057370606005, 40.401710656553909 ] } },
{ "type": "Feature", "properties": { "fid": 223, "id": 210, "nombre": "Sin el diedro no me aferro", "modalidad": "Simple", "descripcio": null, "variante": null, "grado1": "6b+", "long1": 15, "exp1": 6, "grado2": null, "long2": null, "exp2": null, "grado3": null, "long3": null, "exp3": null, "grado4": null, "long4": null, "exp4": null, "grado5": null, "long5": null, "exp5": null, "sector": "Vacaciones en el mar inferior", "x": -4.381310773, "y": 40.402201229, "union": null }, "geometry": { "type": "Point", "coordinates": [ -4.381133792247033, 40.402274111680391 ] } },
{ "type": "Feature", "properties": { "fid": 224, "id": 211, "nombre": "Volando entre bloques", "modalidad": "Simple", "descripcio": null, "variante": null, "grado1": "5+", "long1": 15, "exp1": 6, "grado2": null, "long2": null, "exp2": null, "grado3": null, "long3": null, "exp3": null, "grado4": null, "long4": null, "exp4": null, "grado5": null, "long5": null, "exp5": null, "sector": "Vacaciones en el mar inferior", "x": -4.381310773, "y": 40.402201229, "union": null }, "geometry": { "type": "Point", "coordinates": [ -4.3811632704674, 40.402277480619865 ] } },
{ "type": "Feature", "properties": { "fid": 225, "id": 212, "nombre": "El Quiosco de Abel", "modalidad": "Simple", "descripcio": null, "variante": null, "grado1": "5+", "long1": 15, "exp1": 6, "grado2": null, "long2": null, "exp2": null, "grado3": null, "long3": null, "exp3": null, "grado4": null, "long4": null, "exp4": null, "grado5": null, "long5": null, "exp5": null, "sector": "Vacaciones en el mar inferior", "x": -4.381310773, "y": 40.402201229, "union": null }, "geometry": { "type": "Point", "coordinates": [ -4.381190221983164, 40.402276638384997 ] } },
{ "type": "Feature", "properties": { "fid": 226, "id": 213, "nombre": "Pasto del ganao", "modalidad": "Simple", "descripcio": null, "variante": null, "grado1": "6a", "long1": 10, "exp1": 5, "grado2": null, "long2": null, "exp2": null, "grado3": null, "long3": null, "exp3": null, "grado4": null, "long4": null, "exp4": null, "grado5": null, "long5": null, "exp5": null, "sector": "Vacaciones en el mar inferior", "x": -4.381310773, "y": 40.402201229, "union": null }, "geometry": { "type": "Point", "coordinates": [ -4.381225595847606, 40.402277480619865 ] } },
{ "type": "Feature", "properties": { "fid": 227, "id": 214, "nombre": "Empotramiento fatídico", "modalidad": "Simple", "descripcio": null, "variante": null, "grado1": "6b", "long1": 10, "exp1": 5, "grado2": null, "long2": null, "exp2": null, "grado3": null, "long3": null, "exp3": null, "grado4": null, "long4": null, "exp4": null, "grado5": null, "long5": null, "exp5": null, "sector": "Vacaciones en el mar inferior", "x": -4.381310773, "y": 40.402201229, "union": null }, "geometry": { "type": "Point", "coordinates": [ -4.381246651719297, 40.402281691794201 ] } },
{ "type": "Feature", "properties": { "fid": 228, "id": 215, "nombre": "Lady Trango", "modalidad": "Simple", "descripcio": null, "variante": null, "grado1": "6a", "long1": 10, "exp1": 4, "grado2": null, "long2": null, "exp2": null, "grado3": null, "long3": null, "exp3": null, "grado4": null, "long4": null, "exp4": null, "grado5": null, "long5": null, "exp5": null, "sector": "Vacaciones en el mar inferior", "x": -4.381310773, "y": 40.402201229, "union": null }, "geometry": { "type": "Point", "coordinates": [ -4.381269392060723, 40.402282534029069 ] } },
{ "type": "Feature", "properties": { "fid": 229, "id": 216, "nombre": "Conciencia sutil", "modalidad": "Simple", "descripcio": null, "variante": null, "grado1": "6b+", "long1": 15, "exp1": 5, "grado2": null, "long2": null, "exp2": null, "grado3": null, "long3": null, "exp3": null, "grado4": null, "long4": null, "exp4": null, "grado5": null, "long5": null, "exp5": null, "sector": "Vacaciones en el mar inferior", "x": -4.381310773, "y": 40.402201229, "union": null }, "geometry": { "type": "Point", "coordinates": [ -4.38129213240215, 40.402285060733675 ] } },
{ "type": "Feature", "properties": { "fid": 230, "id": 217, "nombre": "Consumismo sutil", "modalidad": "Simple", "descripcio": null, "variante": null, "grado1": "6c", "long1": 15, "exp1": 5, "grado2": null, "long2": null, "exp2": null, "grado3": null, "long3": null, "exp3": null, "grado4": null, "long4": null, "exp4": null, "grado5": null, "long5": null, "exp5": null, "sector": "Vacaciones en el mar inferior", "x": -4.381310773, "y": 40.402201229, "union": null }, "geometry": { "type": "Point", "coordinates": [ -4.381316557213311, 40.402286745203405 ] } },
{ "type": "Feature", "properties": { "fid": 231, "id": 218, "nombre": "Biología de mercado", "modalidad": "Simple", "descripcio": null, "variante": null, "grado1": "5", "long1": 15, "exp1": null, "grado2": null, "long2": null, "exp2": null, "grado3": null, "long3": null, "exp3": null, "grado4": null, "long4": null, "exp4": null, "grado5": null, "long5": null, "exp5": null, "sector": "Vacaciones en el mar inferior", "x": -4.381310773, "y": 40.402201229, "union": null }, "geometry": { "type": "Point", "coordinates": [ -4.381356984486958, 40.402290114142879 ] } },
{ "type": "Feature", "properties": { "fid": 232, "id": 219, "nombre": "En carne viva", "modalidad": "Simple", "descripcio": null, "variante": null, "grado1": "6a+", "long1": 8, "exp1": 3, "grado2": null, "long2": null, "exp2": null, "grado3": null, "long3": null, "exp3": null, "grado4": null, "long4": null, "exp4": null, "grado5": null, "long5": null, "exp5": null, "sector": "Vacaciones en el mar inferior", "x": -4.381310773, "y": 40.402201229, "union": null }, "geometry": { "type": "Point", "coordinates": [ -4.381391516116532, 40.402298536491557 ] } },
{ "type": "Feature", "properties": { "fid": 233, "id": 220, "nombre": "Cláusula de revisión salarial", "modalidad": "Simple", "descripcio": null, "variante": null, "grado1": "6b+", "long1": 8, "exp1": 3, "grado2": null, "long2": null, "exp2": null, "grado3": null, "long3": null, "exp3": null, "grado4": null, "long4": null, "exp4": null, "grado5": null, "long5": null, "exp5": null, "sector": "Vacaciones en el mar inferior", "x": -4.381310773, "y": 40.402201229, "union": null }, "geometry": { "type": "Point", "coordinates": [ -4.381423521041502, 40.402302747665892 ] } },
{ "type": "Feature", "properties": { "fid": 234, "id": 221, "nombre": "Mas caña a los usureros", "modalidad": "Simple", "descripcio": null, "variante": null, "grado1": "6c", "long1": 7, "exp1": 3, "grado2": null, "long2": null, "exp2": null, "grado3": null, "long3": null, "exp3": null, "grado4": null, "long4": null, "exp4": null, "grado5": null, "long5": null, "exp5": null, "sector": "Vacaciones en el mar inferior", "x": -4.381310773, "y": 40.402201229, "union": null }, "geometry": { "type": "Point", "coordinates": [ -4.381443734678325, 40.402306116605367 ] } },
{ "type": "Feature", "properties": { "fid": 235, "id": 222, "nombre": "Contra la congelación salarial", "modalidad": "Simple", "descripcio": null, "variante": null, "grado1": "6a", "long1": 7, "exp1": 2, "grado2": null, "long2": null, "exp2": null, "grado3": null, "long3": null, "exp3": null, "grado4": null, "long4": null, "exp4": null, "grado5": null, "long5": null, "exp5": null, "sector": "Vacaciones en el mar inferior", "x": -4.381310773, "y": 40.402201229, "union": null }, "geometry": { "type": "Point", "coordinates": [ -4.38148500418684, 40.402306958840221 ] } },
{ "type": "Feature", "properties": { "fid": 236, "id": 223, "nombre": "Rocaviejo", "modalidad": "Simple", "descripcio": null, "variante": null, "grado1": "7a", "long1": 14, "exp1": null, "grado2": null, "long2": null, "exp2": null, "grado3": null, "long3": null, "exp3": null, "grado4": null, "long4": null, "exp4": null, "grado5": null, "long5": null, "exp5": null, "sector": "Vacaciones en el mar superior", "x": -4.38132734, "y": 40.40212794, "union": null }, "geometry": { "type": "Point", "coordinates": [ -4.381159901527928, 40.402113244820661 ] } },
{ "type": "Feature", "properties": { "fid": 237, "id": 224, "nombre": "El chico del a vista para salir en la revista", "modalidad": "Simple", "descripcio": null, "variante": null, "grado1": "7c+", "long1": 16, "exp1": null, "grado2": null, "long2": null, "exp2": null, "grado3": null, "long3": null, "exp3": null, "grado4": null, "long4": null, "exp4": null, "grado5": null, "long5": null, "exp5": null, "sector": "Vacaciones en el mar superior", "x": -4.38132734, "y": 40.40212794, "union": null }, "geometry": { "type": "Point", "coordinates": [ -4.381174219520679, 40.402128405048281 ] } },
{ "type": "Feature", "properties": { "fid": 238, "id": 225, "nombre": "Hasta el rabo todo es toro", "modalidad": "Simple", "descripcio": null, "variante": null, "grado1": "7a+", "long1": 16, "exp1": null, "grado2": null, "long2": null, "exp2": null, "grado3": null, "long3": null, "exp3": null, "grado4": null, "long4": null, "exp4": null, "grado5": null, "long5": null, "exp5": null, "sector": "Vacaciones en el mar superior", "x": -4.38132734, "y": 40.40212794, "union": null }, "geometry": { "type": "Point", "coordinates": [ -4.381186010808825, 40.402141038571294 ] } },
{ "type": "Feature", "properties": { "fid": 239, "id": 226, "nombre": "El hombre duda", "modalidad": "Simple", "descripcio": null, "variante": null, "grado1": "6b+", "long1": 18, "exp1": null, "grado2": null, "long2": null, "exp2": null, "grado3": null, "long3": null, "exp3": null, "grado4": null, "long4": null, "exp4": null, "grado5": null, "long5": null, "exp5": null, "sector": "Vacaciones en el mar superior", "x": -4.38132734, "y": 40.40212794, "union": null }, "geometry": { "type": "Point", "coordinates": [ -4.381207908915385, 40.402154514329176 ] } },
{ "type": "Feature", "properties": { "fid": 240, "id": 227, "nombre": "Berta", "modalidad": "Simple", "descripcio": null, "variante": null, "grado1": "6c", "long1": 18, "exp1": null, "grado2": null, "long2": null, "exp2": null, "grado3": null, "long3": null, "exp3": null, "grado4": null, "long4": null, "exp4": null, "grado5": null, "long5": null, "exp5": null, "sector": "Vacaciones en el mar superior", "x": -4.38132734, "y": 40.40212794, "union": null }, "geometry": { "type": "Point", "coordinates": [ -4.381224753612737, 40.402162094442986 ] } },
{ "type": "Feature", "properties": { "fid": 241, "id": 228, "nombre": "Postergando la vida real", "modalidad": "Simple", "descripcio": null, "variante": null, "grado1": "7a", "long1": 20, "exp1": null, "grado2": null, "long2": null, "exp2": null, "grado3": null, "long3": null, "exp3": null, "grado4": null, "long4": null, "exp4": null, "grado5": null, "long5": null, "exp5": null, "sector": "Vacaciones en el mar superior", "x": -4.38132734, "y": 40.40212794, "union": null }, "geometry": { "type": "Point", "coordinates": [ -4.38125254736337, 40.40216546338246 ] } },
{ "type": "Feature", "properties": { "fid": 242, "id": 229, "nombre": "Potencial infinito", "modalidad": "Simple", "descripcio": null, "variante": null, "grado1": "7b", "long1": 20, "exp1": 9, "grado2": null, "long2": null, "exp2": null, "grado3": null, "long3": null, "exp3": null, "grado4": null, "long4": null, "exp4": null, "grado5": null, "long5": null, "exp5": null, "sector": "Vacaciones en el mar superior", "x": -4.38132734, "y": 40.40212794, "union": null }, "geometry": { "type": "Point", "coordinates": [ -4.381278656644266, 40.402171359026532 ] } },
{ "type": "Feature", "properties": { "fid": 243, "id": 230, "nombre": "Trayectoria indefinida", "modalidad": "Simple", "descripcio": null, "variante": "SI", "grado1": "6c", "long1": 20, "exp1": 8, "grado2": "6c", "long2": 20, "exp2": 8, "grado3": null, "long3": null, "exp3": null, "grado4": null, "long4": null, "exp4": null, "grado5": null, "long5": null, "exp5": null, "sector": "Vacaciones en el mar superior", "x": -4.38132734, "y": 40.40212794, "union": null }, "geometry": { "type": "Point", "coordinates": [ -4.381305608160031, 40.402177254670605 ] } },
{ "type": "Feature", "properties": { "fid": 244, "id": 231, "nombre": "Subconsciente gestual", "modalidad": "Simple", "descripcio": null, "variante": null, "grado1": "6b+", "long1": 20, "exp1": null, "grado2": null, "long2": null, "exp2": null, "grado3": null, "long3": null, "exp3": null, "grado4": null, "long4": null, "exp4": null, "grado5": null, "long5": null, "exp5": null, "sector": "Vacaciones en el mar superior", "x": -4.38132734, "y": 40.40212794, "union": null }, "geometry": { "type": "Point", "coordinates": [ -4.381320768387648, 40.402180623610079 ] } },
{ "type": "Feature", "properties": { "fid": 245, "id": 232, "nombre": "El escalador acrofóbico", "modalidad": "Simple", "descripcio": null, "variante": null, "grado1": "6c", "long1": 20, "exp1": 8, "grado2": null, "long2": null, "exp2": null, "grado3": null, "long3": null, "exp3": null, "grado4": null, "long4": null, "exp4": null, "grado5": null, "long5": null, "exp5": null, "sector": "Vacaciones en el mar superior", "x": -4.38132734, "y": 40.40212794, "union": null }, "geometry": { "type": "Point", "coordinates": [ -4.381342666494207, 40.40218146584494 ] } },
{ "type": "Feature", "properties": { "fid": 246, "id": 233, "nombre": "Heliotropismo", "modalidad": "Simple", "descripcio": null, "variante": null, "grado1": "6b+", "long1": 20, "exp1": 7, "grado2": null, "long2": null, "exp2": null, "grado3": null, "long3": null, "exp3": null, "grado4": null, "long4": null, "exp4": null, "grado5": null, "long5": null, "exp5": null, "sector": "Vacaciones en el mar superior", "x": -4.38132734, "y": 40.40212794, "union": null }, "geometry": { "type": "Point", "coordinates": [ -4.38136288013103, 40.402183150314677 ] } },
{ "type": "Feature", "properties": { "fid": 247, "id": 234, "nombre": "Triquinosis", "modalidad": "Simple", "descripcio": null, "variante": null, "grado1": "6a+", "long1": 20, "exp1": 8, "grado2": null, "long2": null, "exp2": null, "grado3": null, "long3": null, "exp3": null, "grado4": null, "long4": null, "exp4": null, "grado5": null, "long5": null, "exp5": null, "sector": "Vacaciones en el mar superior", "x": -4.38132734, "y": 40.40212794, "union": null }, "geometry": { "type": "Point", "coordinates": [ -4.381382251532987, 40.402183992549546 ] } },
{ "type": "Feature", "properties": { "fid": 248, "id": 235, "nombre": "Mirada de cocodrilo", "modalidad": "Simple", "descripcio": null, "variante": "SI", "grado1": "6c", "long1": 15, "exp1": 6, "grado2": null, "long2": null, "exp2": null, "grado3": null, "long3": null, "exp3": null, "grado4": null, "long4": null, "exp4": null, "grado5": null, "long5": null, "exp5": null, "sector": "Vacaciones en el mar superior", "x": -4.38132734, "y": 40.40212794, "union": "248_249" }, "geometry": { "type": "Point", "coordinates": [ -4.381401622934942, 40.402180623610079 ] } },
{ "type": "Feature", "properties": { "fid": 249, "id": 236, "nombre": "La envidia no se toma días libres", "modalidad": "Clásica mixta", "descripcio": null, "variante": "SI", "grado1": "6b", "long1": 15, "exp1": 4, "grado2": null, "long2": null, "exp2": null, "grado3": null, "long3": null, "exp3": null, "grado4": null, "long4": null, "exp4": null, "grado5": null, "long5": null, "exp5": null, "sector": "Vacaciones en el mar superior", "x": -4.38132734, "y": 40.40212794, "union": "248_249" }, "geometry": { "type": "Point", "coordinates": [ -4.381419309867162, 40.402173885731138 ] } },
{ "type": "Feature", "properties": { "fid": 250, "id": 237, "nombre": "Sin clecas no hay paraíso", "modalidad": "Simple", "descripcio": null, "variante": null, "grado1": "6b+", "long1": 15, "exp1": 5, "grado2": null, "long2": null, "exp2": null, "grado3": null, "long3": null, "exp3": null, "grado4": null, "long4": null, "exp4": null, "grado5": null, "long5": null, "exp5": null, "sector": "Vacaciones en el mar superior", "x": -4.38132734, "y": 40.40212794, "union": null }, "geometry": { "type": "Point", "coordinates": [ -4.381432785625045, 40.402169674556795 ] } },
{ "type": "Feature", "properties": { "fid": 251, "id": 238, "nombre": "Chaperos Mundi", "modalidad": "Clásica mixta", "descripcio": null, "variante": "SI", "grado1": "6b", "long1": 15, "exp1": 3, "grado2": null, "long2": null, "exp2": null, "grado3": null, "long3": null, "exp3": null, "grado4": null, "long4": null, "exp4": null, "grado5": null, "long5": null, "exp5": null, "sector": "Vacaciones en el mar superior", "x": -4.38132734, "y": 40.40212794, "union": "238_239" }, "geometry": { "type": "Point", "coordinates": [ -4.381453841496736, 40.402159567738387 ] } },
{ "type": "Feature", "properties": { "fid": 252, "id": 239, "nombre": "Aviones roqueros", "modalidad": "Simple", "descripcio": null, "variante": "SI", "grado1": "6c+", "long1": 15, "exp1": null, "grado2": null, "long2": null, "exp2": null, "grado3": null, "long3": null, "exp3": null, "grado4": null, "long4": null, "exp4": null, "grado5": null, "long5": null, "exp5": null, "sector": "Vacaciones en el mar superior", "x": -4.38132734, "y": 40.40212794, "union": "238_239" }, "geometry": { "type": "Point", "coordinates": [ -4.381469843959222, 40.402146934215367 ] } },
{ "type": "Feature", "properties": { "fid": 253, "id": 240, "nombre": "Prohibido chapar dentro de la cueva", "modalidad": "Clásica", "descripcio": null, "variante": null, "grado1": null, "long1": 15, "exp1": null, "grado2": null, "long2": null, "exp2": null, "grado3": null, "long3": null, "exp3": null, "grado4": null, "long4": null, "exp4": null, "grado5": null, "long5": null, "exp5": null, "sector": "Vacaciones en el mar superior", "x": -4.38132734, "y": 40.40212794, "union": null }, "geometry": { "type": "Point", "coordinates": [ -4.38147742407303, 40.402140196336426 ] } },
{ "type": "Feature", "properties": { "fid": 254, "id": 241, "nombre": "Más allá del pensamiento", "modalidad": "Simple", "descripcio": null, "variante": null, "grado1": "6c", "long1": 20, "exp1": 6, "grado2": null, "long2": null, "exp2": null, "grado3": null, "long3": null, "exp3": null, "grado4": null, "long4": null, "exp4": null, "grado5": null, "long5": null, "exp5": null, "sector": "Vacaciones en el mar superior", "x": -4.38132734, "y": 40.40212794, "union": null }, "geometry": { "type": "Point", "coordinates": [ -4.381489215361177, 40.402131773987755 ] } },
{ "type": "Feature", "properties": { "fid": 255, "id": 242, "nombre": "Dogmatofobia", "modalidad": "Simple", "descripcio": null, "variante": null, "grado1": "7a", "long1": 18, "exp1": 8, "grado2": null, "long2": null, "exp2": null, "grado3": null, "long3": null, "exp3": null, "grado4": null, "long4": null, "exp4": null, "grado5": null, "long5": null, "exp5": null, "sector": "Vacaciones en el mar superior", "x": -4.38132734, "y": 40.40212794, "union": null }, "geometry": { "type": "Point", "coordinates": [ -4.381501006649324, 40.402114929290398 ] } },
{ "type": "Feature", "properties": { "fid": 256, "id": 243, "nombre": "La danza de la realidad", "modalidad": "Simple", "descripcio": null, "variante": null, "grado1": "6a+", "long1": 20, "exp1": 6, "grado2": null, "long2": null, "exp2": null, "grado3": null, "long3": null, "exp3": null, "grado4": null, "long4": null, "exp4": null, "grado5": null, "long5": null, "exp5": null, "sector": "Vacaciones en el mar superior", "x": -4.38132734, "y": 40.40212794, "union": null }, "geometry": { "type": "Point", "coordinates": [ -4.381511113467736, 40.40209808459305 ] } },
{ "type": "Feature", "properties": { "fid": 257, "id": 244, "nombre": "Simple mente", "modalidad": "Simple", "descripcio": null, "variante": null, "grado1": "6b", "long1": 20, "exp1": 6, "grado2": null, "long2": null, "exp2": null, "grado3": null, "long3": null, "exp3": null, "grado4": null, "long4": null, "exp4": null, "grado5": null, "long5": null, "exp5": null, "sector": "Vacaciones en el mar superior", "x": -4.38132734, "y": 40.40212794, "union": null }, "geometry": { "type": "Point", "coordinates": [ -4.381515324642074, 40.402082082130562 ] } },
{ "type": "Feature", "properties": { "fid": 258, "id": 245, "nombre": "El Vergel", "modalidad": "Simple", "descripcio": null, "variante": null, "grado1": "6b", "long1": 20, "exp1": 7, "grado2": null, "long2": null, "exp2": null, "grado3": null, "long3": null, "exp3": null, "grado4": null, "long4": null, "exp4": null, "grado5": null, "long5": null, "exp5": null, "sector": "Vergel", "x": -4.3817016, "y": 40.40208543, "union": null }, "geometry": { "type": "Point", "coordinates": [ -4.381687258467954, 40.402224243225533 ] } },
{ "type": "Feature", "properties": { "fid": 259, "id": 246, "nombre": "No hay peor ciego, que el que no quiere ver", "modalidad": "Simple", "descripcio": null, "variante": null, "grado1": "6b+", "long1": 20, "exp1": 6, "grado2": null, "long2": null, "exp2": null, "grado3": null, "long3": null, "exp3": null, "grado4": null, "long4": null, "exp4": null, "grado5": null, "long5": null, "exp5": null, "sector": "Vergel", "x": -4.3817016, "y": 40.40208543, "union": null }, "geometry": { "type": "Point", "coordinates": [ -4.381705312179877, 40.402212837191918 ] } },
{ "type": "Feature", "properties": { "fid": 260, "id": 247, "nombre": "Encuentros en la tercera frase", "modalidad": "Simple", "descripcio": null, "variante": null, "grado1": "6a+", "long1": 20, "exp1": 9, "grado2": null, "long2": null, "exp2": null, "grado3": null, "long3": null, "exp3": null, "grado4": null, "long4": null, "exp4": null, "grado5": null, "long5": null, "exp5": null, "sector": "Vergel", "x": -4.3817016, "y": 40.40208543, "union": null }, "geometry": { "type": "Point", "coordinates": [ -4.381727210286436, 40.402199361434036 ] } },
{ "type": "Feature", "properties": { "fid": 261, "id": 248, "nombre": "Proyección compulsiva", "modalidad": "Simple", "descripcio": null, "variante": null, "grado1": "6b", "long1": 20, "exp1": 8, "grado2": null, "long2": null, "exp2": null, "grado3": null, "long3": null, "exp3": null, "grado4": null, "long4": null, "exp4": null, "grado5": null, "long5": null, "exp5": null, "sector": "Vergel", "x": -4.3817016, "y": 40.40208543, "union": null }, "geometry": { "type": "Point", "coordinates": [ -4.381744054983788, 40.402189254615628 ] } },
{ "type": "Feature", "properties": { "fid": 262, "id": 249, "nombre": "El eterno devenir", "modalidad": "Simple", "descripcio": null, "variante": null, "grado1": "7a+", "long1": 20, "exp1": 6, "grado2": null, "long2": null, "exp2": null, "grado3": null, "long3": null, "exp3": null, "grado4": null, "long4": null, "exp4": null, "grado5": null, "long5": null, "exp5": null, "sector": "Vergel", "x": -4.3817016, "y": 40.40208543, "union": null }, "geometry": { "type": "Point", "coordinates": [ -4.381760057446273, 40.40217746332749 ] } },
{ "type": "Feature", "properties": { "fid": 263, "id": 250, "nombre": "El mundo de Acintya", "modalidad": "Simple", "descripcio": null, "variante": null, "grado1": "6b+", "long1": 20, "exp1": 6, "grado2": null, "long2": null, "exp2": null, "grado3": null, "long3": null, "exp3": null, "grado4": null, "long4": null, "exp4": null, "grado5": null, "long5": null, "exp5": null, "sector": "Vergel", "x": -4.3817016, "y": 40.40208543, "union": null }, "geometry": { "type": "Point", "coordinates": [ -4.381786166727171, 40.402162303099871 ] } },
{ "type": "Feature", "properties": { "fid": 264, "id": 251, "nombre": "La vía de acceso", "modalidad": "Simple", "descripcio": null, "variante": null, "grado1": "7a", "long1": 28, "exp1": 10, "grado2": null, "long2": null, "exp2": null, "grado3": null, "long3": null, "exp3": null, "grado4": null, "long4": null, "exp4": null, "grado5": null, "long5": null, "exp5": null, "sector": "Vergel", "x": -4.3817016, "y": 40.40208543, "union": null }, "geometry": { "type": "Point", "coordinates": [ -4.381805538129126, 40.402150511811726 ] } },
{ "type": "Feature", "properties": { "fid": 265, "id": 252, "nombre": "Ekilíbrate Tosudo", "modalidad": "Simple", "descripcio": null, "variante": null, "grado1": "7b+", "long1": 28, "exp1": 9, "grado2": null, "long2": null, "exp2": null, "grado3": null, "long3": null, "exp3": null, "grado4": null, "long4": null, "exp4": null, "grado5": null, "long5": null, "exp5": null, "sector": "Vergel", "x": -4.3817016, "y": 40.40208543, "union": null }, "geometry": { "type": "Point", "coordinates": [ -4.381829962940288, 40.40214124722818 ] } },
{ "type": "Feature", "properties": { "fid": 266, "id": 253, "nombre": "Equipador compulsivo deja algo pa los amigos", "modalidad": "Simple", "descripcio": null, "variante": null, "grado1": "7a+", "long1": 28, "exp1": 10, "grado2": null, "long2": null, "exp2": null, "grado3": null, "long3": null, "exp3": null, "grado4": null, "long4": null, "exp4": null, "grado5": null, "long5": null, "exp5": null, "sector": "Vergel", "x": -4.3817016, "y": 40.40208543, "union": null }, "geometry": { "type": "Point", "coordinates": [ -4.381846807637641, 40.40213366711437 ] } },
{ "type": "Feature", "properties": { "fid": 267, "id": 254, "nombre": "Rascanalgas", "modalidad": "Simple", "descripcio": null, "variante": null, "grado1": "7a", "long1": 28, "exp1": 8, "grado2": null, "long2": null, "exp2": null, "grado3": null, "long3": null, "exp3": null, "grado4": null, "long4": null, "exp4": null, "grado5": null, "long5": null, "exp5": null, "sector": "Vergel", "x": -4.3817016, "y": 40.40208543, "union": null }, "geometry": { "type": "Point", "coordinates": [ -4.381864494569862, 40.402122718061094 ] } },
{ "type": "Feature", "properties": { "fid": 268, "id": 255, "nombre": "Año de encadenes, año de bienes", "modalidad": "Simple", "descripcio": null, "variante": null, "grado1": "6c", "long1": 22, "exp1": 6, "grado2": null, "long2": null, "exp2": null, "grado3": null, "long3": null, "exp3": null, "grado4": null, "long4": null, "exp4": null, "grado5": null, "long5": null, "exp5": null, "sector": "Vergel", "x": -4.3817016, "y": 40.40208543, "union": null }, "geometry": { "type": "Point", "coordinates": [ -4.381881339267214, 40.402113453477547 ] } },
{ "type": "Feature", "properties": { "fid": 269, "id": 256, "nombre": "Bienvenido a ninguna parte", "modalidad": "Multilargo", "descripcio": null, "variante": null, "grado1": "7a+", "long1": null, "exp1": 6, "grado2": "6b+", "long2": null, "exp2": 6, "grado3": "6a", "long3": null, "exp3": 6, "grado4": null, "long4": null, "exp4": null, "grado5": null, "long5": null, "exp5": null, "sector": "Vergel", "x": -4.3817016, "y": 40.40208543, "union": null }, "geometry": { "type": "Point", "coordinates": [ -4.38189731075719, 40.402104213345972 ] } },
{ "type": "Feature", "properties": { "fid": 270, "id": 257, "nombre": "Delirios de grandeza", "modalidad": "Simple", "descripcio": null, "variante": null, "grado1": "7c", "long1": 18, "exp1": 5, "grado2": null, "long2": null, "exp2": null, "grado3": null, "long3": null, "exp3": null, "grado4": null, "long4": null, "exp4": null, "grado5": null, "long5": null, "exp5": null, "sector": "Vergel", "x": -4.3817016, "y": 40.40208543, "union": null }, "geometry": { "type": "Point", "coordinates": [ -4.381910647410475, 40.402094210856006 ] } },
{ "type": "Feature", "properties": { "fid": 271, "id": 258, "nombre": "Nunca llegarás", "modalidad": "Simple", "descripcio": null, "variante": null, "grado1": "7c", "long1": 18, "exp1": 5, "grado2": null, "long2": null, "exp2": null, "grado3": null, "long3": null, "exp3": null, "grado4": null, "long4": null, "exp4": null, "grado5": null, "long5": null, "exp5": null, "sector": "Vergel", "x": -4.3817016, "y": 40.40208543, "union": null }, "geometry": { "type": "Point", "coordinates": [ -4.38192398406376, 40.402087542529365 ] } },
{ "type": "Feature", "properties": { "fid": 272, "id": 259, "nombre": "Cienfuegos", "modalidad": "Multilargo", "descripcio": null, "variante": null, "grado1": "6a", "long1": null, "exp1": 15, "grado2": "7c+", "long2": null, "exp2": null, "grado3": "6b+", "long3": null, "exp3": null, "grado4": null, "long4": null, "exp4": null, "grado5": null, "long5": null, "exp5": null, "sector": "Peonías", "x": -4.382296738, "y": 40.401743408999998, "union": null }, "geometry": { "type": "Point", "coordinates": [ -4.382229893548479, 40.401908331250823 ] } },
{ "type": "Feature", "properties": { "fid": 273, "id": 260, "nombre": "Vamos pa cuba", "modalidad": "Clásica mixta", "descripcio": null, "variante": null, "grado1": "6c", "long1": 28, "exp1": 1, "grado2": null, "long2": null, "exp2": null, "grado3": null, "long3": null, "exp3": null, "grado4": null, "long4": null, "exp4": null, "grado5": null, "long5": null, "exp5": null, "sector": "Peonías", "x": -4.382296738, "y": 40.401743408999998, "union": null }, "geometry": { "type": "Point", "coordinates": [ -4.382247397905916, 40.401894994597548 ] } },
{ "type": "Feature", "properties": { "fid": 274, "id": 261, "nombre": "Buscador de sensaciones", "modalidad": "Simple", "descripcio": null, "variante": null, "grado1": "7b+", "long1": 28, "exp1": 7, "grado2": null, "long2": null, "exp2": null, "grado3": null, "long3": null, "exp3": null, "grado4": null, "long4": null, "exp4": null, "grado5": null, "long5": null, "exp5": null, "sector": "Peonías", "x": -4.382296738, "y": 40.401743408999998, "union": null }, "geometry": { "type": "Point", "coordinates": [ -4.382256566855049, 40.401887492730076 ] } },
{ "type": "Feature", "properties": { "fid": 275, "id": 262, "nombre": "Territorio hostil", "modalidad": "Simple", "descripcio": null, "variante": null, "grado1": "8a", "long1": 25, "exp1": 8, "grado2": null, "long2": null, "exp2": null, "grado3": null, "long3": null, "exp3": null, "grado4": null, "long4": null, "exp4": null, "grado5": null, "long5": null, "exp5": null, "sector": "Peonías", "x": -4.382296738, "y": 40.401743408999998, "union": null }, "geometry": { "type": "Point", "coordinates": [ -4.382268236426673, 40.401879990862604 ] } },
{ "type": "Feature", "properties": { "fid": 276, "id": 263, "nombre": "El combas", "modalidad": "Simple", "descripcio": null, "variante": null, "grado1": "7b+", "long1": 25, "exp1": 9, "grado2": null, "long2": null, "exp2": null, "grado3": null, "long3": null, "exp3": null, "grado4": null, "long4": null, "exp4": null, "grado5": null, "long5": null, "exp5": null, "sector": "Peonías", "x": -4.382296738, "y": 40.401743408999998, "union": null }, "geometry": { "type": "Point", "coordinates": [ -4.382279072457467, 40.4018716554543 ] } },
{ "type": "Feature", "properties": { "fid": 277, "id": 264, "nombre": "Desear, es en esencia sufrir", "modalidad": "Simple", "descripcio": null, "variante": null, "grado1": "6a+", "long1": 12, "exp1": 5, "grado2": null, "long2": null, "exp2": null, "grado3": null, "long3": null, "exp3": null, "grado4": null, "long4": null, "exp4": null, "grado5": null, "long5": null, "exp5": null, "sector": "Peonías", "x": -4.382296738, "y": 40.401743408999998, "union": null }, "geometry": { "type": "Point", "coordinates": [ -4.382289074947431, 40.401860819423511 ] } },
{ "type": "Feature", "properties": { "fid": 278, "id": 265, "nombre": "Parceleros, la epidemia del fin de semana", "modalidad": "Simple", "descripcio": null, "variante": null, "grado1": "6a", "long1": 12, "exp1": 4, "grado2": null, "long2": null, "exp2": null, "grado3": null, "long3": null, "exp3": null, "grado4": null, "long4": null, "exp4": null, "grado5": null, "long5": null, "exp5": null, "sector": "Peonías", "x": -4.382296738, "y": 40.401743408999998, "union": null }, "geometry": { "type": "Point", "coordinates": [ -4.382299910978224, 40.401850816933546 ] } },
{ "type": "Feature", "properties": { "fid": 279, "id": 266, "nombre": "Sácamela más pa dentro", "modalidad": "Simple", "descripcio": null, "variante": null, "grado1": null, "long1": 12, "exp1": 4, "grado2": null, "long2": null, "exp2": null, "grado3": null, "long3": null, "exp3": null, "grado4": null, "long4": null, "exp4": null, "grado5": null, "long5": null, "exp5": null, "sector": "Peonías", "x": -4.382296738, "y": 40.401743408999998, "union": null }, "geometry": { "type": "Point", "coordinates": [ -4.382311580549849, 40.401839147361919 ] } },
{ "type": "Feature", "properties": { "fid": 280, "id": 267, "nombre": "Lo que zepara la mañana la noche negra la vuelve a juntar", "modalidad": "Simple", "descripcio": null, "variante": null, "grado1": "6c", "long1": 12, "exp1": 4, "grado2": null, "long2": null, "exp2": null, "grado3": null, "long3": null, "exp3": null, "grado4": null, "long4": null, "exp4": null, "grado5": null, "long5": null, "exp5": null, "sector": "Peonías", "x": -4.382296738, "y": 40.401743408999998, "union": null }, "geometry": { "type": "Point", "coordinates": [ -4.382324083662303, 40.401829978412785 ] } },
{ "type": "Feature", "properties": { "fid": 281, "id": 268, "nombre": "El drama humano del grado", "modalidad": "Simple", "descripcio": null, "variante": null, "grado1": "6b+", "long1": 12, "exp1": 4, "grado2": null, "long2": null, "exp2": null, "grado3": null, "long3": null, "exp3": null, "grado4": null, "long4": null, "exp4": null, "grado5": null, "long5": null, "exp5": null, "sector": "Peonías", "x": -4.382296738, "y": 40.401743408999998, "union": null }, "geometry": { "type": "Point", "coordinates": [ -4.382339087397249, 40.401820809463651 ] } },
{ "type": "Feature", "properties": { "fid": 282, "id": 269, "nombre": "Coincidencias misteriosas", "modalidad": "Simple", "descripcio": null, "variante": null, "grado1": "6b+", "long1": 12, "exp1": 5, "grado2": null, "long2": null, "exp2": null, "grado3": null, "long3": null, "exp3": null, "grado4": null, "long4": null, "exp4": null, "grado5": null, "long5": null, "exp5": null, "sector": "Peonías", "x": -4.382296738, "y": 40.401743408999998, "union": null }, "geometry": { "type": "Point", "coordinates": [ -4.382347422805552, 40.401811640514524 ] } },
{ "type": "Feature", "properties": { "fid": 283, "id": 270, "nombre": "Borreguismo en masa", "modalidad": "Simple", "descripcio": null, "variante": "SI", "grado1": "6c", "long1": 15, "exp1": 6, "grado2": "6a", "long2": 15, "exp2": 6, "grado3": null, "long3": null, "exp3": null, "grado4": null, "long4": null, "exp4": null, "grado5": null, "long5": null, "exp5": null, "sector": "Peonías", "x": -4.382296738, "y": 40.401743408999998, "union": null }, "geometry": { "type": "Point", "coordinates": [ -4.382361592999667, 40.401796636779572 ] } },
{ "type": "Feature", "properties": { "fid": 284, "id": 271, "nombre": "Greenpeace cotiza en bolsa", "modalidad": "Simple", "descripcio": null, "variante": null, "grado1": "6b", "long1": 15, "exp1": 6, "grado2": null, "long2": null, "exp2": null, "grado3": null, "long3": null, "exp3": null, "grado4": null, "long4": null, "exp4": null, "grado5": null, "long5": null, "exp5": null, "sector": "Peonías", "x": -4.382296738, "y": 40.401743408999998, "union": null }, "geometry": { "type": "Point", "coordinates": [ -4.382377430275442, 40.401782466585459 ] } },
{ "type": "Feature", "properties": { "fid": 285, "id": 272, "nombre": "Sube tú, si eso, que a mí me da la risa", "modalidad": "Simple", "descripcio": null, "variante": null, "grado1": "6c", "long1": 15, "exp1": 7, "grado2": null, "long2": null, "exp2": null, "grado3": null, "long3": null, "exp3": null, "grado4": null, "long4": null, "exp4": null, "grado5": null, "long5": null, "exp5": null, "sector": "Peonías", "x": -4.382296738, "y": 40.401743408999998, "union": null }, "geometry": { "type": "Point", "coordinates": [ -4.382387849535822, 40.401772464095508 ] } },
{ "type": "Feature", "properties": { "fid": 286, "id": 273, "nombre": "Sube tú, si eso, que a mí me da la risa b", "modalidad": "Simple", "descripcio": null, "variante": null, "grado1": "6a", "long1": 15, "exp1": 7, "grado2": null, "long2": null, "exp2": null, "grado3": null, "long3": null, "exp3": null, "grado4": null, "long4": null, "exp4": null, "grado5": null, "long5": null, "exp5": null, "sector": "Peonías", "x": -4.382296738, "y": 40.401743408999998, "union": null }, "geometry": { "type": "Point", "coordinates": [ -4.3823982687962, 40.401759960983036 ] } },
{ "type": "Feature", "properties": { "fid": 287, "id": 274, "nombre": "Adhiere o muere", "modalidad": "Simple", "descripcio": null, "variante": "SI", "grado1": "6a+", "long1": 15, "exp1": 7, "grado2": null, "long2": null, "exp2": null, "grado3": null, "long3": null, "exp3": null, "grado4": null, "long4": null, "exp4": null, "grado5": null, "long5": null, "exp5": null, "sector": "Peonías", "x": -4.382296738, "y": 40.401743408999998, "union": "287_288_289" }, "geometry": { "type": "Point", "coordinates": [ -4.382409938367824, 40.401748291411408 ] } },
{ "type": "Feature", "properties": { "fid": 288, "id": 275, "nombre": "Ni contigo, ni sin ti", "modalidad": "Simple", "descripcio": null, "variante": "SI", "grado1": "6a", "long1": 15, "exp1": 7, "grado2": null, "long2": null, "exp2": null, "grado3": null, "long3": null, "exp3": null, "grado4": null, "long4": null, "exp4": null, "grado5": null, "long5": null, "exp5": null, "sector": "Peonías", "x": -4.382296738, "y": 40.401743408999998, "union": "287_288_289" }, "geometry": { "type": "Point", "coordinates": [ -4.382421607939448, 40.401737455380612 ] } },
{ "type": "Feature", "properties": { "fid": 289, "id": 276, "nombre": "Porque no solo de tapia vive el hombre", "modalidad": "Simple", "descripcio": null, "variante": "SI", "grado1": "6a+", "long1": 15, "exp1": 7, "grado2": null, "long2": null, "exp2": null, "grado3": null, "long3": null, "exp3": null, "grado4": null, "long4": null, "exp4": null, "grado5": null, "long5": null, "exp5": null, "sector": "Peonías", "x": -4.382296738, "y": 40.401743408999998, "union": "287_288_289" }, "geometry": { "type": "Point", "coordinates": [ -4.382434944592733, 40.401725785808992 ] } },
{ "type": "Feature", "properties": { "fid": 290, "id": 277, "nombre": "Techo mata egos", "modalidad": "Clásica mixta", "descripcio": null, "variante": null, "grado1": "7a", "long1": 17, "exp1": 1, "grado2": null, "long2": null, "exp2": null, "grado3": null, "long3": null, "exp3": null, "grado4": null, "long4": null, "exp4": null, "grado5": null, "long5": null, "exp5": null, "sector": "Peonías", "x": -4.382296738, "y": 40.401743408999998, "union": null }, "geometry": { "type": "Point", "coordinates": [ -4.382444113541866, 40.401715783319027 ] } },
{ "type": "Feature", "properties": { "fid": 291, "id": 278, "nombre": "Especie perdida en el espacio", "modalidad": "Simple", "descripcio": null, "variante": "SI", "grado1": "7a+", "long1": 16, "exp1": 6, "grado2": null, "long2": null, "exp2": null, "grado3": null, "long3": null, "exp3": null, "grado4": null, "long4": null, "exp4": null, "grado5": null, "long5": null, "exp5": null, "sector": "Peonías", "x": -4.382296738, "y": 40.401743408999998, "union": "278_279" }, "geometry": { "type": "Point", "coordinates": [ -4.382458283735981, 40.401704947288231 ] } },
{ "type": "Feature", "properties": { "fid": 292, "id": 279, "nombre": "Especie perdida en el tiempo", "modalidad": "Simple", "descripcio": null, "variante": "SI", "grado1": "7a", "long1": 19, "exp1": 6, "grado2": null, "long2": null, "exp2": null, "grado3": null, "long3": null, "exp3": null, "grado4": null, "long4": null, "exp4": null, "grado5": null, "long5": null, "exp5": null, "sector": "Peonías", "x": -4.382296738, "y": 40.401743408999998, "union": "278_279" }, "geometry": { "type": "Point", "coordinates": [ -4.382473287470927, 40.401690777094117 ] } },
{ "type": "Feature", "properties": { "fid": 293, "id": 280, "nombre": "El taladrador compulsivo", "modalidad": "Simple", "descripcio": null, "variante": null, "grado1": "7c", "long1": 18, "exp1": 5, "grado2": null, "long2": null, "exp2": null, "grado3": null, "long3": null, "exp3": null, "grado4": null, "long4": null, "exp4": null, "grado5": null, "long5": null, "exp5": null, "sector": "Peonías", "x": -4.382296738, "y": 40.401743408999998, "union": null }, "geometry": { "type": "Point", "coordinates": [ -4.382487457665042, 40.401678273981666 ] } },
{ "type": "Feature", "properties": { "fid": 294, "id": 50, "nombre": "El poder del ejemplo", "modalidad": "Clásica", "descripcio": null, "variante": "SI", "grado1": "6a", "long1": 18, "exp1": null, "grado2": null, "long2": null, "exp2": null, "grado3": null, "long3": null, "exp3": null, "grado4": null, "long4": null, "exp4": null, "grado5": null, "long5": null, "exp5": null, "sector": "Mirador Romántico", "x": null, "y": null, "union": "49_50" }, "geometry": { "type": "Point", "coordinates": [ -4.382302594602579, 40.400874873581564 ] } },
{ "type": "Feature", "properties": { "fid": 295, "id": 294, "nombre": "Agárralo suávemente", "modalidad": "Semiclásica", "descripcio": null, "variante": "SI", "grado1": "6b", "long1": 30, "exp1": 7, "grado2": null, "long2": null, "exp2": null, "grado3": null, "long3": null, "exp3": null, "grado4": null, "long4": null, "exp4": null, "grado5": null, "long5": null, "exp5": null, "sector": "Mirador Romántico", "x": null, "y": null, "union": "63_64_294_295_296" }, "geometry": { "type": "Point", "coordinates": [ -4.382158299579342, 40.400814712466165 ] } },
{ "type": "Feature", "properties": { "fid": 296, "id": 295, "nombre": "El fonta", "modalidad": "Simple", "descripcio": null, "variante": "SI", "grado1": "6a", "long1": 35, "exp1": 13, "grado2": null, "long2": null, "exp2": null, "grado3": null, "long3": null, "exp3": null, "grado4": null, "long4": null, "exp4": null, "grado5": null, "long5": null, "exp5": null, "sector": "Mirador Romántico", "x": null, "y": null, "union": "63_64_294_295_296" }, "geometry": { "type": "Point", "coordinates": [ -4.382148302701822, 40.400811033301004 ] } },
{ "type": "Feature", "properties": { "fid": 297, "id": 296, "nombre": "Lanzamiento de aliento", "modalidad": "Simple", "descripcio": null, "variante": "SI", "grado1": "6a+", "long1": 18, "exp1": 14, "grado2": null, "long2": null, "exp2": null, "grado3": null, "long3": null, "exp3": null, "grado4": null, "long4": null, "exp4": null, "grado5": null, "long5": null, "exp5": null, "sector": "Mirador Romántico", "x": null, "y": null, "union": "63_64_294_295_296" }, "geometry": { "type": "Point", "coordinates": [ -4.382141308319084, 40.40080764892226 ] } },
{ "type": "Feature", "properties": { "fid": 298, "id": 297, "nombre": "Cerro Amoclón", "modalidad": "Simple", "descripcio": null, "variante": null, "grado1": "6a", "long1": 35, "exp1": 12, "grado2": null, "long2": null, "exp2": null, "grado3": null, "long3": null, "exp3": null, "grado4": null, "long4": null, "exp4": null, "grado5": null, "long5": null, "exp5": null, "sector": "Mirador Romántico", "x": null, "y": null, "union": null }, "geometry": { "type": "Point", "coordinates": [ -4.382134990812094, 40.400803587667767 ] } },
{ "type": "Feature", "properties": { "fid": 299, "id": 298, "nombre": "Me gusta hacerlo lentamente", "modalidad": "Simple", "descripcio": null, "variante": null, "grado1": "5+", "long1": 33, "exp1": 14, "grado2": null, "long2": null, "exp2": null, "grado3": null, "long3": null, "exp3": null, "grado4": null, "long4": null, "exp4": null, "grado5": null, "long5": null, "exp5": null, "sector": "Mirador Romántico", "x": null, "y": null, "union": null }, "geometry": { "type": "Point", "coordinates": [ -4.382127996429357, 40.400799977663773 ] } },
{ "type": "Feature", "properties": { "fid": 300, "id": 299, "nombre": "Escalada al cielo", "modalidad": "Simple", "descripcio": null, "variante": "SI", "grado1": "6b", "long1": 33, "exp1": 14, "grado2": null, "long2": null, "exp2": null, "grado3": null, "long3": null, "exp3": null, "grado4": null, "long4": null, "exp4": null, "grado5": null, "long5": null, "exp5": null, "sector": "Mirador Romántico", "x": null, "y": null, "union": "299_300" }, "geometry": { "type": "Point", "coordinates": [ -4.38212100204662, 40.400794788283022 ] } },
{ "type": "Feature", "properties": { "fid": 301, "id": 300, "nombre": "Crónicas Braulianas", "modalidad": "Multilargo", "descripcio": null, "variante": "SI", "grado1": "6b+", "long1": 20, "exp1": 6, "grado2": "6b+", "long2": 20, "exp2": 5, "grado3": null, "long3": null, "exp3": null, "grado4": null, "long4": null, "exp4": null, "grado5": null, "long5": null, "exp5": null, "sector": "Mirador Romántico", "x": null, "y": null, "union": "299_300" }, "geometry": { "type": "Point", "coordinates": [ -4.382114684539631, 40.400790727028529 ] } },
{ "type": "Feature", "properties": { "fid": 302, "id": 301, "nombre": "Saguabona, Shikoba", "modalidad": "Simple", "descripcio": null, "variante": null, "grado1": "7b", "long1": 15, "exp1": 5, "grado2": null, "long2": null, "exp2": null, "grado3": null, "long3": null, "exp3": null, "grado4": null, "long4": null, "exp4": null, "grado5": null, "long5": null, "exp5": null, "sector": "Mirador Romántico", "x": null, "y": null, "union": null }, "geometry": { "type": "Point", "coordinates": [ -4.382107238906394, 40.400786665774035 ] } },
{ "type": "Feature", "properties": { "fid": 303, "id": 302, "nombre": "El poder del ahora", "modalidad": "Simple", "descripcio": null, "variante": null, "grado1": "6c", "long1": 15, "exp1": 6, "grado2": null, "long2": null, "exp2": null, "grado3": null, "long3": null, "exp3": null, "grado4": null, "long4": null, "exp4": null, "grado5": null, "long5": null, "exp5": null, "sector": "Mirador Romántico", "x": null, "y": null, "union": null }, "geometry": { "type": "Point", "coordinates": [ -4.382100018898407, 40.400781476393291 ] } },
{ "type": "Feature", "properties": { "fid": 304, "id": 303, "nombre": "Arréglametelo que quiero hacerlos sin obstáculos", "modalidad": "Simple", "descripcio": null, "variante": "SI", "grado1": "6b", "long1": 15, "exp1": 5, "grado2": null, "long2": null, "exp2": null, "grado3": null, "long3": null, "exp3": null, "grado4": null, "long4": null, "exp4": null, "grado5": null, "long5": null, "exp5": null, "sector": "Mirador Romántico", "x": null, "y": null, "union": "303_304" }, "geometry": { "type": "Point", "coordinates": [ -4.382093250140918, 40.400776738263048 ] } },
{ "type": "Feature", "properties": { "fid": 305, "id": 304, "nombre": "El polvorón asesino", "modalidad": null, "descripcio": null, "variante": "SI", "grado1": "6b+", "long1": 27, "exp1": 8, "grado2": null, "long2": null, "exp2": null, "grado3": null, "long3": null, "exp3": null, "grado4": null, "long4": null, "exp4": null, "grado5": null, "long5": null, "exp5": null, "sector": "Mirador Romántico", "x": null, "y": null, "union": "303_304" }, "geometry": { "type": "Point", "coordinates": [ -4.382087383884429, 40.400772902633804 ] } },
{ "type": "Feature", "properties": { "fid": 306, "id": 305, "nombre": "La pedrá", "modalidad": "Multilargo", "descripcio": null, "variante": null, "grado1": "6a", "long1": 30, "exp1": 9, "grado2": "5+", "long2": 20, "exp2": 5, "grado3": null, "long3": null, "exp3": null, "grado4": null, "long4": null, "exp4": null, "grado5": null, "long5": null, "exp5": null, "sector": "Mirador Romántico", "x": null, "y": null, "union": null }, "geometry": { "type": "Point", "coordinates": [ -4.382081968878438, 40.400769292629811 ] } },
{ "type": "Feature", "properties": { "fid": 307, "id": 306, "nombre": "Dedos kamicaces", "modalidad": "Simple", "descripcio": null, "variante": "SI", "grado1": "6b", "long1": 25, "exp1": 8, "grado2": null, "long2": null, "exp2": null, "grado3": null, "long3": null, "exp3": null, "grado4": null, "long4": null, "exp4": null, "grado5": null, "long5": null, "exp5": null, "sector": "Mirador Romántico", "x": null, "y": null, "union": "306_307" }, "geometry": { "type": "Point", "coordinates": [ -4.3820754257462, 40.400764780124824 ] } },
{ "type": "Feature", "properties": { "fid": 308, "id": 307, "nombre": "Lolo V de la Ulaca", "modalidad": "Simple", "descripcio": null, "variante": "SI", "grado1": "6b+", "long1": 25, "exp1": 7, "grado2": null, "long2": null, "exp2": null, "grado3": null, "long3": null, "exp3": null, "grado4": null, "long4": null, "exp4": null, "grado5": null, "long5": null, "exp5": null, "sector": "Mirador Romántico", "x": null, "y": null, "union": "306_307" }, "geometry": { "type": "Point", "coordinates": [ -4.38206933386446, 40.40076071887033 ] } },
{ "type": "Feature", "properties": { "fid": 309, "id": 308, "nombre": "La tortuga", "modalidad": "Simple", "descripcio": null, "variante": null, "grado1": "4", "long1": 10, "exp1": 4, "grado2": null, "long2": null, "exp2": null, "grado3": null, "long3": null, "exp3": null, "grado4": null, "long4": null, "exp4": null, "grado5": null, "long5": null, "exp5": null, "sector": "Mirador Romántico", "x": null, "y": null, "union": null }, "geometry": { "type": "Point", "coordinates": [ -4.382063016357471, 40.400755980740087 ] } },
{ "type": "Feature", "properties": { "fid": 310, "id": 309, "nombre": "El hombre de la polla lisa", "modalidad": "Simple", "descripcio": null, "variante": null, "grado1": "6a", "long1": 10, "exp1": 3, "grado2": null, "long2": null, "exp2": null, "grado3": null, "long3": null, "exp3": null, "grado4": null, "long4": null, "exp4": null, "grado5": null, "long5": null, "exp5": null, "sector": "Mirador Romántico", "x": null, "y": null, "union": null }, "geometry": { "type": "Point", "coordinates": [ -4.382056924475732, 40.400751693860343 ] } }
]
}
