{
"type": "FeatureCollection",
"name": "Pedriza_Rutas_acceso",
"crs": { "type": "name", "properties": { "name": "urn:ogc:def:crs:OGC:1.3:CRS84" } },
"features": [
{ "type": "Feature", "properties": { "fid": 1, "id": null, "longitud": null }, "geometry": { "type": "MultiLineString", "coordinates": [ [ [ -3.895982941393112, 40.749026725589239 ], [ -3.895989517571563, 40.748980692340076 ], [ -3.895982941393112, 40.748859033038734 ], [ -3.895953348590082, 40.748757102272741 ], [ -3.895927043876277, 40.748622290614492 ], [ -3.895900739162472, 40.748510495580817 ], [ -3.895792232218028, 40.748438157617855 ], [ -3.895608099221395, 40.748346091119544 ], [ -3.895456847117018, 40.748237584175094 ], [ -3.895295730744964, 40.748125789141426 ], [ -3.895223392782001, 40.748060027356914 ], [ -3.89521681660355, 40.747984401304727 ], [ -3.895160919086715, 40.747695049452872 ], [ -3.895118173926782, 40.747303766835032 ], [ -3.895121462016008, 40.746780960648159 ], [ -3.895098445391429, 40.746369949494962 ], [ -3.895108309659105, 40.746143071338395 ], [ -3.895137902462135, 40.746014835858595 ], [ -3.895141190551361, 40.745926057449509 ], [ -3.895111597748331, 40.745830702861966 ], [ -3.895065564499174, 40.745756720854374 ], [ -3.895035971696144, 40.745710687605218 ], [ -3.895022819339241, 40.745658078177605 ], [ -3.895022819339241, 40.745598892571543 ], [ -3.895026107428467, 40.745549571233163 ], [ -3.895052412142272, 40.745493673716325 ], [ -3.895065564499174, 40.745467369002526 ], [ -3.895111597748332, 40.745368726325758 ], [ -3.895151054819039, 40.745283236005889 ], [ -3.89518064762207, 40.745201033775253 ], [ -3.895197088068198, 40.74514842434764 ], [ -3.8952102404251, 40.745072798295453 ], [ -3.895229968960454, 40.744954427083329 ], [ -3.895256273674258, 40.744816327335855 ], [ -3.895285866477288, 40.744661787142256 ], [ -3.895272714120386, 40.74450724694865 ], [ -3.895266137941935, 40.744352706755052 ], [ -3.895220104692777, 40.744231047453702 ], [ -3.895101733480655, 40.744033762100166 ], [ -3.895017887205403, 40.743958136047979 ], [ -3.894764704335033, 40.743917034932657 ], [ -3.894537826178467, 40.743972932449495 ], [ -3.894370133627962, 40.744005813341751 ], [ -3.894179424452878, 40.744020609743266 ], [ -3.894038036616177, 40.744079795349329 ], [ -3.893913089225605, 40.74410938815236 ], [ -3.893794718013484, 40.744138980955391 ], [ -3.89369278724749, 40.74416528566919 ], [ -3.893554687500016, 40.744198166561446 ], [ -3.893436316287894, 40.744211318918353 ], [ -3.893360690235706, 40.744217895096803 ], [ -3.893285064183517, 40.744217895096803 ], [ -3.893219302399006, 40.744201454650671 ], [ -3.893160116792945, 40.744185014204547 ], [ -3.893100931186884, 40.744168573758415 ], [ -3.893008864688568, 40.744145557133841 ], [ -3.892952967171733, 40.744135692866159 ], [ -3.892857612584191, 40.744129116687709 ], [ -3.892811579335032, 40.744112676241585 ], [ -3.892749105639747, 40.744096235795453 ], [ -3.892703072390588, 40.744076507260104 ], [ -3.892653751052204, 40.744060066813972 ], [ -3.892601141624595, 40.744030474010941 ], [ -3.892587989267692, 40.744010745475592 ], [ -3.892568260732339, 40.743977864583336 ], [ -3.892538667929309, 40.743935119423405 ], [ -3.892532091750858, 40.743908814709599 ], [ -3.892522227483181, 40.743862781460436 ], [ -3.892502498947827, 40.74382990056818 ], [ -3.892466329966346, 40.743721393623737 ], [ -3.892423584806413, 40.743655631839225 ], [ -3.892377551557255, 40.743616174768519 ], [ -3.892298637415841, 40.743563565340907 ], [ -3.892265756523585, 40.743540548716332 ], [ -3.892213147095975, 40.743507667824076 ], [ -3.89212765677611, 40.743441906039564 ], [ -3.892075047348501, 40.743415601325758 ], [ -3.892048742634696, 40.743399160879633 ], [ -3.891979692760958, 40.743372856165827 ], [ -3.891910642887221, 40.743343263362796 ], [ -3.891825152567356, 40.74329723011364 ], [ -3.891785695496649, 40.743274213489059 ], [ -3.891736374158265, 40.743241332596803 ], [ -3.891703493266009, 40.743175570812291 ], [ -3.891667324284528, 40.74313940183081 ], [ -3.891614714856918, 40.743080216224747 ], [ -3.891588410143113, 40.743067063867848 ], [ -3.891532512626279, 40.74301774252946 ], [ -3.891489767466346, 40.74296842119108 ], [ -3.89145688657409, 40.742915811763467 ], [ -3.891417429503383, 40.742869778514311 ], [ -3.891394412878804, 40.742850049978955 ], [ -3.891279329755908, 40.742725102588388 ], [ -3.89126288930978, 40.742672493160782 ], [ -3.891243160774427, 40.742623171822395 ], [ -3.891210279882171, 40.742577138573239 ], [ -3.891170822811464, 40.742517952967177 ], [ -3.891144518097659, 40.742475207807246 ], [ -3.891098484848501, 40.74244232691499 ], [ -3.891065603956245, 40.742376565130478 ], [ -3.891045875420891, 40.742333819970547 ], [ -3.891012994528636, 40.742294362899841 ], [ -3.890986689814831, 40.742281210542934 ], [ -3.890934080387221, 40.742228601115329 ], [ -3.890894623316514, 40.742199008312298 ], [ -3.890845301978131, 40.742182567866166 ], [ -3.890736795033686, 40.742159551241592 ], [ -3.890717066498333, 40.742159551241592 ], [ -3.890648016624595, 40.742133246527786 ], [ -3.890605271464663, 40.742110229903204 ], [ -3.890526357323248, 40.742028027672568 ], [ -3.89048032407409, 40.741998434869537 ], [ -3.890434290824932, 40.741975418244955 ], [ -3.890394833754225, 40.741962265888056 ], [ -3.89036852904042, 40.74196555397728 ], [ -3.890309343434359, 40.742008299137204 ], [ -3.890230429292945, 40.742014875315661 ], [ -3.890135074705403, 40.742018163404886 ], [ -3.890056160563989, 40.74199185869108 ], [ -3.890003551136379, 40.741975418244948 ], [ -3.889960805976447, 40.741972130155723 ], [ -3.889904908459612, 40.741972130155723 ], [ -3.889875315656582, 40.741965553977273 ], [ -3.889812841961295, 40.741975418244948 ], [ -3.889737215909107, 40.741952401620374 ], [ -3.889717487373753, 40.741939249263467 ], [ -3.889655013678467, 40.741886639835862 ], [ -3.889631997053888, 40.741876775568187 ], [ -3.889549794823248, 40.741857047032831 ], [ -3.889497185395639, 40.741843894675931 ], [ -3.88939196654042, 40.74182087805135 ], [ -3.889306476220554, 40.741801149515993 ], [ -3.889263731060622, 40.741791285248318 ], [ -3.889194681186884, 40.741778132891419 ], [ -3.889089462331666, 40.741761692445294 ], [ -3.889000683922575, 40.741758404356069 ], [ -3.888875736532003, 40.741755116266845 ], [ -3.888737636784528, 40.741761692445294 ], [ -3.88863899410776, 40.741755116266845 ], [ -3.888523910984865, 40.741748540088395 ], [ -3.888421980218871, 40.741735387731488 ], [ -3.888336489899006, 40.741722235374588 ], [ -3.888250999579141, 40.741712371106907 ], [ -3.888152356902373, 40.741712371106907 ], [ -3.888010969065673, 40.741709083017682 ], [ -3.887928766835033, 40.741709083017682 ], [ -3.887823547979814, 40.741705794928457 ], [ -3.8877446338384, 40.741725523463813 ], [ -3.887616398358602, 40.741768268623744 ], [ -3.887504603324932, 40.74179457333755 ], [ -3.887425689183518, 40.741811013783675 ], [ -3.887281013257592, 40.741847182765156 ], [ -3.887129761153215, 40.741886639835869 ], [ -3.887008101851869, 40.741949113531156 ], [ -3.886939051978131, 40.741985282512637 ], [ -3.886823968855235, 40.742001722958769 ], [ -3.886735190446144, 40.742011587226443 ], [ -3.886652988215505, 40.742008299137218 ], [ -3.886577362163316, 40.742005011047993 ], [ -3.886468855218872, 40.741988570601862 ], [ -3.88640309343436, 40.741985282512637 ], [ -3.886337331649848, 40.741978706334187 ], [ -3.886274857954562, 40.741972130155737 ], [ -3.886225536616178, 40.741975418244962 ], [ -3.88612689393941, 40.741998434869544 ], [ -3.886080038667948, 40.742002544981077 ], [ -3.885973175768116, 40.742030493739492 ], [ -3.885918922295894, 40.742048578230232 ], [ -3.885863846801364, 40.742067484743274 ], [ -3.885729035143115, 40.74207406092173 ], [ -3.885613952020219, 40.742110229903211 ], [ -3.885494758785792, 40.742114340014744 ], [ -3.885353370949091, 40.742134068550101 ], [ -3.885290897253805, 40.742140644728551 ], [ -3.885221847380068, 40.742150508996225 ], [ -3.885165949863233, 40.742157085174682 ], [ -3.885113340435623, 40.742166949442357 ], [ -3.885047578651112, 40.742153797085457 ], [ -3.885021273937307, 40.742143932817775 ], [ -3.884968664509697, 40.742140644728551 ], [ -3.884925919349765, 40.742147220907 ], [ -3.884856869476027, 40.742160373263907 ], [ -3.884768091066936, 40.742170237531582 ], [ -3.884692465014748, 40.742173525620807 ], [ -3.884613550873334, 40.742180101799256 ], [ -3.884521484375017, 40.742176813710032 ], [ -3.88439982507367, 40.742173525620807 ], [ -3.884350503735287, 40.742173525620807 ], [ -3.884268301504647, 40.742170237531582 ], [ -3.884232132523165, 40.742150508996225 ], [ -3.88417623500633, 40.742114340014744 ], [ -3.884130201757172, 40.74209789956862 ], [ -3.884061151883435, 40.742088035300945 ], [ -3.883919764046735, 40.742074882944031 ], [ -3.883824409459192, 40.742068306765582 ], [ -3.883738919139327, 40.742065018676357 ], [ -3.883696173979394, 40.742071594854806 ] ] ] } },
{ "type": "Feature", "properties": { "fid": 2, "id": null, "longitud": null }, "geometry": { "type": "MultiLineString", "coordinates": [ [ [ -3.895667284827463, 40.749530625263077 ], [ -3.895539049347665, 40.749678589278233 ], [ -3.895440406670897, 40.749787096222676 ], [ -3.895361492529483, 40.749915331702475 ], [ -3.895272714120392, 40.749994245843887 ], [ -3.895105021569887, 40.750043567182267 ], [ -3.894976786090089, 40.750033702914592 ], [ -3.894749907933523, 40.750023838646918 ], [ -3.894700586595139, 40.750013974379243 ], [ -3.894601943918372, 40.750013974379243 ], [ -3.89445397990322, 40.749994245843887 ], [ -3.89439479429716, 40.749984381576212 ], [ -3.894158051872917, 40.749935060237824 ], [ -3.89405940919615, 40.749915331702475 ], [ -3.893911445180998, 40.749875874631762 ], [ -3.893763481165847, 40.749787096222676 ], [ -3.893654974221402, 40.749698317813582 ], [ -3.893605652883018, 40.749560218066108 ], [ -3.893556331544635, 40.749481303924696 ], [ -3.893439809882711, 40.749386668606817 ], [ -3.893299244068317, 40.749349677603028 ], [ -3.893153746120085, 40.749329949067679 ], [ -3.893076065012131, 40.749316385699608 ], [ -3.892998383904176, 40.749289258963508 ], [ -3.892960776383658, 40.749294191097349 ], [ -3.892927484480249, 40.74927569559545 ], [ -3.892885561342614, 40.749244561500454 ], [ -3.892816511468877, 40.749185375894392 ], [ -3.892717868792118, 40.749115401245724 ], [ -3.892669780487194, 40.749051283505828 ], [ -3.892638954650704, 40.748995797000148 ], [ -3.892613060948052, 40.748976068464792 ], [ -3.89258840027886, 40.748973602397875 ], [ -3.892564972643128, 40.748995797000148 ], [ -3.89252798163934, 40.749036487104313 ], [ -3.892483592434794, 40.749085808442693 ], [ -3.892456465698683, 40.749085808442693 ], [ -3.892431188512762, 40.749057448673128 ], [ -3.892427489412383, 40.749040494463053 ], [ -3.892423173795275, 40.749014446631215 ], [ -3.892391731442055, 40.749011980564298 ], [ -3.892352274371348, 40.749018762248326 ], [ -3.892305419099884, 40.749019995281785 ], [ -3.89225918034515, 40.749055753252108 ], [ -3.892219723274443, 40.749074248753999 ], [ -3.892164236768761, 40.749076714820923 ], [ -3.892086555660796, 40.749086733217624 ], [ -3.892027370054735, 40.74910646175298 ], [ -3.891928727377968, 40.749145918823686 ], [ -3.891812822232776, 40.749181522664983 ], [ -3.891768433028231, 40.74915932806271 ], [ -3.891745005392498, 40.749118637958546 ], [ -3.891733908091362, 40.749098909423189 ], [ -3.891719111689847, 40.749076714820916 ], [ -3.891712946522549, 40.749054520218642 ], [ -3.891667324284544, 40.749047122017885 ], [ -3.891613070812322, 40.749049588084802 ], [ -3.891582244975832, 40.749069316620158 ], [ -3.891529224537069, 40.749076714820916 ], [ -3.891516277685743, 40.749037257750203 ], [ -3.891521209819581, 40.748986086861635 ], [ -3.891489150949632, 40.748973756527036 ], [ -3.891437980061058, 40.748971906976848 ], [ -3.89137324580443, 40.748961426192437 ], [ -3.891327623566426, 40.748934915973074 ], [ -3.891248709425012, 40.7489188865381 ], [ -3.891205553253926, 40.748911488337342 ], [ -3.891140202480567, 40.748927517772316 ], [ -3.891047724971098, 40.748958343608805 ], [ -3.890922572074937, 40.748958497737824 ], [ -3.890863386468877, 40.748968362005499 ], [ -3.890675965383018, 40.748928904934793 ], [ -3.890646372579988, 40.748928904934793 ], [ -3.890528001367867, 40.748928904934793 ], [ -3.890419494423422, 40.748938769202475 ], [ -3.890310987478978, 40.748968362005499 ], [ -3.890163023463826, 40.748968362005499 ], [ -3.890103837857766, 40.748968362005499 ], [ -3.889975602377968, 40.74894863347015 ], [ -3.889758588489079, 40.74894863347015 ], [ -3.889659945812311, 40.748968362005499 ], [ -3.889433067655745, 40.749007819076212 ], [ -3.889225918034533, 40.749037411879243 ], [ -3.889142071759281, 40.749067004682274 ], [ -3.889107546822412, 40.749071936816108 ], [ -3.889048361216352, 40.749067004682274 ], [ -3.889008904145645, 40.749062072548433 ], [ -3.888964514941099, 40.749067004682274 ], [ -3.888925057870392, 40.74908180108379 ], [ -3.888865872264331, 40.74908180108379 ], [ -3.888762297453725, 40.749076868949949 ], [ -3.888629129840089, 40.749062072548433 ], [ -3.888530487163322, 40.749052208280759 ], [ -3.888421980218877, 40.749067004682274 ], [ -3.888333201809786, 40.749086733217624 ], [ -3.888249355534533, 40.74908180108379 ], [ -3.888145780723927, 40.749076868949949 ], [ -3.888061934448675, 40.749076868949949 ], [ -3.887943563236554, 40.749096597485298 ], [ -3.887874513362816, 40.749116326020655 ], [ -3.887795599221402, 40.749136054556011 ], [ -3.88768216014312, 40.749160715225202 ], [ -3.887593381734029, 40.749175511626717 ], [ -3.887499671191099, 40.749190308028233 ], [ -3.887410892782008, 40.749219900831264 ], [ -3.887292521569887, 40.749279086437319 ], [ -3.887233335963827, 40.749313611374191 ], [ -3.887134693287059, 40.749362932712572 ], [ -3.887055779145645, 40.749397457649444 ], [ -3.886991661405746, 40.749422118318634 ], [ -3.886893018728978, 40.749451711121665 ], [ -3.886809172453725, 40.749471439657022 ], [ -3.88670559764312, 40.749481303924696 ], [ -3.886557633627968, 40.749481303924696 ], [ -3.886532972958776, 40.749481303924696 ], [ -3.886444194549685, 40.749481303924696 ], [ -3.886389941077463, 40.749481303924696 ], [ -3.886311026936049, 40.749501032460053 ], [ -3.886192655723927, 40.749520760995402 ], [ -3.886118673716352, 40.749520760995402 ], [ -3.886059488110291, 40.749520760995402 ], [ -3.885931252630493, 40.749525693129243 ], [ -3.885886863425947, 40.749520760995395 ], [ -3.885842474221401, 40.74950596459388 ], [ -3.885807949284533, 40.749481303924689 ], [ -3.885733967276957, 40.749456643255499 ], [ -3.885650121001705, 40.749446778987824 ], [ -3.885576138994129, 40.749417186184793 ], [ -3.885516953388068, 40.749387593381762 ], [ -3.885462699915846, 40.749348136311056 ], [ -3.885403514309786, 40.749313611374184 ], [ -3.885373921506755, 40.749303747106509 ], [ -3.885290075231503, 40.749293882838835 ], [ -3.885245686026957, 40.749288950704994 ], [ -3.885245686026957, 40.749244561500447 ], [ -3.885211161090088, 40.749229765098931 ], [ -3.885097722011805, 40.749239629366613 ], [ -3.885008943602715, 40.749254425768129 ], [ -3.884920165193624, 40.749254425768129 ], [ -3.884801793981503, 40.749244561500447 ], [ -3.884752472643119, 40.749229765098931 ], [ -3.884589712226452, 40.749224832965098 ], [ -3.884436816077462, 40.749224832965098 ], [ -3.884372698337563, 40.749234697232772 ], [ -3.88417048085019, 40.749244561500447 ], [ -3.884052109638068, 40.749254425768129 ], [ -3.883889349221401, 40.749249493634288 ], [ -3.883800570812311, 40.749244561500447 ], [ -3.88368219960019, 40.749224832965098 ], [ -3.883583556923422, 40.749210036563582 ], [ -3.883450389309786, 40.749210036563582 ], [ -3.883287628893119, 40.749244561500447 ], [ -3.883169257680998, 40.749264290035804 ], [ -3.88307061500423, 40.749264290035804 ], [ -3.882991700862816, 40.749269222169637 ], [ -3.882902922453725, 40.749274154303478 ], [ -3.882750026304735, 40.749284018571153 ], [ -3.88264151936029, 40.749279086437319 ], [ -3.882557673085038, 40.749259357901963 ], [ -3.882355455597665, 40.749249493634288 ], [ -3.882306134259281, 40.749234697232772 ], [ -3.88224694865322, 40.749224832965091 ], [ -3.882148305976453, 40.749219900831257 ], [ -3.882025002630493, 40.749219900831257 ], [ -3.881916495686049, 40.749224832965091 ], [ -3.88185237794615, 40.749244561500447 ], [ -3.881763599537059, 40.749274154303478 ], [ -3.881689617529483, 40.749284018571153 ], [ -3.881635364057261, 40.749284018571153 ], [ -3.881566314183523, 40.749269222169637 ], [ -3.881512060711301, 40.749264290035804 ], [ -3.881378893097665, 40.749249493634288 ], [ -3.881280250420897, 40.749234697232772 ], [ -3.881181607744129, 40.749214968697416 ], [ -3.881082965067362, 40.749185375894385 ], [ -3.881013915193624, 40.749180443760551 ], [ -3.880890611847665, 40.749205104429741 ], [ -3.880831426241604, 40.749210036563575 ], [ -3.880732783564837, 40.749229765098931 ], [ -3.880698258627968, 40.749234697232772 ], [ -3.880629208754231, 40.749234697232772 ], [ -3.880589751683523, 40.749234697232772 ], [ -3.880545362478978, 40.7492001722959 ], [ -3.880481244739079, 40.749170579492869 ], [ -3.880407262731503, 40.749145918823679 ], [ -3.88035794139312, 40.749136054556004 ], [ -3.880303687920897, 40.749121258154489 ], [ -3.880190248842614, 40.749076868949942 ], [ -3.880116266835039, 40.749057140414585 ], [ -3.879973234953725, 40.749032479745395 ], [ -3.879879524410796, 40.749027547611561 ], [ -3.879800610269382, 40.749012751210046 ], [ -3.879721696127968, 40.749007819076205 ], [ -3.879657578388069, 40.749062072548426 ], [ -3.87959346064817, 40.749096597485298 ], [ -3.879549071443624, 40.749096597485298 ], [ -3.879455360900695, 40.749081801083783 ], [ -3.879406039562311, 40.749081801083783 ], [ -3.879223550610291, 40.749116326020648 ], [ -3.879174229271907, 40.749126190288322 ], [ -3.879070654461301, 40.749155783091354 ], [ -3.878996672453725, 40.749170579492869 ], [ -3.878873369107766, 40.749185375894385 ], [ -3.878774726430998, 40.7492001722959 ], [ -3.878666219486554, 40.749210036563575 ], [ -3.87861689814817, 40.749210036563575 ], [ -3.878562644675948, 40.749205104429741 ] ] ] } },
{ "type": "Feature", "properties": { "fid": 3, "id": null, "longitud": null }, "geometry": { "type": "MultiLineString", "coordinates": [ [ [ -3.883031157933527, 40.742448081071153 ], [ -3.883036090067366, 40.742460411405752 ], [ -3.88305581860272, 40.742568918350194 ], [ -3.883058284669639, 40.742652764625447 ], [ -3.883068148937315, 40.742714416298426 ], [ -3.883090343539588, 40.742763737636814 ], [ -3.883149529145649, 40.742820457175952 ], [ -3.883228443287063, 40.74284511784515 ], [ -3.883317221696154, 40.742842651778226 ], [ -3.88338873763681, 40.742825389309793 ], [ -3.883447923242871, 40.742817991109035 ], [ -3.8835416337858, 40.742835253577468 ], [ -3.883751249473931, 40.742847583912067 ], [ -3.883859756418376, 40.74286977851434 ], [ -3.883931272359033, 40.742859914246658 ], [ -3.884005254366608, 40.742840185711309 ], [ -3.884057041771911, 40.74280319470752 ], [ -3.884140888047164, 40.742808126841361 ], [ -3.884219802188578, 40.742832787510551 ], [ -3.884293784196154, 40.742842651778226 ], [ -3.884404757207518, 40.7428525160459 ], [ -3.884503399884285, 40.74284511784515 ], [ -3.884562585490345, 40.742842651778226 ], [ -3.88473027804085, 40.742894439183516 ], [ -3.884799327914588, 40.742938828388063 ], [ -3.884836318918375, 40.742985683659526 ], [ -3.884863445654486, 40.743035004997914 ], [ -3.884893038457517, 40.743069529934779 ], [ -3.884932495528224, 40.743089258470135 ], [ -3.884991681134284, 40.743111453072409 ], [ -3.885043468539588, 40.74311638520625 ], [ -3.885085391677213, 40.743106520938568 ], [ -3.885119916614082, 40.743101588804734 ], [ -3.885191432554739, 40.743091724537052 ], [ -3.885265414562315, 40.743086792403219 ], [ -3.885329532302213, 40.743079394202461 ], [ -3.885398582175951, 40.743076928135537 ], [ -3.885438039246658, 40.743076928135537 ], [ -3.885440505313577, 40.74313857980853 ], [ -3.885462699915849, 40.743170638678478 ], [ -3.885470098116607, 40.743212561816108 ], [ -3.885452835648173, 40.743227358217624 ], [ -3.885440505313577, 40.743247086752973 ], [ -3.885450369581254, 40.74329147595752 ], [ -3.885452835648173, 40.743343263362824 ], [ -3.885440505313577, 40.743392584701205 ], [ -3.885447903514334, 40.74344930424035 ], [ -3.885502156986556, 40.743464100641866 ], [ -3.885549012258021, 40.743486295244139 ], [ -3.885625460332516, 40.743513421980246 ], [ -3.885696976273173, 40.743523286247928 ], [ -3.885790686816102, 40.743528218381762 ], [ -3.885904125894385, 40.743538082649444 ], [ -3.885965777567364, 40.743538082649444 ], [ -3.886052089909536, 40.743567675452468 ], [ -3.886081682712566, 40.743580005787067 ], [ -3.886098945181001, 40.743575073653226 ], [ -3.886126071917112, 40.743555345117876 ], [ -3.886145800452466, 40.743550412984035 ], [ -3.886182791456254, 40.743545480850202 ], [ -3.88622224852696, 40.743555345117876 ], [ -3.886237044928476, 40.74357753972015 ], [ -3.886237044928476, 40.743592336121665 ], [ -3.886202519991607, 40.743624394991613 ], [ -3.886155664720143, 40.743646589593887 ], [ -3.886135936184789, 40.743666318129236 ], [ -3.886123605850193, 40.743700843066108 ], [ -3.886140868318627, 40.743727969802215 ], [ -3.886175393255496, 40.743750164404489 ], [ -3.88619265572393, 40.743772359006762 ], [ -3.886195121790849, 40.743809350010551 ], [ -3.886175393255496, 40.743858671348939 ], [ -3.8861630629209, 40.74389566235272 ], [ -3.886167995054738, 40.743930187289592 ], [ -3.886195121790849, 40.743949915824949 ], [ -3.886239510995395, 40.743977042561056 ], [ -3.886241977062315, 40.744016499631776 ], [ -3.886219782460042, 40.744043626367883 ], [ -3.886209918192365, 40.744051024568641 ], [ -3.886175393255497, 40.744073219170915 ], [ -3.886167995054739, 40.744115142308544 ], [ -3.886170461121659, 40.744132404776977 ], [ -3.886160596853982, 40.744149667245409 ], [ -3.886143334385547, 40.744157065446167 ], [ -3.886113741582517, 40.744166929713842 ], [ -3.886098945181002, 40.744189124316115 ], [ -3.886084148779487, 40.744218717119146 ], [ -3.88607428451181, 40.744248309922177 ], [ -3.886054555976457, 40.744272970591368 ], [ -3.886020031039588, 40.744309961595157 ], [ -3.885990438236557, 40.744354350799703 ], [ -3.885970709701204, 40.744386409669652 ], [ -3.885946049032012, 40.744408604271925 ], [ -3.885936184764335, 40.74442340067344 ], [ -3.885941116898174, 40.744467789877987 ], [ -3.885936184764335, 40.744482586279503 ], [ -3.885933718697416, 40.744489984480261 ], [ -3.885946049032012, 40.744529441550966 ], [ -3.8859830400358, 40.744536839751724 ], [ -3.886037293508022, 40.744536839751724 ], [ -3.886098945181002, 40.744544237952482 ], [ -3.886143334385547, 40.744563966487831 ], [ -3.886167995054739, 40.744603423558544 ], [ -3.886170461121659, 40.744625618160818 ], [ -3.886160596853982, 40.744655210963842 ], [ -3.886148266519386, 40.744672473432281 ], [ -3.88613593618479, 40.744689735900714 ], [ -3.886153198653224, 40.744719328703745 ], [ -3.886163062920901, 40.744734125105261 ], [ -3.886163062920901, 40.744776048242883 ], [ -3.886153198653224, 40.744800708912081 ], [ -3.88613347011787, 40.744813039246672 ], [ -3.886111275515598, 40.74482043744743 ], [ -3.88610387731484, 40.744825369581271 ], [ -3.886094013047163, 40.744840165982787 ], [ -3.886084148779487, 40.744864826651977 ], [ -3.886066886311052, 40.744882089120409 ], [ -3.886054555976457, 40.744889487321167 ], [ -3.885985506102719, 40.744899351588842 ], [ -3.885965777567365, 40.744909215856524 ], [ -3.885941116898174, 40.744961003261828 ], [ -3.885938650831255, 40.744990596064852 ], [ -3.885938650831255, 40.745027587068641 ], [ -3.885941116898174, 40.745067044139347 ], [ -3.885941116898174, 40.745099103009302 ], [ -3.88595098116585, 40.74513116187925 ], [ -3.885958379366608, 40.745163220749191 ], [ -3.885946049032012, 40.745185415351465 ], [ -3.885933718697416, 40.745197745686056 ], [ -3.885913990162063, 40.745215008154496 ], [ -3.885894261626709, 40.745229804556011 ], [ -3.88588932949287, 40.745251999158278 ], [ -3.885874533091355, 40.745276659827475 ], [ -3.885849872422163, 40.745298854429748 ], [ -3.885807949284537, 40.745325981165855 ], [ -3.885798085016861, 40.745345709701212 ], [ -3.885775890414588, 40.745385166771918 ], [ -3.885741365477719, 40.745409827441108 ], [ -3.885726569076204, 40.745424623842624 ], [ -3.885699442340093, 40.745446818444897 ], [ -3.885664917403224, 40.74546901304717 ], [ -3.885635324600194, 40.74548874158252 ], [ -3.885608197864082, 40.745520800452475 ], [ -3.885605731797163, 40.745545461121665 ], [ -3.885603265730244, 40.745582452125454 ], [ -3.885603265730244, 40.745616977062319 ], [ -3.885603265730244, 40.745651501999191 ], [ -3.885595867529487, 40.745695891203738 ], [ -3.885583537194891, 40.745720551872928 ], [ -3.885568740793376, 40.745745212542118 ], [ -3.885539147990345, 40.745769873211309 ], [ -3.885516953388072, 40.745789601746665 ], [ -3.885482428451204, 40.745814262415855 ], [ -3.885442971380497, 40.745836457018129 ], [ -3.885420776778224, 40.745853719486561 ], [ -3.885388717908274, 40.745856185553485 ], [ -3.885368989372921, 40.745856185553485 ], [ -3.885331998369133, 40.745856185553485 ], [ -3.885211161090092, 40.745838923085053 ], [ -3.885176636153223, 40.745848787352728 ], [ -3.885142111216354, 40.745846321285811 ], [ -3.885087857744132, 40.745838923085053 ], [ -3.885063197074941, 40.745838923085053 ], [ -3.885028672138072, 40.745843855218894 ], [ -3.884979350799688, 40.745868515888084 ], [ -3.884959622264335, 40.745880846222676 ], [ -3.884922631260546, 40.745893176557274 ], [ -3.884878242056001, 40.745912905092631 ], [ -3.884843717119132, 40.745925235427222 ], [ -3.884809192182264, 40.745940031828738 ], [ -3.884772201178476, 40.745949896096413 ], [ -3.884740142308526, 40.745954828230253 ], [ -3.884708083438577, 40.745962226431011 ], [ -3.884648897832516, 40.745979488899444 ], [ -3.884621771096405, 40.745996751367883 ], [ -3.884574915824941, 40.746026344170907 ], [ -3.884535458754233, 40.746055936973939 ], [ -3.884503399884284, 40.746097860111568 ], [ -3.884471341014335, 40.746142249316115 ], [ -3.884461476746658, 40.746157045717631 ], [ -3.884397359006759, 40.746201434922177 ], [ -3.88436283406989, 40.746231027725209 ], [ -3.884320910932264, 40.746250756260558 ], [ -3.884296250263072, 40.746268018728998 ], [ -3.884244462857769, 40.746307475799703 ], [ -3.884224734322415, 40.746317340067378 ], [ -3.884195141519385, 40.746322272201219 ], [ -3.884172946917112, 40.746339534669652 ], [ -3.884160616582516, 40.746354331071167 ], [ -3.884133489846405, 40.74637652567344 ], [ -3.884111295244133, 40.746388856008032 ], [ -3.884074304240344, 40.746408584543389 ], [ -3.884049643571153, 40.746428313078745 ], [ -3.884029915035799, 40.746460371948693 ], [ -3.884005254366607, 40.746507227220157 ], [ -3.883975661563577, 40.74652942182243 ], [ -3.883946068760547, 40.746549150357787 ], [ -3.883911543823678, 40.746578743160811 ], [ -3.883879484953729, 40.746610802030766 ], [ -3.883837561816102, 40.746665055502987 ], [ -3.883810435079991, 40.746704512573693 ], [ -3.883803036879234, 40.746743969644399 ], [ -3.883798104745395, 40.746780960648188 ], [ -3.883800570812314, 40.746808087384295 ], [ -3.883785774410799, 40.746845078388084 ], [ -3.883758647674688, 40.746867272990357 ], [ -3.883724122737819, 40.746879603324949 ], [ -3.883677267466354, 40.746887001525707 ], [ -3.88366000499792, 40.746891933659548 ], [ -3.883593421191102, 40.746901797927222 ], [ -3.88356876052191, 40.746887001525707 ], [ -3.883541633785799, 40.746879603324949 ], [ -3.883521905250445, 40.746879603324949 ], [ -3.883494778514334, 40.746899331860305 ], [ -3.883467651778223, 40.746919060395662 ], [ -3.883433126841354, 40.746928924663337 ], [ -3.883398601904486, 40.746938788931011 ], [ -3.883351746633021, 40.74695111926561 ], [ -3.883304891361556, 40.746960983533285 ], [ -3.8832333754209, 40.746985644202475 ], [ -3.883211180818627, 40.747000440603991 ], [ -3.883198850484031, 40.747020169139347 ], [ -3.883193918350193, 40.747054694076212 ], [ -3.883206248684789, 40.747071956544652 ], [ -3.883216112952466, 40.747086752946167 ], [ -3.883208714751708, 40.7471040154146 ], [ -3.88320378261787, 40.747118811816115 ], [ -3.883213646885546, 40.747138540351465 ], [ -3.883235841487819, 40.74715333675298 ], [ -3.883245705755496, 40.747182929556011 ], [ -3.883245705755496, 40.747212522359042 ], [ -3.883230909353981, 40.747229784827475 ], [ -3.883225977220143, 40.747234716961316 ], [ -3.883176655881758, 40.747247047295915 ], [ -3.883147063078728, 40.747256911563589 ], [ -3.883127334543375, 40.747261843697423 ], [ -3.883110072074941, 40.747269241898181 ], [ -3.883078013204991, 40.747296368634295 ], [ -3.883065682870395, 40.747323495370409 ], [ -3.883041022201203, 40.747367884574949 ], [ -3.883028691866607, 40.747409807712579 ], [ -3.88301882759893, 40.747434468381769 ], [ -3.883011429398173, 40.747466527251717 ], [ -3.883008963331253, 40.747488721853991 ], [ -3.883008963331253, 40.747510916456264 ], [ -3.883006497264334, 40.747533111058537 ], [ -3.883001565130496, 40.747540509259295 ], [ -3.882991700862819, 40.747552839593894 ], [ -3.882981836595143, 40.747572568129243 ], [ -3.882984302662062, 40.747597228798433 ], [ -3.8829892347959, 40.747612025199949 ], [ -3.882991700862819, 40.747644084069904 ], [ -3.8829892347959, 40.747653948337579 ], [ -3.882981836595143, 40.747656414404496 ], [ -3.88295717592595, 40.74766627867217 ], [ -3.882942379524435, 40.747671210806011 ], [ -3.882917718855243, 40.74768354114061 ], [ -3.88289799031989, 40.747695871475202 ], [ -3.882860999316102, 40.747713133943641 ], [ -3.882779619107769, 40.747732862479005 ], [ -3.882757424505497, 40.747742726746679 ], [ -3.882727831702466, 40.747742726746679 ], [ -3.882703171033274, 40.747735328545922 ], [ -3.882688374631759, 40.747727930345164 ], [ -3.88268590856484, 40.74772299821133 ], [ -3.882653849694891, 40.747708201809814 ], [ -3.882634121159537, 40.747703269675974 ], [ -3.882621790824941, 40.747703269675974 ], [ -3.882606994423426, 40.747703269675974 ], [ -3.882574935553476, 40.747720532144413 ], [ -3.882557673085042, 40.747730396412088 ], [ -3.882552740951204, 40.747732862479005 ], [ -3.882537944549688, 40.747750124947437 ], [ -3.882518216014335, 40.747759989215119 ], [ -3.882496021412063, 40.747759989215119 ], [ -3.882459030408274, 40.747752591014361 ], [ -3.882419573337567, 40.74774765888052 ], [ -3.882392446601456, 40.74774765888052 ], [ -3.882335727062315, 40.747759989215119 ], [ -3.882298736058527, 40.747774785616635 ], [ -3.882266677188578, 40.747794514151984 ], [ -3.882242016519386, 40.747804378419666 ], [ -3.88222968618479, 40.747806844486583 ], [ -3.882207491582517, 40.747801912352742 ], [ -3.882187763047163, 40.747799446285825 ], [ -3.882163102377971, 40.74778958201815 ], [ -3.882126111374184, 40.747784649884309 ], [ -3.882098984638072, 40.747767387415877 ], [ -3.882079256102719, 40.747750124947437 ], [ -3.882049663299688, 40.747742726746679 ], [ -3.882022536563578, 40.747740260679763 ], [ -3.882002808028224, 40.747745192813603 ], [ -3.881970749158274, 40.747769853482794 ], [ -3.881958418823678, 40.74778958201815 ], [ -3.881911563552214, 40.7478093105535 ], [ -3.881879504682265, 40.747819174821174 ], [ -3.88186224221383, 40.747819174821174 ], [ -3.881798124473931, 40.747831505155773 ], [ -3.881775929871658, 40.747838903356531 ], [ -3.881746337068628, 40.747851233691129 ], [ -3.881743871001709, 40.747883292561077 ], [ -3.881736472800951, 40.747922749631783 ], [ -3.881734006734032, 40.747944944234057 ], [ -3.881706879997921, 40.747957274568655 ], [ -3.881684685395648, 40.747959740635572 ], [ -3.881655092592618, 40.747959740635572 ], [ -3.881625499789588, 40.747954808501731 ], [ -3.881581110585042, 40.74794247816714 ], [ -3.881563848116608, 40.747937546033299 ], [ -3.881531789246658, 40.747927681765624 ], [ -3.881516992845143, 40.747927681765624 ], [ -3.881487400042113, 40.747922749631783 ], [ -3.881482467908274, 40.747922749631783 ], [ -3.881438078703729, 40.7479252156987 ], [ -3.881420816235295, 40.747927681765624 ], [ -3.881349300294638, 40.747959740635558 ], [ -3.881339436026961, 40.747979469170915 ], [ -3.881327105692365, 40.748006595907022 ], [ -3.881314775357769, 40.748033722643136 ], [ -3.881290114688578, 40.748068247580001 ], [ -3.881258055818628, 40.74810523858379 ], [ -3.881245725484032, 40.748115102851465 ], [ -3.881186539877971, 40.748124967119146 ], [ -3.881137218539588, 40.748139763520662 ], [ -3.8811002275358, 40.748152093855253 ], [ -3.881055838331254, 40.748174288457527 ], [ -3.88100898305979, 40.7481964830598 ], [ -3.880927602851456, 40.748218677662074 ], [ -3.880863485111557, 40.748233474063589 ], [ -3.880811697706254, 40.748250736532022 ], [ -3.880752512100194, 40.748265532933537 ], [ -3.880688394360295, 40.748290193602728 ], [ -3.880666199758022, 40.748295125736568 ], [ -3.880614412352719, 40.748304990004243 ], [ -3.88057988741585, 40.748314854271925 ], [ -3.880530566077466, 40.7483247185396 ], [ -3.880476312605244, 40.7483247185396 ], [ -3.880444253735295, 40.748322252472683 ], [ -3.880412194865345, 40.748304990004243 ], [ -3.880380135995396, 40.748292659669652 ], [ -3.880357941393123, 40.748285261468894 ], [ -3.880320950389335, 40.748280329335053 ], [ -3.880308620054739, 40.748280329335053 ], [ -3.880279027251709, 40.748285261468894 ], [ -3.880239570181002, 40.748302523937326 ], [ -3.880202579177214, 40.7483247185396 ], [ -3.880168054240345, 40.748354311342631 ], [ -3.880140927504234, 40.748369107744146 ], [ -3.880103936500446, 40.748386370212579 ], [ -3.880071877630497, 40.748401166614094 ], [ -3.880042284827466, 40.748406098747935 ], [ -3.879992963489082, 40.748413496948686 ], [ -3.87997076888681, 40.748413496948686 ], [ -3.879933777883022, 40.74841596301561 ], [ -3.879896786879234, 40.748425827283285 ], [ -3.879864728009284, 40.748435691550959 ], [ -3.879812940603982, 40.748445555818641 ], [ -3.879805542403224, 40.748445555818641 ], [ -3.879800610269386, 40.748472682554748 ], [ -3.879798144202466, 40.74848254682243 ], [ -3.879798144202466, 40.748504741424696 ], [ -3.879793212068628, 40.748522003893136 ], [ -3.879771017466355, 40.748539266361568 ], [ -3.879746356797163, 40.748551596696174 ], [ -3.87972416219489, 40.748571325231524 ], [ -3.879701967592618, 40.748586121633039 ], [ -3.879674840856507, 40.748598451967638 ], [ -3.879640315919638, 40.748603384101479 ], [ -3.879623053451204, 40.748608316235313 ], [ -3.879608257049688, 40.748620646569911 ], [ -3.879588528514335, 40.748640375105261 ], [ -3.879563867845143, 40.748665035774458 ], [ -3.87954413930979, 40.748684764309807 ], [ -3.879517012573678, 40.748709424978998 ], [ -3.879504682239082, 40.748721755313596 ], [ -3.879487419770648, 40.748741483848953 ], [ -3.879462759101456, 40.748758746317385 ], [ -3.879438098432265, 40.748771076651984 ], [ -3.879418369896911, 40.748776008785818 ], [ -3.879396175294638, 40.748783406986576 ], [ -3.879373980692365, 40.748795737321174 ], [ -3.879351786090093, 40.748812999789607 ], [ -3.879327125420901, 40.748830262258039 ], [ -3.879309862952466, 40.748857388994153 ], [ -3.879280270149436, 40.748879583596427 ], [ -3.879255609480244, 40.748894379997942 ], [ -3.879240813078729, 40.748904244265617 ], [ -3.879203822074941, 40.748919040667133 ], [ -3.879181627472668, 40.748933837068648 ], [ -3.879142170401961, 40.748960963804755 ], [ -3.879117509732769, 40.748973294139354 ], [ -3.879065722327466, 40.748995488741627 ], [ -3.879033663457517, 40.74901275121006 ], [ -3.878996672453729, 40.749027547611576 ], [ -3.878954749316103, 40.749044810080008 ], [ -3.87887090304085, 40.749074402883039 ], [ -3.87884131023782, 40.749084267150721 ], [ -3.878799387100194, 40.749108927819911 ], [ -3.878762396096406, 40.749128656355261 ], [ -3.878671151620396, 40.74917057949289 ], [ -3.878562644675948, 40.749205104429741 ] ] ] } },
{ "type": "Feature", "properties": { "fid": 4, "id": null, "longitud": null }, "geometry": { "type": "MultiLineString", "coordinates": [ [ [ -3.878562644675948, 40.749205104429741 ], [ -3.8785367509733, 40.749250726667732 ], [ -3.878520721538325, 40.74928895070498 ], [ -3.878509624237189, 40.749323475641845 ], [ -3.878500993002972, 40.749346903277576 ], [ -3.878483730534537, 40.749361699679092 ], [ -3.878443040430371, 40.749377729114066 ], [ -3.878424544928477, 40.749382661247907 ], [ -3.878402350326204, 40.749399923716339 ], [ -3.878375223590093, 40.749433215619753 ], [ -3.878362893255497, 40.749448012021269 ], [ -3.878330834385547, 40.749472672690459 ], [ -3.87832343618479, 40.7494776048243 ], [ -3.878317271017492, 40.749520760995381 ], [ -3.878308639783275, 40.749539256497279 ], [ -3.878288911247921, 40.749565150199928 ], [ -3.878280280013704, 40.74958241266836 ], [ -3.878270415746026, 40.749624335805997 ], [ -3.878264250578729, 40.749669958044002 ], [ -3.878254386311052, 40.749697084780117 ], [ -3.878238356876077, 40.749722978482765 ], [ -3.87822972564186, 40.749753804319255 ], [ -3.878230958675319, 40.749757503419637 ], [ -3.87825931844489, 40.749771066787694 ], [ -3.878270415746026, 40.749790795323044 ], [ -3.878276580913324, 40.74983025239375 ], [ -3.878274114846405, 40.749859845196781 ], [ -3.878271648779486, 40.749875874631755 ], [ -3.878263017545269, 40.749900535300952 ], [ -3.878269182712567, 40.749922729903226 ], [ -3.878317271017491, 40.749958487873549 ], [ -3.878344397753602, 40.749978216408905 ], [ -3.878369058422795, 40.750002877078103 ], [ -3.878406049426582, 40.750044800215726 ], [ -3.878417146727719, 40.750052198416483 ], [ -3.87841344762734, 40.750070693918381 ], [ -3.878394952125446, 40.750091655487189 ], [ -3.878433176162693, 40.750120015256769 ], [ -3.878475099300319, 40.750152074126717 ], [ -3.878517022437945, 40.750161938394399 ], [ -3.87856387770941, 40.750159472327475 ], [ -3.878608266913956, 40.750159472327475 ], [ -3.878640325783905, 40.750181666929748 ], [ -3.878650190051582, 40.750233454335053 ], [ -3.878605800847036, 40.750267979271925 ], [ -3.878571275910168, 40.750292639941115 ], [ -3.878573741977087, 40.750337029145662 ], [ -3.878586072311683, 40.750366621948693 ], [ -3.878546615240976, 40.750403612952475 ], [ -3.878497293902592, 40.750433205755506 ], [ -3.878519488504864, 40.750457866424703 ], [ -3.87856387770941, 40.750475128893136 ], [ -3.87856387770941, 40.750507187763084 ], [ -3.87853181883946, 40.750536780566115 ], [ -3.878514556371026, 40.750554043034548 ], [ -3.878482497501077, 40.75058856797142 ], [ -3.878447972564208, 40.750603364372935 ], [ -3.878406049426582, 40.750618160774451 ], [ -3.878396185158905, 40.750652685711316 ], [ -3.878408515493501, 40.75067981244743 ], [ -3.87844304043037, 40.750709405250461 ], [ -3.878452904698046, 40.750743930187326 ], [ -3.878450438631127, 40.750748862321167 ], [ -3.878423311895016, 40.750748862321167 ], [ -3.878386320891228, 40.750753794455001 ], [ -3.87838138875739, 40.750756260521925 ], [ -3.878369058422794, 40.750773522990357 ], [ -3.878366592355875, 40.750795717592631 ], [ -3.878366592355875, 40.750830242529496 ], [ -3.878354262021279, 40.750869699600209 ], [ -3.87831973708441, 40.750916554871672 ], [ -3.87829014428138, 40.750938749473946 ], [ -3.878245755076834, 40.750958478009295 ], [ -3.878201365872289, 40.750973274410811 ], [ -3.878169307002339, 40.750985604745409 ], [ -3.878124917797794, 40.750993002946167 ], [ -3.878085460727087, 40.75101519754844 ], [ -3.878073130392491, 40.751025061816115 ], [ -3.87804353758946, 40.751042324284548 ], [ -3.878018876920269, 40.751044790351465 ], [ -3.877949827046531, 40.751042324284548 ], [ -3.87792270031042, 40.751044790351465 ], [ -3.877858582570521, 40.751062052819904 ], [ -3.877811727299056, 40.751084247422177 ], [ -3.877671161484663, 40.751140966961309 ], [ -3.877592247343248, 40.751190288299689 ], [ -3.87755772240638, 40.751202618634288 ], [ -3.877508401067996, 40.751217415035804 ], [ -3.877473876131127, 40.751237143571153 ], [ -3.877422088725825, 40.751239609638077 ], [ -3.877399894123552, 40.751247007838835 ], [ -3.877360437052844, 40.751269202441101 ], [ -3.877325912115976, 40.751291397043374 ], [ -3.877301251446784, 40.751308659511814 ], [ -3.877266726509915, 40.751330854114087 ], [ -3.87722233730537, 40.751360446917111 ], [ -3.877195210569259, 40.751392505787067 ], [ -3.877170549900067, 40.751429496790848 ], [ -3.877138491030117, 40.751449225326205 ], [ -3.877121228561683, 40.751476352062319 ], [ -3.877103966093248, 40.751503478798426 ], [ -3.877081771490976, 40.751535537668374 ], [ -3.877074373290218, 40.751552800136814 ], [ -3.877074373290218, 40.751587325073679 ], [ -3.877044780487188, 40.751631714278226 ], [ -3.877034916219511, 40.751646510679741 ], [ -3.877010255550319, 40.751668705282015 ], [ -3.876995459148804, 40.751685967750447 ], [ -3.876973264546531, 40.751713094486561 ], [ -3.876951069944259, 40.751727890888077 ], [ -3.876901748605875, 40.751757483691101 ], [ -3.876867223669006, 40.751784610427215 ], [ -3.876827766598299, 40.751816669297163 ], [ -3.876780911326835, 40.751846262100194 ], [ -3.876731589988451, 40.751883253103983 ], [ -3.876697065051582, 40.751905447706257 ], [ -3.876689666850825, 40.751917778040848 ], [ -3.876692132917744, 40.751957235111561 ], [ -3.876709395386178, 40.751976963646911 ], [ -3.87673405605537, 40.751991760048426 ], [ -3.876768580992239, 40.752011488583783 ], [ -3.876773513126077, 40.752033683186056 ], [ -3.876773513126077, 40.752053411721405 ], [ -3.876766114925319, 40.752063275989087 ], [ -3.876758716724562, 40.752065742056004 ], [ -3.876738988189208, 40.752068208122921 ], [ -3.876709395386178, 40.752063275989087 ], [ -3.876692132917744, 40.752060809922163 ], [ -3.876652675847037, 40.752060809922163 ], [ -3.876600888441733, 40.752075606323679 ], [ -3.87658115990638, 40.75208053845752 ], [ -3.876561431371027, 40.752087936658278 ], [ -3.876524440367239, 40.752097800925952 ], [ -3.876386340619764, 40.752156986532022 ], [ -3.87633701928138, 40.752181647201212 ], [ -3.876282765809158, 40.752208773937319 ], [ -3.876250706939208, 40.752230968539592 ], [ -3.876221114136178, 40.752255629208783 ], [ -3.876196453466986, 40.752277823811056 ], [ -3.876166860663956, 40.752307416614087 ], [ -3.876142199994764, 40.752329611216361 ], [ -3.876129869660168, 40.752346873684793 ], [ -3.876107675057895, 40.752378932554748 ], [ -3.876034926083779, 40.75242702085967 ], [ -3.875990536879233, 40.752449215461944 ], [ -3.875957244975824, 40.752460312763077 ], [ -3.87591038970436, 40.75245784669616 ], [ -3.87587833083441, 40.752450448495402 ], [ -3.875842572864082, 40.752454147595785 ], [ -3.875824077362188, 40.75245784669616 ], [ -3.875784620291481, 40.752475109164592 ], [ -3.875750095354612, 40.752489905566108 ], [ -3.875720502551582, 40.752505935001082 ], [ -3.875689676715092, 40.752525663536439 ], [ -3.875671181213198, 40.752537993871037 ], [ -3.875650219644385, 40.752552790272546 ], [ -3.875628025042112, 40.752563887573686 ], [ -3.875599665272542, 40.752570052740985 ], [ -3.875565140335673, 40.752589781276335 ], [ -3.875526916298425, 40.752623073179748 ], [ -3.875476361926582, 40.752650199915855 ], [ -3.875433205755496, 40.75267116148467 ], [ -3.875402379919006, 40.752688423953103 ], [ -3.875383884417112, 40.752711851588835 ], [ -3.87536045678138, 40.752734046191108 ], [ -3.875346893413324, 40.752766105061056 ], [ -3.875346893413324, 40.752782134496037 ], [ -3.875340728246027, 40.752804329098304 ], [ -3.875309902409537, 40.752831455834418 ], [ -3.875198929398172, 40.752902971775072 ], [ -3.875161938394384, 40.752937496711944 ], [ -3.875117549189839, 40.752962157381134 ], [ -3.875075626052213, 40.75297695378265 ], [ -3.875018906513071, 40.752979419849567 ], [ -3.874996711910799, 40.752981885916491 ], [ -3.874957254840091, 40.752986818050324 ], [ -3.874920263836304, 40.75297695378265 ], [ -3.874895603167112, 40.75297695378265 ], [ -3.874863544297162, 40.752974487715733 ], [ -3.874811756891859, 40.752969555581892 ], [ -3.874774765888071, 40.752972021648816 ], [ -3.874740240951203, 40.752972021648816 ], [ -3.874713114215091, 40.752986818050324 ], [ -3.874700783880495, 40.753006546585681 ], [ -3.874693385679738, 40.753026275121037 ], [ -3.874676123211304, 40.753053401857144 ], [ -3.874639132207516, 40.753073130392501 ], [ -3.874612005471405, 40.753085460727092 ], [ -3.874599675136809, 40.753105189262449 ], [ -3.874575014467617, 40.753144646333155 ], [ -3.874557751999182, 40.753161908801587 ], [ -3.874523227062314, 40.753171773069269 ], [ -3.87450596459388, 40.753174239136186 ], [ -3.874471439657011, 40.753181637336944 ], [ -3.874461575389334, 40.753186569470785 ], [ -3.874434448653223, 40.753193967671542 ], [ -3.874385127314839, 40.7532013658723 ], [ -3.874343204177213, 40.753203831939217 ], [ -3.874301281039587, 40.75322109440765 ], [ -3.87425935790196, 40.753240822943006 ], [ -3.874227299032011, 40.753248221143764 ], [ -3.874187841961304, 40.753260551478355 ], [ -3.874148384890597, 40.753282746080629 ], [ -3.874126190288324, 40.753292610348311 ], [ -3.874081801083778, 40.753314804950577 ], [ -3.874027547611556, 40.753334533485933 ], [ -3.873980692340091, 40.753349329887449 ], [ -3.873911642466354, 40.753381388757397 ], [ -3.873815465856506, 40.753403583359663 ], [ -3.873768610585041, 40.753420845828096 ], [ -3.873736551715092, 40.753443040430369 ], [ -3.873714357112819, 40.7534726332334 ], [ -3.873692162510546, 40.753492361768757 ], [ -3.873642841172162, 40.753541683107137 ], [ -3.873608316235294, 40.753573741977085 ], [ -3.873571325231506, 40.753613199047798 ], [ -3.873534334227718, 40.753657588252338 ], [ -3.873512139625445, 40.753689647122293 ], [ -3.873489945023173, 40.753719239925324 ], [ -3.873470216487819, 40.75375869699603 ], [ -3.873462818287062, 40.753788289799061 ], [ -3.8734677504209, 40.753817882602085 ], [ -3.873485012889334, 40.753840077204359 ], [ -3.873485012889334, 40.753859805739715 ], [ -3.873457886153223, 40.753886932475829 ], [ -3.873448021885546, 40.75389433067658 ], [ -3.873408564814839, 40.753918991345778 ], [ -3.873386370212567, 40.753923923479611 ], [ -3.873369107744132, 40.753923923479611 ], [ -3.873327184606506, 40.753933787747293 ], [ -3.873292659669637, 40.753941185948051 ], [ -3.873233474063577, 40.753951050215726 ], [ -3.873211279461304, 40.753955982349567 ], [ -3.873137297453728, 40.753983109085674 ], [ -3.873120034985294, 40.753990507286431 ], [ -3.87307071364691, 40.754012701888705 ], [ -3.873065781513072, 40.75402256615638 ], [ -3.873073179713829, 40.754044760758653 ], [ -3.873080577914587, 40.754066955360926 ], [ -3.873063315446152, 40.754099014230874 ], [ -3.873050985111556, 40.754116276699314 ], [ -3.873043586910799, 40.754143403435421 ], [ -3.873021392308526, 40.754168064104611 ], [ -3.872996731639334, 40.754195190840726 ], [ -3.872977003103981, 40.754214919376082 ], [ -3.87294987636787, 40.754249444312954 ], [ -3.872910419297163, 40.754281503182902 ], [ -3.872873428293375, 40.754301231718259 ], [ -3.872833971222668, 40.75431356205285 ], [ -3.872809310553476, 40.754325892387449 ], [ -3.872779717750445, 40.754345620922798 ], [ -3.872740260679739, 40.754365349458155 ], [ -3.872713133943627, 40.75438014585967 ], [ -3.872683541140597, 40.754409738662702 ], [ -3.872646550136809, 40.754434399331892 ], [ -3.872631753735294, 40.754449195733407 ], [ -3.872592296664587, 40.754478788536439 ], [ -3.872540509259284, 40.754496051004871 ], [ -3.872513382523173, 40.754503449205629 ], [ -3.872454196917112, 40.754518245607144 ], [ -3.87239994344489, 40.754528109874819 ], [ -3.872358020307264, 40.754540440209418 ], [ -3.872293902567365, 40.754562634811698 ], [ -3.872284038299688, 40.754604557949321 ], [ -3.872293902567365, 40.754661277488459 ], [ -3.872303766835041, 40.754727861295279 ], [ -3.87230869896888, 40.754777182633667 ], [ -3.872328427504233, 40.754809241503615 ], [ -3.872340757838829, 40.754865961042753 ], [ -3.872348156039587, 40.754917748448058 ], [ -3.872340757838829, 40.754947341251089 ], [ -3.872296368634284, 40.75497693405412 ], [ -3.872259377630496, 40.754984332254878 ], [ -3.872234716961304, 40.754989264388712 ], [ -3.872192793823678, 40.754986798321795 ], [ -3.872160734953728, 40.754989264388712 ], [ -3.872108947548425, 40.755006526857152 ], [ -3.872069490477718, 40.755023789325584 ], [ -3.872012770938577, 40.755050916061698 ], [ -3.87197331386787, 40.755080508864722 ], [ -3.871951119265597, 40.755102703466996 ], [ -3.871926458596405, 40.755139694470785 ], [ -3.871891933659537, 40.755189015809172 ], [ -3.871864806923425, 40.755223540746037 ], [ -3.871830281986556, 40.755245735348311 ], [ -3.871785892782011, 40.755272862084425 ], [ -3.871746435711304, 40.755295056686698 ], [ -3.871630530566103, 40.755329581623556 ], [ -3.871563946759284, 40.755346844091989 ], [ -3.871536820023173, 40.75535670835967 ], [ -3.871507227220143, 40.755383835095778 ], [ -3.871477634417113, 40.755406029698051 ], [ -3.871450507681002, 40.755415893965733 ], [ -3.871411050610295, 40.755428224300324 ], [ -3.871376525673426, 40.755438088567999 ], [ -3.871307475799688, 40.755447952835681 ], [ -3.871280349063578, 40.755462749237196 ], [ -3.871253222327466, 40.755494808107144 ], [ -3.871198968855244, 40.755524400910176 ], [ -3.871159511784537, 40.755551527646283 ], [ -3.871137317182265, 40.75557618831548 ], [ -3.871092927977719, 40.755608247185428 ], [ -3.871053470907012, 40.755625509653861 ], [ -3.871001683501709, 40.75566250065765 ], [ -3.87099921743479, 40.75566250065765 ], [ -3.870989353167113, 40.755692093460681 ], [ -3.870942497895648, 40.755743880865985 ], [ -3.870841389151961, 40.755844989609677 ], [ -3.870809330282011, 40.755854853877352 ], [ -3.870774805345143, 40.755867184211951 ], [ -3.87075261074287, 40.755877048479626 ], [ -3.870735348274436, 40.755914039483415 ], [ -3.870718085806002, 40.755960894754878 ], [ -3.870693425136809, 40.755992953624826 ], [ -3.87066136626686, 40.756022546427857 ], [ -3.870644103798426, 40.75603980889629 ], [ -3.870584918192365, 40.756084198100837 ], [ -3.870550393255496, 40.756111324836951 ], [ -3.870501071917113, 40.756158180108415 ], [ -3.870486275515598, 40.756180374710688 ], [ -3.87047887731484, 40.756219831781394 ], [ -3.870466546980244, 40.756254356718259 ], [ -3.870441886311052, 40.756303678056646 ], [ -3.870427089909537, 40.756328338725837 ], [ -3.870422157775698, 40.756335736926594 ], [ -3.870422157775698, 40.756338202993511 ], [ -3.870449284511809, 40.756357931528868 ], [ -3.870476411247921, 40.7563751939973 ], [ -3.87050847011787, 40.756397388599574 ], [ -3.870555325389335, 40.756414651068006 ], [ -3.870562723590092, 40.756426981402605 ], [ -3.870560257523173, 40.75646150633947 ], [ -3.870542995054739, 40.756483700941743 ], [ -3.870476411247921, 40.756515759811698 ], [ -3.870456682712567, 40.756530556213207 ], [ -3.87041722564186, 40.756565081150079 ], [ -3.870390098905749, 40.75659467395311 ], [ -3.870367904303476, 40.756614402488459 ], [ -3.870340777567365, 40.756634131023816 ], [ -3.870279125894385, 40.756653859559172 ], [ -3.870239668823678, 40.756671122027605 ], [ -3.870190347485294, 40.756676054161446 ], [ -3.870163220749183, 40.756676054161446 ], [ -3.870131161879234, 40.756676054161446 ], [ -3.870074442340092, 40.756683452362203 ], [ -3.870054713804739, 40.75668591842912 ], [ -3.870010324600194, 40.756710579098311 ], [ -3.869983197864082, 40.756732773700584 ], [ -3.869938808659537, 40.75677223077129 ], [ -3.869746455439841, 40.756893068050324 ], [ -3.869662609164588, 40.756939923321795 ], [ -3.86962808422772, 40.756962117924061 ], [ -3.869588627157012, 40.756979380392501 ], [ -3.869198988583781, 40.757248181686691 ], [ -3.869011567497923, 40.757415874237196 ], [ -3.868942517624185, 40.757455331307902 ], [ -3.86880441787671, 40.757524381181639 ], [ -3.868666318129236, 40.757603295323058 ], [ -3.868518354114084, 40.75768220946447 ], [ -3.868370390098933, 40.757751259338207 ], [ -3.868094190603983, 40.757820309211944 ], [ -3.867936362321155, 40.7578400377473 ], [ -3.867670027093882, 40.757899223353363 ], [ -3.867531927346407, 40.757948544691743 ], [ -3.867354370528226, 40.758057051636186 ], [ -3.867255727851458, 40.758135965777605 ], [ -3.86709789956863, 40.758254336989722 ], [ -3.867058442497923, 40.758293794060428 ], [ -3.866949935553478, 40.758372708201847 ], [ -3.866762514467619, 40.758569993555383 ], [ -3.866683600326205, 40.758678500499826 ], [ -3.866584957649437, 40.758787007444269 ], [ -3.866466586437316, 40.758875785853363 ], [ -3.866387672295902, 40.758964564262449 ], [ -3.866298893886811, 40.759033614136186 ], [ -3.866072015730245, 40.759181578151342 ], [ -3.865924051715094, 40.759270356560428 ], [ -3.865785951967619, 40.759339406434165 ], [ -3.865707037826205, 40.759378863504878 ], [ -3.865687309290851, 40.759398592040228 ], [ -3.865647852220144, 40.759438049110933 ], [ -3.865578802346407, 40.75950709898467 ], [ -3.8655393452757, 40.759546556055383 ], [ -3.865401245528225, 40.759645198732152 ], [ -3.865312467119134, 40.759684655802857 ], [ -3.865253281513073, 40.759714248605889 ], [ -3.865174367371659, 40.759743841408913 ], [ -3.865075724694892, 40.759783298479626 ], [ -3.865065860427215, 40.759783298479626 ], [ -3.865006674821154, 40.759832619818006 ], [ -3.86489816787671, 40.759911533959418 ], [ -3.864829118002973, 40.75997071956548 ], [ -3.864779796664588, 40.760010176636186 ], [ -3.864681153987821, 40.760069362242248 ], [ -3.864661425452467, 40.760089090777605 ], [ -3.864582511311053, 40.760128547848311 ], [ -3.864513461437316, 40.76014827638366 ], [ -3.864434547295902, 40.760168004919016 ], [ -3.864316176083781, 40.760187733454373 ], [ -3.864237261942367, 40.760207461989722 ], [ -3.864158347800952, 40.760227190525079 ], [ -3.864039976588831, 40.76025678332811 ], [ -3.863941333912063, 40.760286376131141 ], [ -3.863803234164588, 40.760306104666491 ], [ -3.863763777093882, 40.760325833201847 ] ] ] } },
{ "type": "Feature", "properties": { "fid": 5, "id": null, "longitud": null }, "geometry": { "type": "MultiLineString", "coordinates": [ [ [ -3.893076065012131, 40.749316385699608 ], [ -3.893026743673751, 40.749378808018555 ], [ -3.893011947272236, 40.749420731156178 ], [ -3.89296755806769, 40.749489781029915 ], [ -3.892930567063902, 40.749539102368303 ], [ -3.892896042127034, 40.749603220108199 ], [ -3.892841788654811, 40.749687066383451 ], [ -3.892799865517185, 40.749788175127144 ], [ -3.892787535182589, 40.749872021402396 ], [ -3.892745612044963, 40.749975596212998 ], [ -3.892713553175013, 40.750071772822849 ], [ -3.892688892505821, 40.750140822696586 ], [ -3.8926346390336, 40.750352904451638 ], [ -3.892605046230569, 40.750458945329164 ], [ -3.892563123092943, 40.750503334533704 ], [ -3.892523666022235, 40.750587180808949 ], [ -3.892503937486882, 40.750636502147337 ], [ -3.892491607152286, 40.750708018087991 ], [ -3.89247927681769, 40.75076966976097 ], [ -3.892464480416175, 40.750818991099358 ], [ -3.892432421546225, 40.750863380303905 ], [ -3.892390498408599, 40.750920099843043 ], [ -3.892351041337892, 40.750954624779915 ], [ -3.892314050334104, 40.750991615783704 ], [ -3.892252398661124, 40.751050801389759 ], [ -3.89220554338966, 40.751097656661223 ], [ -3.892166086318952, 40.75112231733042 ], [ -3.892094570378296, 40.751188901137247 ], [ -3.892092104311377, 40.751213561806438 ], [ -3.892124163181327, 40.751270281345583 ], [ -3.892146357783599, 40.751294942014773 ], [ -3.89217348451971, 40.751344263353154 ], [ -3.892183348787387, 40.751403448959216 ], [ -3.892212941590418, 40.751467566699112 ], [ -3.892279525397236, 40.751536616572849 ], [ -3.892281991464155, 40.751598268245829 ], [ -3.892281991464155, 40.751637725316534 ], [ -3.892262262928802, 40.751669784186483 ], [ -3.892242534393448, 40.751704309123355 ], [ -3.892230204058852, 40.751758562595576 ], [ -3.892225271925014, 40.751812816067797 ], [ -3.892217873724257, 40.751869535606936 ], [ -3.892203077322741, 40.751923789079157 ], [ -3.89217595058663, 40.751992838952894 ], [ -3.892148823850519, 40.752052024558957 ], [ -3.892124163181327, 40.752116142298867 ], [ -3.892111832846731, 40.752177793971846 ], [ -3.892092104311378, 40.75222464924331 ], [ -3.892072375776024, 40.752254242046341 ], [ -3.892042782972994, 40.75229123305013 ], [ -3.892018122303802, 40.752333156187753 ], [ -3.891986063433853, 40.752436730998362 ], [ -3.891968800965418, 40.75246878986831 ], [ -3.891926877827792, 40.752500848738258 ], [ -3.891887420757085, 40.752530441541289 ], [ -3.891857827954055, 40.752569898612002 ], [ -3.891830701217943, 40.752614287816542 ], [ -3.891791244147236, 40.752671007355687 ], [ -3.891751787076529, 40.75271293049331 ], [ -3.891724660340418, 40.75277951430013 ], [ -3.891702465738145, 40.752831301705434 ], [ -3.891670406868196, 40.752895419445331 ], [ -3.891645746199004, 40.752974333586749 ], [ -3.891581628459105, 40.753060645928919 ], [ -3.891542171388398, 40.753087772665033 ], [ -3.891507646451529, 40.75311489940114 ], [ -3.891480519715418, 40.753159288605687 ], [ -3.891369546704054, 40.753354107892307 ], [ -3.891342419967943, 40.753425623832968 ], [ -3.89132022536567, 40.753516868308978 ], [ -3.891302962897236, 40.75362044311958 ], [ -3.891295564696478, 40.753696891194075 ], [ -3.891278302228044, 40.75375361073322 ], [ -3.891251175491933, 40.753812796339275 ], [ -3.891221582688903, 40.753886778346853 ], [ -3.891194455952792, 40.753948430019832 ], [ -3.891182125618196, 40.754019945960493 ], [ -3.891187057752034, 40.754069267298874 ], [ -3.8911697952836, 40.754103792235746 ], [ -3.891142668547488, 40.754128452904936 ], [ -3.891125406079054, 40.754148181440293 ], [ -3.891120473945216, 40.7541753081764 ], [ -3.891145134614407, 40.754343000726905 ], [ -3.891135270346731, 40.754402186332968 ], [ -3.891115541811377, 40.754500829009736 ], [ -3.891085949008347, 40.754592073485746 ], [ -3.891041559803802, 40.75468085189484 ], [ -3.891011967000771, 40.754737571433978 ], [ -3.890945383193953, 40.754843612311504 ], [ -3.890856604784862, 40.754986644192819 ], [ -3.890780156710367, 40.755112413605694 ], [ -3.890656853364408, 40.755265309754677 ], [ -3.89061986236062, 40.755324495360739 ], [ -3.890592735624509, 40.755363952431445 ], [ -3.89055821068764, 40.755405875569075 ], [ -3.89052861788461, 40.755447798706697 ], [ -3.890503957215418, 40.755479857576645 ], [ -3.890481762613145, 40.755502052178919 ], [ -3.890442305542438, 40.755524246781192 ], [ -3.890410246672489, 40.75553164498195 ], [ -3.89037572173562, 40.75557356811958 ], [ -3.890358459267186, 40.755603160922611 ], [ -3.89034366286567, 40.755632753725635 ], [ -3.890328866464155, 40.755694405398621 ], [ -3.890336264664913, 40.755756057071601 ], [ -3.890351061066428, 40.75581770874458 ], [ -3.890360925334105, 40.75586703008296 ], [ -3.890370789601782, 40.755936079956697 ], [ -3.890370789601782, 40.756010061964275 ], [ -3.890358459267186, 40.756071713637255 ], [ -3.89034366286567, 40.756125967109476 ], [ -3.890328866464155, 40.75617282238094 ], [ -3.890306671861883, 40.756229541920085 ], [ -3.89028447725961, 40.756273931124625 ], [ -3.890249952322741, 40.756338048864542 ], [ -3.890230223787387, 40.756367641667573 ], [ -3.89016117391365, 40.756384904136006 ], [ -3.890114318642185, 40.756392302336764 ], [ -3.890079793705316, 40.756412030872113 ], [ -3.890062531236882, 40.756439157608227 ], [ -3.890035404500771, 40.756473682545092 ], [ -3.890013209898498, 40.756495877147366 ], [ -3.89000827776466, 40.75652300388348 ], [ -3.890015675965417, 40.756552596686511 ], [ -3.889991015296225, 40.756592053757217 ], [ -3.889958956426276, 40.756609316225649 ], [ -3.889860313749508, 40.756653705430196 ], [ -3.889818390611882, 40.756666035764795 ], [ -3.889820856678801, 40.756705492835501 ], [ -3.889828254879559, 40.75672522137085 ], [ -3.889860313749508, 40.756759746307722 ], [ -3.889862779816427, 40.756821397980701 ], [ -3.889840585214155, 40.756853456850649 ], [ -3.889791263875771, 40.756917574590553 ], [ -3.889724680068953, 40.756954565594341 ], [ -3.889687689065165, 40.757008819066563 ], [ -3.889670426596731, 40.757035945802677 ], [ -3.889626037392185, 40.757063072538791 ], [ -3.889564385719205, 40.757072936806466 ], [ -3.889532326849256, 40.757072936806466 ], [ -3.889470675176276, 40.757050742204193 ], [ -3.889436150239407, 40.75703347973576 ], [ -3.8893966931687, 40.757021149401162 ], [ -3.889357236097993, 40.757040877936518 ], [ -3.889312846893448, 40.757063072538791 ], [ -3.889298050491933, 40.757092665341816 ], [ -3.889293118358094, 40.757122258144847 ], [ -3.889278321956579, 40.757164181282477 ], [ -3.889238864885872, 40.757220900821615 ], [ -3.889199407815165, 40.757265290026162 ], [ -3.889211738149761, 40.757302281029951 ], [ -3.889248729153548, 40.757378729104445 ], [ -3.889246263086629, 40.757420652242068 ], [ -3.889204339949003, 40.757469973580456 ], [ -3.889167348945215, 40.757531625253435 ], [ -3.889147620409862, 40.757556285922625 ], [ -3.889127891874508, 40.757615471528688 ], [ -3.889108163339155, 40.757664792867068 ], [ -3.889068706268448, 40.757696851737023 ], [ -3.889019384930064, 40.757726444540054 ], [ -3.888950335056327, 40.757756037343079 ], [ -3.888864022714155, 40.757793028346867 ], [ -3.888836895978044, 40.757812756882224 ], [ -3.888819633509609, 40.757854680019847 ], [ -3.888767846104306, 40.757945924495857 ], [ -3.888765380037387, 40.757963186964297 ], [ -3.888765380037387, 40.757997711901162 ], [ -3.888765380037387, 40.758017440436518 ], [ -3.888772778238144, 40.758056897507224 ], [ -3.888767846104306, 40.758113617046362 ], [ -3.888718524765922, 40.758160472317826 ], [ -3.888688931962892, 40.758180200853182 ], [ -3.888654407026023, 40.758202395455456 ], [ -3.888629746356831, 40.758234454325404 ], [ -3.888503976943953, 40.75834789340368 ], [ -3.888469452007085, 40.758407079009743 ], [ -3.888457121672489, 40.75847612888348 ], [ -3.888442325270974, 40.758564907292573 ], [ -3.888447257404812, 40.758611762564037 ], [ -3.888432461003297, 40.758661083902417 ], [ -3.888425062802539, 40.758668482103175 ], [ -3.888383139664913, 40.75867834637085 ], [ -3.888358478995721, 40.758680812437774 ], [ -3.88830175945658, 40.758698074906206 ], [ -3.888257370252034, 40.758727667709238 ], [ -3.888208048913651, 40.758774522980701 ], [ -3.888175990043701, 40.75881151398449 ], [ -3.888134066906075, 40.758855903189037 ], [ -3.888109406236883, 40.75887809779131 ], [ -3.888052686697741, 40.758937283397373 ], [ -3.888013229627034, 40.75900633327111 ], [ -3.887986102890923, 40.759043324274892 ], [ -3.887941713686378, 40.759092645613279 ], [ -3.887909654816428, 40.759127170550144 ], [ -3.887857867411125, 40.759206084691556 ], [ -3.88787266381264, 40.759240609628428 ], [ -3.887889926281074, 40.759270202431459 ], [ -3.887877595946478, 40.75931952376984 ], [ -3.887884994147236, 40.759341718372113 ], [ -3.887917053017186, 40.759381175442819 ], [ -3.887926917284863, 40.759400903978175 ], [ -3.887936781552539, 40.759428030714282 ], [ -3.887956510087893, 40.759482284186504 ], [ -3.887958976154812, 40.759534071591808 ], [ -3.887956510087893, 40.759556266194082 ], [ -3.887971306489408, 40.75961298573322 ], [ -3.8879959671586, 40.759694365941556 ], [ -3.888008297493196, 40.759753551547618 ], [ -3.888018161760872, 40.75981273715368 ], [ -3.887998433225519, 40.759879320960493 ], [ -3.887951577954054, 40.759958235101912 ], [ -3.887887460214155, 40.760044547444082 ], [ -3.887880062013398, 40.760113597317819 ], [ -3.887857867411125, 40.760172782923881 ], [ -3.887840604942691, 40.76020977392767 ], [ -3.887801147871984, 40.760251697065293 ], [ -3.887776487202792, 40.760293620202923 ], [ -3.887741962265923, 40.760350339742061 ], [ -3.887712369462893, 40.760397195013525 ], [ -3.887677844526024, 40.760434186017314 ], [ -3.887640853522236, 40.760468710954186 ], [ -3.887611260719206, 40.760503235891051 ], [ -3.887581667916176, 40.760537760827923 ], [ -3.887552075113145, 40.760557489363272 ], [ -3.887515084109357, 40.760579683965545 ], [ -3.887468228837893, 40.760609276768577 ], [ -3.887431237834105, 40.760633937437767 ], [ -3.887379450428802, 40.760665996307722 ], [ -3.887332595157337, 40.760685724843071 ], [ -3.887290672019711, 40.760693123043829 ], [ -3.887261079216681, 40.760700521244587 ], [ -3.887236418547489, 40.760735046181459 ], [ -3.887219156079055, 40.760769571118324 ], [ -3.887194495409863, 40.760794231787514 ], [ -3.887145174071478, 40.760828756724386 ], [ -3.887103250933853, 40.760855883460501 ], [ -3.887076124197741, 40.760873145928933 ], [ -3.887041599260872, 40.760885476263525 ], [ -3.886982413654812, 40.760892874464282 ], [ -3.88683691570658, 40.760905204798874 ], [ -3.886792526502034, 40.760922467267307 ], [ -3.886753069431327, 40.760932331534988 ], [ -3.886708680226782, 40.760929865468064 ], [ -3.886674155289913, 40.760927399401147 ], [ -3.886656892821478, 40.760924933334231 ], [ -3.886642096419963, 40.760927399401147 ], [ -3.886590309014661, 40.760934797601905 ], [ -3.886540987676276, 40.760954526137262 ], [ -3.88649906453865, 40.760979186806452 ], [ -3.886449743200266, 40.760998915341808 ], [ -3.886412752196478, 40.7610112456764 ], [ -3.886351100523499, 40.76103590634559 ], [ -3.886314109519711, 40.761048236680189 ], [ -3.8862869827836, 40.761087693750895 ], [ -3.88625492391365, 40.761124684754684 ], [ -3.886210534709105, 40.761156743624632 ], [ -3.886166145504559, 40.761176472159988 ], [ -3.886099561697741, 40.761203598896095 ], [ -3.886018181489408, 40.761210997096853 ], [ -3.885966394084105, 40.761218395297611 ], [ -3.885902276344206, 40.761225793498369 ], [ -3.885845556805064, 40.761235657766051 ], [ -3.885801167600519, 40.761240589899884 ], [ -3.885658135719206, 40.761252920234483 ], [ -3.885611280447741, 40.761240589899892 ], [ -3.885564425176276, 40.761240589899892 ], [ -3.885473180700266, 40.761284979104438 ], [ -3.885443587897236, 40.761307173706705 ], [ -3.88543125756264, 40.761329368308978 ], [ -3.88543125756264, 40.761361427178933 ], [ -3.885423859361882, 40.761403350316556 ], [ -3.885394266558852, 40.761452671654943 ], [ -3.885362207688903, 40.761492128725649 ], [ -3.885325216685115, 40.761538983997113 ], [ -3.885288225681327, 40.761580907134736 ], [ -3.885246302543701, 40.761625296339282 ], [ -3.885204379406074, 40.761664753409988 ], [ -3.885182184803802, 40.761704210480701 ], [ -3.885162456268448, 40.761748599685241 ], [ -3.88512793133158, 40.76178559068903 ], [ -3.885098338528549, 40.76182751382666 ], [ -3.8850662796586, 40.761879301231957 ], [ -3.8850662796586, 40.761899029767321 ], [ -3.885039152922489, 40.761931088637269 ], [ -3.88500462798562, 40.761953283239542 ], [ -3.884950374513398, 40.761977943908732 ], [ -3.884920781710368, 40.762000138511006 ], [ -3.884908451375772, 40.762019867046355 ], [ -3.884930645978045, 40.762074120518577 ], [ -3.884947908446479, 40.762079052652417 ], [ -3.884977501249509, 40.762091382987016 ], [ -3.885007094052539, 40.76211357758929 ], [ -3.885024356520974, 40.762143170392321 ], [ -3.885031754721731, 40.76216289892767 ], [ -3.885024356520974, 40.762219618466816 ], [ -3.884999695851782, 40.762244279136006 ], [ -3.884950374513398, 40.762241813069082 ], [ -3.884893654974257, 40.762259075537521 ], [ -3.884881324639661, 40.762268939805196 ], [ -3.884878858572741, 40.762303464742068 ], [ -3.884896121041176, 40.762325659344334 ], [ -3.884930645978045, 40.76235771821429 ], [ -3.884950374513398, 40.762389777084238 ], [ -3.884947908446479, 40.762426768088027 ], [ -3.884930645978045, 40.762439098422618 ], [ -3.884888722840418, 40.762463759091816 ], [ -3.88485173183663, 40.762488419761006 ], [ -3.884834469368196, 40.762522944697871 ], [ -3.884832003301277, 40.762550071433985 ], [ -3.884859130037388, 40.762604324906206 ], [ -3.884878858572741, 40.762636383776155 ], [ -3.884888722840418, 40.762683239047618 ], [ -3.884893654974257, 40.762732560386006 ], [ -3.88491338350961, 40.76278434779131 ], [ -3.884908451375772, 40.762838601263532 ], [ -3.884891188907337, 40.762900252936511 ], [ -3.884881324639661, 40.762939710007217 ], [ -3.88485173183663, 40.762986565278688 ], [ -3.88485173183663, 40.763008759880961 ], [ -3.884856663970468, 40.763035886617075 ], [ -3.884844333635872, 40.763050683018584 ], [ -3.884809808699003, 40.76307041155394 ], [ -3.884765419494458, 40.763090140089297 ], [ -3.884711166022236, 40.763119732892328 ], [ -3.884674175018448, 40.763139461427677 ], [ -3.884634717947741, 40.763164122096867 ], [ -3.884595260877034, 40.763183850632224 ], [ -3.884570600207842, 40.763193714899899 ], [ -3.884521278869458, 40.763210977368331 ], [ -3.884462093263398, 40.763238104104445 ], [ -3.884402907657337, 40.763262764773636 ], [ -3.884323993515923, 40.763284959375909 ], [ -3.884269740043701, 40.763299755777425 ], [ -3.884156300965419, 40.763371271718086 ], [ -3.884134106363147, 40.763403330588034 ], [ -3.88412424209547, 40.763457584060255 ], [ -3.884141504563904, 40.763484710796369 ], [ -3.884168631300015, 40.763529100000916 ], [ -3.884151368831581, 40.763585819540054 ], [ -3.884148902764662, 40.763605548075411 ], [ -3.884166165233096, 40.763635140878442 ], [ -3.884168631300015, 40.763681996149906 ], [ -3.884158767032338, 40.763726385354452 ], [ -3.884121776028551, 40.763773240625916 ], [ -3.884082318957844, 40.763817629830463 ], [ -3.884045327954056, 40.763842290499653 ], [ -3.883998472682591, 40.763879281503442 ], [ -3.883941753143449, 40.763903942172632 ], [ -3.883852974734359, 40.76393600104258 ], [ -3.883734603522238, 40.763992720581726 ], [ -3.883672951849258, 40.76402231338475 ], [ -3.883621164443955, 40.764054372254705 ] ] ] } },
{ "type": "Feature", "properties": { "fid": 6, "id": null, "longitud": null }, "geometry": { "type": "MultiLineString", "coordinates": [ [ [ -3.883090343539588, 40.742763737636814 ], [ -3.882984919178807, 40.742783312043308 ], [ -3.882864081899767, 40.742790710244066 ], [ -3.882767905289918, 40.742803040578664 ], [ -3.882654466211636, 40.742810438779422 ], [ -3.882536094999514, 40.742807972712498 ], [ -3.882452248724262, 40.742798108444823 ], [ -3.882250031236889, 40.742768515641799 ], [ -3.882166184961636, 40.742773447775633 ], [ -3.882106999355575, 40.742768515641799 ], [ -3.882025619147242, 40.742790710244073 ], [ -3.881899849734363, 40.742803040578664 ], [ -3.88181600345911, 40.74279317631099 ], [ -3.881737089317697, 40.74281783698018 ], [ -3.881643378774767, 40.742844963716294 ], [ -3.881473220157343, 40.742941140326138 ], [ -3.881315391874514, 40.743005258066042 ], [ -3.881214283130828, 40.743020054467557 ], [ -3.881132902922495, 40.743069375805938 ], [ -3.881078649450272, 40.743118697144325 ], [ -3.881036726312646, 40.743175416683464 ], [ -3.880999735308858, 40.743229670155685 ], [ -3.880940549702797, 40.74328145756099 ], [ -3.880689010877039, 40.743360371702416 ], [ -3.880575571798757, 40.743399828773121 ], [ -3.880521318326534, 40.743414625174637 ], [ -3.880476929121989, 40.743424489442312 ], [ -3.880402947114413, 40.743444217977668 ], [ -3.880353625776029, 40.743459014379177 ], [ -3.880299372303807, 40.743483675048374 ], [ -3.8802599152331, 40.743532996386755 ], [ -3.880220458162393, 40.743567521323627 ], [ -3.880181001091686, 40.743597114126658 ], [ -3.880111951217948, 40.743602046260492 ], [ -3.880023172808857, 40.743616842662007 ], [ -3.87992453013209, 40.743636571197364 ], [ -3.879830819589161, 40.743656299732713 ], [ -3.87974204118007, 40.743676028268069 ], [ -3.879668059172494, 40.743695756803419 ], [ -3.879584212897242, 40.743710553204934 ], [ -3.879490502354312, 40.743715485338775 ], [ -3.879421452480575, 40.74370068893726 ], [ -3.879372131142191, 40.743695756803419 ], [ -3.879322809803807, 40.743720417472616 ], [ -3.879288284866938, 40.743735213874132 ], [ -3.879224167127039, 40.743754942409481 ], [ -3.879199506457848, 40.743754942409481 ], [ -3.879125524450272, 40.743735213874132 ], [ -3.879076203111888, 40.743730281740291 ], [ -3.878992356836635, 40.743720417472616 ], [ -3.878957831899767, 40.743720417472616 ], [ -3.878938103364413, 40.743685892535744 ], [ -3.878918374829059, 40.743676028268069 ], [ -3.878883849892191, 40.743676028268069 ], [ -3.878869053490676, 40.743685892535744 ], [ -3.878829596419969, 40.743685892535744 ], [ -3.878809867884615, 40.743676028268069 ], [ -3.878790139349261, 40.743661231866554 ], [ -3.878740818010878, 40.743656299732713 ], [ -3.87851887198815, 40.743688358602661 ], [ -3.878430093579059, 40.743715485338775 ], [ -3.87839556864219, 40.743727815673374 ], [ -3.87833391696921, 40.743727815673374 ], [ -3.878294459898504, 40.74372534960645 ], [ -3.878250070693958, 40.743708087138018 ], [ -3.878230342158604, 40.743708087138018 ], [ -3.878193351154816, 40.743745078141806 ], [ -3.878173622619463, 40.74376727274408 ], [ -3.878134165548756, 40.743772204877914 ], [ -3.878074979942695, 40.743772204877914 ], [ -3.878018260403554, 40.74376727274408 ], [ -3.877966472998251, 40.743759874543322 ], [ -3.877941812329059, 40.743759874543322 ], [ -3.87790728739219, 40.743774670944838 ], [ -3.87787769458916, 40.743782069145595 ], [ -3.877850567853049, 40.743787001279429 ], [ -3.877825907183857, 40.743779603078671 ], [ -3.877771653711635, 40.743779603078671 ], [ -3.877744526975524, 40.743782069145595 ], [ -3.877645884298756, 40.743787001279429 ], [ -3.877599029027291, 40.743794399480187 ], [ -3.877579300491938, 40.743784535212512 ], [ -3.87754230948815, 40.743769738810997 ], [ -3.877522580952796, 40.743769738810997 ], [ -3.877460929279816, 40.743779603078671 ], [ -3.877433802543706, 40.743789467346353 ], [ -3.877394345472998, 40.743801797680945 ], [ -3.877325295599261, 40.743809195881703 ], [ -3.877295702796231, 40.74381659408246 ], [ -3.87723651719017, 40.743836322617817 ], [ -3.877187195851786, 40.743856051153166 ], [ -3.877128010245726, 40.743895508223879 ], [ -3.877078688907342, 40.743910304625395 ], [ -3.877036765769716, 40.743925101026903 ], [ -3.876841946483099, 40.743962092030699 ], [ -3.876775362676281, 40.743989218766806 ], [ -3.876733439538655, 40.743999083034481 ], [ -3.876684118200271, 40.743999083034481 ], [ -3.876654525397241, 40.743984286632966 ], [ -3.876627398661129, 40.743964558097616 ], [ -3.876602737991937, 40.743937431361502 ], [ -3.876583009456584, 40.743895508223879 ], [ -3.876568213055069, 40.743870847554689 ], [ -3.876526289917443, 40.743868381487765 ], [ -3.876506561382089, 40.743900440357713 ], [ -3.87647203644522, 40.743939897428426 ], [ -3.876437511508352, 40.74396949023145 ], [ -3.876395588370726, 40.743989218766806 ], [ -3.876363529500776, 40.744006481235239 ], [ -3.876309276028554, 40.744031141904436 ], [ -3.876262420757089, 40.744045938305952 ], [ -3.876220497619463, 40.744048404372869 ], [ -3.876151447745726, 40.744050870439786 ], [ -3.876124321009614, 40.744050870439786 ], [ -3.876082397871988, 40.744041006172111 ], [ -3.876035542600524, 40.744021277636755 ], [ -3.87598375519522, 40.743996616967564 ], [ -3.875964026659867, 40.743976888432208 ], [ -3.875929501722998, 40.743957159896858 ], [ -3.875894976786129, 40.743934965294585 ], [ -3.875848121514665, 40.743917702826153 ], [ -3.875806198377039, 40.743927567093827 ], [ -3.875766741306331, 40.743947295629184 ], [ -3.875724818168705, 40.743964558097616 ], [ -3.875690293231837, 40.74396949023145 ], [ -3.875621243358099, 40.743959625963775 ], [ -3.875574388086635, 40.743959625963775 ], [ -3.875500406079059, 40.743976888432208 ], [ -3.875357374197746, 40.743999083034474 ], [ -3.875293256457847, 40.744041006172104 ], [ -3.875214342316433, 40.744070598975128 ], [ -3.875165020978049, 40.744077997175886 ], [ -3.87510090323815, 40.744068132908211 ], [ -3.8750688443682, 40.744068132908211 ], [ -3.87500719269522, 40.744070598975128 ], [ -3.874984998092948, 40.744077997175886 ], [ -3.874920880353049, 40.744100191778159 ], [ -3.874864160813907, 40.744102657845083 ], [ -3.8748247037432, 40.744102657845083 ], [ -3.874792644873251, 40.744102657845083 ], [ -3.87476305207022, 40.744102657845083 ], [ -3.874723594999514, 40.744139648848872 ], [ -3.874713730731837, 40.744149513116547 ], [ -3.874691536129564, 40.744169241651896 ], [ -3.874661943326533, 40.744184038053412 ], [ -3.874617554121988, 40.74419636838801 ], [ -3.874573164917443, 40.744208698722609 ], [ -3.87455097031517, 40.744223495124125 ], [ -3.874523843579059, 40.744230893324875 ], [ -3.874462191906079, 40.744248155793315 ], [ -3.87439807416618, 40.744250621860232 ], [ -3.874309295757089, 40.744280214663263 ], [ -3.874267372619463, 40.744280214663263 ], [ -3.874232847682594, 40.744290078930938 ], [ -3.874190924544969, 40.744258020061004 ], [ -3.874146535340423, 40.744233359391806 ], [ -3.874099680068959, 40.744193902321101 ], [ -3.874062689065171, 40.744159377384236 ], [ -3.874030630195221, 40.744124852447364 ], [ -3.873966512455322, 40.744097725711256 ], [ -3.873931987518453, 40.744080463242817 ], [ -3.873877734046231, 40.744063200774384 ], [ -3.873867869778555, 40.744060734707467 ], [ -3.873714973629565, 40.744001549101405 ], [ -3.873628661287393, 40.743979354499132 ], [ -3.873557145346736, 40.743971956298374 ], [ -3.873520154342948, 40.743976888432215 ], [ -3.873456036603049, 40.744004015168322 ], [ -3.87339438493007, 40.744023743703679 ], [ -3.873315470788655, 40.74403607403827 ], [ -3.873243954847999, 40.744045938305952 ], [ -3.873160108572746, 40.744045938305952 ], [ -3.873132981836635, 40.744045938305952 ], [ -3.873076262297494, 40.74403607403827 ], [ -3.872972687486888, 40.744031141904436 ], [ -3.872948026817696, 40.744031141904436 ], [ -3.872827189538655, 40.743954693829927 ], [ -3.872772936066433, 40.743957159896851 ], [ -3.87272114866113, 40.743939897428412 ], [ -3.872681691590423, 40.743907838558464 ], [ -3.872649632720474, 40.743873313621599 ], [ -3.872627438118201, 40.743838788684727 ], [ -3.872585514980575, 40.743814128015536 ], [ -3.872560854311383, 40.743801797680938 ], [ -3.872516465106837, 40.743801797680938 ], [ -3.872432618831585, 40.743804263747862 ], [ -3.872368501091686, 40.743787001279422 ], [ -3.872311781552544, 40.743767272744073 ], [ -3.872213138875777, 40.743754942409474 ], [ -3.87217368180507, 40.743732747807201 ], [ -3.87214408900204, 40.743715485338768 ], [ -3.872094767663655, 40.743693290736495 ], [ -3.872038048124514, 40.743680960401903 ], [ -3.871998591053807, 40.743673562201145 ], [ -3.871904880510878, 40.743648901531948 ], [ -3.871845694904817, 40.743629172996599 ], [ -3.871821034235625, 40.743604512327408 ], [ -3.871786509298757, 40.743560123122862 ], [ -3.871766780763403, 40.743537928520588 ], [ -3.871673070220474, 40.743478742914526 ], [ -3.871658273818959, 40.743476276847609 ], [ -3.871618816748251, 40.74348120898145 ], [ -3.871576893610625, 40.743476276847609 ], [ -3.87153250440608, 40.743449150111495 ], [ -3.871517708004565, 40.74343928584382 ], [ -3.87150044553613, 40.74341462517463 ], [ -3.871488115201534, 40.743385032371599 ], [ -3.871453590264665, 40.743355439568568 ], [ -3.871404268926282, 40.743338177100135 ], [ -3.871280965580322, 40.743296253962512 ], [ -3.871251372777292, 40.743286389694838 ], [ -3.871216847840423, 40.743271593293322 ], [ -3.871172458635878, 40.743264195092564 ], [ -3.871123137297494, 40.743256796891806 ], [ -3.871091078427544, 40.74326172902564 ], [ -3.871041757089161, 40.743276525427156 ], [ -3.870997367884615, 40.743276525427156 ], [ -3.870943114412393, 40.743266661159481 ], [ -3.870915987676282, 40.743271593293322 ], [ -3.870837073534867, 40.743296253962512 ], [ -3.870790218263403, 40.743306118230187 ], [ -3.870758159393453, 40.743306118230187 ], [ -3.870728566590423, 40.743276525427156 ], [ -3.870686643452796, 40.743251864757966 ], [ -3.87058553470911, 40.743217339821094 ], [ -3.870543611571483, 40.743197611285744 ], [ -3.87052388303613, 40.743182814884229 ], [ -3.870481959898504, 40.743160620281955 ], [ -3.870442502827796, 40.743148289947356 ], [ -3.870383317221736, 40.743128561412007 ], [ -3.870351258351787, 40.743096502542052 ], [ -3.870297004879564, 40.743064443672104 ], [ -3.87021809073815, 40.743039783002914 ], [ -3.870171235466686, 40.743024986601398 ], [ -3.870121914128302, 40.743005258066042 ], [ -3.870089855258352, 40.742987995597609 ], [ -3.870013407183857, 40.742995393798367 ], [ -3.869959153711635, 40.743007724132966 ], [ -3.86994435731012, 40.74301758840064 ], [ -3.869877773503302, 40.743042249069831 ], [ -3.86985064676719, 40.743071841872862 ], [ -3.869830918231837, 40.743098968608976 ], [ -3.86979146116113, 40.743106366809734 ], [ -3.869752004090423, 40.743106366809734 ], [ -3.869734741621988, 40.743123629278166 ], [ -3.869719945220473, 40.743133493545841 ], [ -3.869653361413655, 40.743140891746599 ], [ -3.869626234677544, 40.743108832876644 ], [ -3.869611438276029, 40.743096502542052 ], [ -3.869562116937646, 40.743086638274377 ], [ -3.869527592000777, 40.743098968608969 ], [ -3.869507863465423, 40.74310390074281 ], [ -3.86948566886315, 40.743108832876644 ], [ -3.869411686855575, 40.743106366809727 ], [ -3.869367297651029, 40.743096502542052 ], [ -3.869325374513403, 40.743086638274377 ], [ -3.869184808699009, 40.743057045471346 ], [ -3.869140419494463, 40.743020054467557 ], [ -3.86909109815608, 40.743000325932201 ], [ -3.869036844683857, 40.742985529530685 ], [ -3.868980125144716, 40.74297073312917 ], [ -3.86893820200709, 40.74297566526301 ], [ -3.868896278869463, 40.742973199196094 ], [ -3.868839559330322, 40.742946072459979 ], [ -3.868770509456585, 40.74290908145619 ], [ -3.868726120252039, 40.742896751121599 ], [ -3.868689129248251, 40.742889352920841 ], [ -3.868666934645979, 40.742889352920841 ], [ -3.868607749039918, 40.742874556519325 ], [ -3.868592952638403, 40.742867158318568 ], [ -3.868578156236888, 40.742854827983969 ], [ -3.868499242095474, 40.742827701247862 ], [ -3.868491843894716, 40.742825235180938 ], [ -3.868474581426282, 40.74279317631099 ], [ -3.868459785024767, 40.742766049574882 ], [ -3.868383336950272, 40.742741388905692 ], [ -3.868334015611888, 40.742726592504177 ], [ -3.868294558541181, 40.742721660370336 ], [ -3.868257567537393, 40.742711796102661 ], [ -3.868223042600524, 40.742704397901903 ], [ -3.868190983730575, 40.742696999701145 ], [ -3.868134264191434, 40.74268220329963 ], [ -3.868117001722999, 40.74268220329963 ], [ -3.868102205321484, 40.742687135433471 ], [ -3.868043019715423, 40.742667406898114 ], [ -3.868001096577797, 40.742640280162007 ], [ -3.867964105574009, 40.742610687358976 ], [ -3.867912318168706, 40.742583560622862 ], [ -3.867875327164918, 40.742576162422104 ], [ -3.867791480889666, 40.742556433886755 ], [ -3.867739693484363, 40.742549035685997 ], [ -3.867678041811383, 40.742544103552156 ], [ -3.867648449008353, 40.742541637485239 ], [ -3.867599127669969, 40.742553967819831 ], [ -3.867552272398504, 40.742578628489028 ], [ -3.867458561855575, 40.742618085559734 ], [ -3.86741170658411, 40.742632881961249 ], [ -3.867379647714161, 40.742667406898114 ], [ -3.867300733572747, 40.742687135433471 ], [ -3.867251412234363, 40.742714262169578 ], [ -3.867192226628302, 40.742736456771851 ], [ -3.867135507089161, 40.742751253173367 ], [ -3.867086185750777, 40.742761117441049 ], [ -3.867007271609362, 40.742812904846353 ], [ -3.866975212739413, 40.742827701247869 ], [ -3.866940687802544, 40.742827701247869 ], [ -3.86692095926719, 40.742825235180945 ], [ -3.866901230731837, 40.742827701247869 ], [ -3.866837112991938, 40.7428572940509 ], [ -3.866837112991938, 40.742877022586249 ], [ -3.866819850523504, 40.742891818987765 ], [ -3.866790257720473, 40.742889352920848 ], [ -3.866745868515928, 40.742867158318575 ], [ -3.866706411445221, 40.742854827983976 ], [ -3.866671886508352, 40.742852361917059 ], [ -3.866600370567696, 40.742847429783218 ], [ -3.866560913496988, 40.742852361917059 ], [ -3.866501727890928, 40.742844963716301 ], [ -3.866449940485625, 40.742830167314786 ], [ -3.866375958478049, 40.742817836980187 ], [ -3.866351297808857, 40.742832633381703 ], [ -3.866297044336635, 40.742862226184734 ], [ -3.866264985466686, 40.742874556519332 ], [ -3.866240324797494, 40.742879488653166 ], [ -3.866223062329059, 40.742889352920848 ], [ -3.866200867726787, 40.742904149322364 ], [ -3.866181139191433, 40.74290661538928 ], [ -3.866146614254564, 40.742926343924637 ], [ -3.866134283919969, 40.742938674259229 ], [ -3.866117021451534, 40.742953470660744 ], [ -3.866077564380827, 40.742975665263018 ], [ -3.866055369778554, 40.742978131329934 ], [ -3.866001116306332, 40.742978131329934 ], [ -3.865966591369463, 40.742978131329934 ], [ -3.865934532499514, 40.742978131329934 ], [ -3.865909871830322, 40.742987995597616 ], [ -3.865890143294969, 40.742995393798374 ], [ -3.865867948692696, 40.742997859865291 ], [ -3.865840821956585, 40.742997859865291 ], [ -3.865811229153554, 40.742985529530692 ], [ -3.865786568484362, 40.742978131329934 ], [ -3.865749577480575, 40.742978131329934 ], [ -3.865663265138403, 40.742995393798374 ], [ -3.865609011666181, 40.743005258066049 ], [ -3.865554758193958, 40.743020054467564 ], [ -3.865530097524767, 40.743042249069838 ], [ -3.865505436855575, 40.743054579404429 ], [ -3.865428988781079, 40.74305951153827 ], [ -3.86542652271416, 40.74305951153827 ], [ -3.865382133509615, 40.743054579404429 ], [ -3.865325413970473, 40.743057045471353 ], [ -3.865295821167443, 40.743086638274384 ], [ -3.865219373092948, 40.743133493545848 ], [ -3.865202110624514, 40.743172950616554 ], [ -3.865179916022241, 40.743224738021858 ], [ -3.865170051754564, 40.743286389694838 ], [ -3.865174983888402, 40.743355439568575 ], [ -3.865179916022241, 40.743404760906962 ], [ -3.86518238208916, 40.743449150111502 ], [ -3.865187314222998, 40.74350340358373 ], [ -3.865189780289918, 40.743537928520595 ], [ -3.865189780289918, 40.743582317725142 ], [ -3.865189780289918, 40.743631639063523 ], [ -3.865177449955322, 40.743668630067312 ], [ -3.86515032321921, 40.74370068893726 ], [ -3.865123196483099, 40.743722883539533 ], [ -3.865086205479312, 40.743750010275647 ], [ -3.86502948594017, 40.743787001279429 ], [ -3.865017155605574, 40.743814128015543 ], [ -3.865014689538655, 40.743838788684734 ], [ -3.864975232467948, 40.743900440357713 ], [ -3.864965368200271, 40.743907838558471 ], [ -3.865012223471736, 40.743947295629177 ], [ -3.865039350207847, 40.743967024164533 ], [ -3.865081273345473, 40.743991684833723 ], [ -3.865086205479312, 40.744041006172104 ], [ -3.8651231964831, 40.744043472239028 ], [ -3.865155255353049, 40.74403607403827 ], [ -3.865170051754564, 40.744065666841301 ], [ -3.865179916022241, 40.744085395376651 ], [ -3.86518238208916, 40.744105123912007 ], [ -3.865179916022241, 40.74414704704963 ], [ -3.865179916022241, 40.744186504120343 ], [ -3.86518238208916, 40.744221029057208 ], [ -3.865189780289918, 40.744240757592564 ], [ -3.865199644557594, 40.744258020060997 ], [ -3.86521444095911, 40.744282680730187 ], [ -3.865226771293706, 40.744309807466301 ], [ -3.865221839159867, 40.744359128804682 ], [ -3.865219373092948, 40.744381323406955 ], [ -3.865241567695221, 40.744401051942312 ], [ -3.865268694431332, 40.744420780477661 ], [ -3.865288422966685, 40.744442975079934 ], [ -3.865322947903554, 40.744479966083723 ], [ -3.865332812171231, 40.744494762485239 ], [ -3.865347608572746, 40.744521889221346 ], [ -3.865357472840423, 40.744541617756703 ], [ -3.865357472840423, 40.744573676626651 ], [ -3.865374735308857, 40.744600803362765 ], [ -3.865391997777291, 40.744618065831197 ], [ -3.865409260245726, 40.744640260433471 ], [ -3.865438853048756, 40.744672319303419 ], [ -3.865451183383352, 40.744696979972609 ], [ -3.865458581584109, 40.744733970976398 ], [ -3.865480776186382, 40.744753699511755 ], [ -3.865502970788655, 40.744770961980187 ], [ -3.865515301123251, 40.744775894114021 ], [ -3.865606545599261, 40.744766029846346 ], [ -3.865626274134614, 40.744756165578671 ], [ -3.865648468736887, 40.744751233444831 ], [ -3.865692857941433, 40.744773428047104 ], [ -3.865712586476786, 40.744783292314779 ], [ -3.865747111413655, 40.744805486917052 ], [ -3.865813695220473, 40.744849876121599 ], [ -3.865848220157341, 40.744869604656955 ], [ -3.865863016558857, 40.744901663526903 ], [ -3.865858084425018, 40.744931256329934 ], [ -3.865907405763402, 40.744950984865284 ], [ -3.865934532499513, 40.744960849132966 ], [ -3.865983853837897, 40.744992908002914 ], [ -3.866028243042443, 40.745039763274377 ], [ -3.866060301912392, 40.745089084612758 ], [ -3.866087428648503, 40.745128541683471 ], [ -3.866109623250776, 40.745170464821094 ], [ -3.866119487518453, 40.74519019335645 ], [ -3.866114555384614, 40.745237048627914 ], [ -3.866102225050018, 40.745288836033218 ], [ -3.866099758983099, 40.745323360970083 ], [ -3.866099758983099, 40.745348021639273 ], [ -3.866121953585372, 40.745365284107713 ], [ -3.866144148187645, 40.745385012643062 ], [ -3.866163876722998, 40.745412139379177 ], [ -3.866168808856837, 40.745446664316042 ], [ -3.866183605258352, 40.745483655319831 ], [ -3.86615894458916, 40.745574899795841 ], [ -3.866141682120726, 40.745604492598872 ], [ -3.866136749986887, 40.745634085401903 ], [ -3.866134283919968, 40.745676008539526 ], [ -3.866129351786129, 40.745712999543315 ], [ -3.866139216053806, 40.745757388747862 ], [ -3.866156478522241, 40.74578944761781 ], [ -3.866166342789918, 40.745851099290789 ], [ -3.866149080321483, 40.745893022428419 ], [ -3.866117021451533, 40.74592261523145 ], [ -3.866080030447746, 40.745942343766799 ], [ -3.866045505510877, 40.745959606235239 ], [ -3.865988785971736, 40.745986732971346 ], [ -3.865961659235625, 40.746003995439779 ], [ -3.865917270031079, 40.746031122175893 ], [ -3.865870414759614, 40.746053316778166 ], [ -3.865830957688908, 40.74607551138044 ], [ -3.865769306015927, 40.746107570250388 ], [ -3.86570272220911, 40.746142095187253 ], [ -3.865658333004564, 40.746171687990284 ], [ -3.865623808067695, 40.746196348659481 ], [ -3.865574486729312, 40.746221009328671 ], [ -3.865542427859362, 40.746250602131703 ], [ -3.865502970788655, 40.746280194934734 ], [ -3.86548817438714, 40.746292525269325 ], [ -3.865431454847998, 40.746290059202408 ], [ -3.865379667442695, 40.74627772886781 ], [ -3.865347608572746, 40.746280194934734 ], [ -3.865293355100524, 40.746290059202408 ], [ -3.86524403376214, 40.746307321670841 ], [ -3.865209508825271, 40.74631965200544 ], [ -3.865194712423756, 40.746339380540789 ], [ -3.865184848156079, 40.746359109076145 ], [ -3.865160187486887, 40.746383769745336 ], [ -3.865133060750776, 40.746401032213768 ], [ -3.865108400081584, 40.746415828615284 ], [ -3.865062777843579, 40.746429391983355 ], [ -3.865052913575902, 40.746449120518704 ], [ -3.865033185040549, 40.746468849054061 ], [ -3.865008524371357, 40.746486111522493 ], [ -3.864983863702165, 40.746503373990926 ], [ -3.864941940564539, 40.746523102526282 ], [ -3.86490741562767, 40.746535432860874 ], [ -3.864870424623882, 40.74655516139623 ], [ -3.864830967553175, 40.746587220266179 ], [ -3.864793976549387, 40.746614347002293 ], [ -3.864756985545599, 40.746639007671483 ], [ -3.864747121277922, 40.746663668340673 ], [ -3.86472246060873, 40.746703125411379 ], [ -3.864702732073377, 40.746717921812895 ], [ -3.864687935671862, 40.746725320013653 ], [ -3.864646012534235, 40.746745048549009 ], [ -3.864606555463528, 40.746777107418957 ], [ -3.864581894794337, 40.746811632355829 ], [ -3.864542437723629, 40.746888080430324 ], [ -3.864515310987518, 40.746925071434113 ], [ -3.864485718184488, 40.746959596370978 ], [ -3.86448078605065, 40.746974392772493 ], [ -3.864475853916811, 40.747023714110874 ], [ -3.86447831998373, 40.747058239047746 ], [ -3.864493116385245, 40.747087831850777 ], [ -3.864517777054437, 40.747114958586884 ], [ -3.864535039522872, 40.747139619256082 ], [ -3.864554768058226, 40.747164279925272 ], [ -3.864567098392822, 40.74719633879522 ], [ -3.864584360861256, 40.74728758327123 ], [ -3.864589292995094, 40.747317176074262 ], [ -3.864599157262771, 40.747359099211884 ], [ -3.86460408939661, 40.747386225947999 ], [ -3.864613953664287, 40.747445411554061 ], [ -3.864618885798125, 40.747479936490926 ], [ -3.864623817931963, 40.747519393561632 ], [ -3.864621351865044, 40.747546520297746 ], [ -3.864599157262771, 40.747583511301535 ], [ -3.864579428727418, 40.747595841636134 ], [ -3.864539971656711, 40.747605705903808 ], [ -3.864490650318327, 40.74763529870684 ], [ -3.864478319983731, 40.747650095108355 ], [ -3.864463523582216, 40.747664891509871 ], [ -3.864441328979943, 40.747679687911379 ], [ -3.864401871909236, 40.747696950379819 ], [ -3.864392007641559, 40.747701882513653 ], [ -3.864364880905448, 40.747729009249767 ], [ -3.86435994877161, 40.747748737785123 ], [ -3.864362414838529, 40.747778330588147 ], [ -3.864372279106206, 40.747810389458103 ], [ -3.864382143373883, 40.747849846528808 ], [ -3.864382143373883, 40.747872041131082 ], [ -3.864372279106206, 40.747899167867189 ], [ -3.86435994877161, 40.747918896402545 ], [ -3.86435994877161, 40.747921362469462 ], [ -3.864325423834741, 40.747938624937895 ], [ -3.864305695299387, 40.747948489205577 ], [ -3.864288432830953, 40.747963285607092 ], [ -3.864263772161761, 40.747980548075525 ], [ -3.864234179358731, 40.747997810543957 ], [ -3.864209518689539, 40.748005208744715 ], [ -3.864179925886508, 40.74801507301239 ], [ -3.86411334207969, 40.748032335480829 ], [ -3.864086215343579, 40.748047131882345 ], [ -3.864073885008983, 40.74806192828386 ], [ -3.864017165469842, 40.748140842425272 ], [ -3.864017165469842, 40.748140842425272 ], [ -3.864041826139034, 40.748145774559113 ], [ -3.864076351075902, 40.748150706692947 ], [ -3.864101011745094, 40.748155638826788 ], [ -3.86411334207969, 40.748167969161386 ], [ -3.864110876012771, 40.748200028031334 ], [ -3.864071418942064, 40.748234552968199 ], [ -3.864041826139034, 40.748249349369715 ], [ -3.864012233336004, 40.748301136775019 ], [ -3.864004835135246, 40.74832579744421 ], [ -3.863987572666812, 40.74836772058184 ], [ -3.863970310198377, 40.748414575853303 ], [ -3.863970310198377, 40.748454032924009 ], [ -3.863965378064539, 40.748495956061639 ], [ -3.863972776265296, 40.748520616730829 ], [ -3.863997436934488, 40.748535413132345 ], [ -3.864017165469842, 40.748545277400019 ], [ -3.864041826139034, 40.748547743466936 ], [ -3.864088681410498, 40.748547743466936 ], [ -3.864130604548125, 40.748547743466936 ], [ -3.864150333083478, 40.748565005935376 ], [ -3.864150333083478, 40.748594598738407 ], [ -3.864130604548125, 40.748626657608355 ], [ -3.86411580814661, 40.748668580745978 ], [ -3.864091147477418, 40.748722834218199 ], [ -3.864061554674387, 40.748767223422746 ], [ -3.864036894005195, 40.748791884091936 ], [ -3.863987572666812, 40.74885600183184 ], [ -3.863982640532973, 40.748902857103303 ], [ -3.863982640532973, 40.74892258563866 ], [ -3.863994970867569, 40.748949712374774 ], [ -3.864014699402923, 40.748999033713154 ], [ -3.864027029737519, 40.749048355051542 ], [ -3.864034427938276, 40.749110006724521 ], [ -3.864031961871357, 40.749159328062902 ], [ -3.864034427938276, 40.749183988732092 ], [ -3.864068952875145, 40.749213581535123 ], [ -3.864103477812014, 40.749260436806587 ], [ -3.864133070615044, 40.749307292078051 ], [ -3.864157731284236, 40.749346749148764 ], [ -3.864177459819589, 40.749364011617196 ], [ -3.864189790154185, 40.749373875884871 ], [ -3.864155265217317, 40.749446624858976 ], [ -3.864136769715423, 40.749491014063523 ], [ -3.864112109046231, 40.749530471134229 ], [ -3.864047991306332, 40.749594588874125 ], [ -3.864002369068327, 40.749624181677156 ], [ -3.863903726391559, 40.749683367283218 ], [ -3.863723703506458, 40.749830098264916 ], [ -3.863669450034236, 40.749874487469462 ], [ -3.863634925097367, 40.749917643640551 ], [ -3.863585603758983, 40.749968198012397 ], [ -3.863543680621357, 40.750006422049644 ], [ -3.863521486019085, 40.75002861665191 ], [ -3.86350422355065, 40.750053277321108 ], [ -3.863467232546862, 40.750086569224514 ], [ -3.863448737044968, 40.750102598659488 ], [ -3.863427775476155, 40.750129725395603 ], [ -3.863404347840423, 40.750158085165168 ], [ -3.863388318405448, 40.750174114600149 ], [ -3.863358725602418, 40.750195076168957 ], [ -3.863306938197114, 40.750233300206212 ], [ -3.86328844269522, 40.750255494808485 ], [ -3.863262548992569, 40.750287553678433 ], [ -3.863246519557594, 40.750309748280706 ], [ -3.863231723156079, 40.750324544682222 ], [ -3.863214460687645, 40.750343040184113 ], [ -3.863189800018453, 40.750371399953686 ], [ -3.863176236650397, 40.750384963321743 ], [ -3.863170071483099, 40.750403458823634 ], [ -3.863179935750776, 40.750421954325532 ], [ -3.863181168784235, 40.75044291589434 ], [ -3.86316637238272, 40.750458945329314 ], [ -3.86313801261315, 40.75047867386467 ], [ -3.863130614412392, 40.750487305098886 ], [ -3.863142944746988, 40.750502101500402 ], [ -3.863170071483099, 40.750521830035758 ], [ -3.86316883844964, 40.750583481708738 ], [ -3.863155275081584, 40.750604443277545 ], [ -3.863140478680069, 40.750615540578686 ], [ -3.863113351943958, 40.750638968214417 ], [ -3.863101021609362, 40.75065623068285 ], [ -3.863071428806332, 40.750683357418964 ], [ -3.863039369936382, 40.75071171718853 ], [ -3.86301717533411, 40.750737610891186 ], [ -3.86301717533411, 40.750762271560376 ], [ -3.863057865438276, 40.750795563463782 ], [ -3.863086225207847, 40.750828855367196 ], [ -3.863087458241306, 40.750863380304061 ], [ -3.86307636094017, 40.750881875805959 ], [ -3.863064030605574, 40.750899138274391 ], [ -3.863051700270978, 40.750921332876665 ], [ -3.863070195772872, 40.75095585781353 ], [ -3.863030738702165, 40.750991615783867 ], [ -3.863011010166812, 40.751011344319217 ], [ -3.862981417363781, 40.751036004988414 ], [ -3.86295429062767, 40.751058199590688 ], [ -3.862941960293074, 40.751060665657604 ], [ -3.862929629958478, 40.751063131724521 ], [ -3.862902503222367, 40.751077928126037 ], [ -3.862882774687014, 40.751090258460636 ], [ -3.862850715817064, 40.751112453062909 ], [ -3.862813724813276, 40.75114204586594 ], [ -3.862781665943327, 40.751164240468206 ], [ -3.862759471341054, 40.751179036869722 ], [ -3.862606575192064, 40.751329466951795 ], [ -3.862589312723629, 40.751354127620985 ], [ -3.86255725385368, 40.75138618649094 ], [ -3.86252766105065, 40.751403448959373 ], [ -3.862488203979943, 40.751415779293964 ], [ -3.862458611176912, 40.751423177494722 ], [ -3.862443814775397, 40.751428109628563 ], [ -3.862426552306963, 40.751457702431594 ], [ -3.862414221972367, 40.751482363100784 ], [ -3.862382163102417, 40.751516888037656 ], [ -3.862340239964791, 40.751546480840688 ], [ -3.86231311322868, 40.751561277242203 ], [ -3.86228105435873, 40.751568675442961 ], [ -3.862231733020347, 40.751578539710636 ], [ -3.86222186875267, 40.751583471844469 ], [ -3.862192275949639, 40.751603200379826 ], [ -3.862172547414286, 40.751615530714425 ], [ -3.862150352812013, 40.751632793182857 ], [ -3.862103497540549, 40.751662385985888 ], [ -3.862059108336003, 40.751679648454321 ], [ -3.862004854863781, 40.751694444855836 ], [ -3.861921008588528, 40.751709241257352 ], [ -3.861884017584741, 40.751724037658867 ], [ -3.861849492647872, 40.751743766194217 ], [ -3.861819899844841, 40.751758562595732 ], [ -3.861814967711003, 40.751775825064172 ], [ -3.861834696246357, 40.751793087532604 ], [ -3.861856890848629, 40.75180788393412 ], [ -3.861876619383983, 40.751825146402552 ], [ -3.861884017584741, 40.751844874937909 ], [ -3.861921008588528, 40.751857205272501 ], [ -3.861943203190801, 40.751872001674016 ], [ -3.861962931726155, 40.751896662343214 ], [ -3.861985126328427, 40.751931187280078 ], [ -3.862004854863781, 40.751948449748511 ], [ -3.86203691373373, 40.751965712216951 ], [ -3.862076370804437, 40.751968178283867 ], [ -3.86209856540671, 40.751965712216951 ], [ -3.862135556410498, 40.751963246150027 ], [ -3.86216021707969, 40.751963246150027 ], [ -3.862194742016559, 40.751975576484625 ], [ -3.862214470551912, 40.751980508618466 ], [ -3.862226800886508, 40.751982974685383 ], [ -3.8622514615557, 40.751980508618466 ], [ -3.862271190091054, 40.751975576484625 ], [ -3.862285986492569, 40.751973110417708 ], [ -3.862320511429437, 40.751973110417708 ], [ -3.862359968500145, 40.751980508618466 ], [ -3.862369832767822, 40.751982974685383 ], [ -3.862401891637771, 40.751980508618466 ], [ -3.862424086240043, 40.751975576484625 ], [ -3.862453679043074, 40.751970644350784 ], [ -3.862475873645347, 40.751968178283867 ], [ -3.86249806824762, 40.751963246150027 ], [ -3.862500534314539, 40.751963246150027 ], [ -3.862515330716054, 40.751968178283867 ], [ -3.862522728916811, 40.751980508618466 ], [ -3.862544923519084, 40.751990372886141 ] ] ] } },
{ "type": "Feature", "properties": { "fid": 7, "id": null, "longitud": null }, "geometry": { "type": "MultiLineString", "coordinates": [ [ [ -3.882180981363152, 40.744288845897529 ], [ -3.882097135087899, 40.744269117362172 ], [ -3.882033017348, 40.74425185489374 ], [ -3.881991094210374, 40.744232126358384 ], [ -3.88194177287199, 40.744200067488435 ], [ -3.88188012119901, 40.744172940752321 ], [ -3.881833265927546, 40.744131017614698 ], [ -3.881764216053808, 40.744096492677826 ], [ -3.881722292916182, 40.744081696276311 ], [ -3.881687767979313, 40.744057035607121 ], [ -3.881685301912394, 40.74403237493793 ], [ -3.881690234046232, 40.744010180335657 ], [ -3.881712428648505, 40.743985519666467 ], [ -3.881734623250778, 40.743953460796519 ], [ -3.881739555384616, 40.743933732261162 ], [ -3.881744487518454, 40.743914003725813 ], [ -3.881749419652293, 40.743877012722024 ], [ -3.881749419652293, 40.74385481811975 ], [ -3.881737089317697, 40.74380796284828 ], [ -3.881754351786132, 40.743783302179089 ], [ -3.881764216053808, 40.74376603971065 ], [ -3.881767915154187, 40.743733980840702 ], [ -3.881756817853051, 40.74371055320497 ], [ -3.881737089317697, 40.743683426468856 ], [ -3.881727225050021, 40.743673562201181 ], [ -3.881707496514667, 40.743672329167723 ], [ -3.881687767979313, 40.743688358602697 ], [ -3.881672971577798, 40.743690824669613 ], [ -3.881660641243202, 40.74367972736848 ], [ -3.881653243042445, 40.743658765799665 ], [ -3.881644611808227, 40.743642736364691 ], [ -3.881633514507091, 40.7436304060301 ], [ -3.881618718105576, 40.743639037264316 ], [ -3.881611319904819, 40.743637804230858 ], [ -3.881581727101788, 40.743625473896259 ], [ -3.881559532499515, 40.743615609628584 ], [ -3.88154596913146, 40.743602046260527 ], [ -3.881527473629566, 40.743586016825553 ], [ -3.881506512060753, 40.743566288290197 ], [ -3.881492948692697, 40.743547792788306 ], [ -3.881473220157344, 40.743525598186032 ], [ -3.881474453190803, 40.743507102684134 ], [ -3.881483084425021, 40.743456548312295 ], [ -3.881481851391561, 40.743431887643105 ], [ -3.881483084425021, 40.743401061806615 ], [ -3.881463355889667, 40.7433862654051 ], [ -3.881444860387773, 40.743369002936667 ], [ -3.881426364885879, 40.743351740468235 ], [ -3.881405403317066, 40.743334477999795 ], [ -3.881399238149768, 40.743318448564821 ], [ -3.881395539049389, 40.743313516430987 ], [ -3.881405403317066, 40.743276525427198 ], [ -3.881431297019717, 40.743249398691084 ], [ -3.881443627354313, 40.743214873754219 ], [ -3.881437462187015, 40.743188980051563 ], [ -3.881418966685121, 40.743168018482756 ], [ -3.88139183994901, 40.743160620281998 ], [ -3.881359781079061, 40.743156921181615 ], [ -3.881347450744465, 40.743160620281998 ], [ -3.881320324008354, 40.743171717583131 ], [ -3.881287032104945, 40.743170484549672 ], [ -3.88127100266997, 40.743159387248539 ], [ -3.881259905368834, 40.743137192646266 ], [ -3.881242642900399, 40.743113765010534 ], [ -3.881226613465425, 40.743101434675935 ], [ -3.881132902922495, 40.743069375805938 ] ] ] } },
{ "type": "Feature", "properties": { "fid": 8, "id": null, "longitud": null }, "geometry": { "type": "MultiLineString", "coordinates": [ [ [ -3.886237044928476, 40.74357753972015 ], [ -3.886264171664604, 40.743561356156384 ], [ -3.886285133233418, 40.743547792788334 ], [ -3.886294997501095, 40.743536695487194 ], [ -3.886317192103367, 40.74353176335336 ], [ -3.886336920638721, 40.743532996386818 ], [ -3.886356649174074, 40.743544093687952 ], [ -3.88636897950867, 40.743557657056009 ], [ -3.886393640177862, 40.743590948959415 ], [ -3.886407203545918, 40.743598347160173 ], [ -3.886446660616625, 40.743602046260555 ], [ -3.8864626900516, 40.743599580193631 ], [ -3.88649228285463, 40.743592181992881 ], [ -3.886514477456902, 40.743588482892498 ], [ -3.886546536326852, 40.743582317725199 ], [ -3.886579828230261, 40.743577385591365 ], [ -3.886615586200589, 40.743572453457524 ], [ -3.886650111137458, 40.74358724985904 ], [ -3.886668606639352, 40.743588482892498 ], [ -3.886684636074327, 40.74358724985904 ], [ -3.886716694944276, 40.743602046260555 ], [ -3.886738889546549, 40.743606978394389 ], [ -3.886758618081902, 40.743606978394389 ], [ -3.886779579650716, 40.743614376595147 ], [ -3.886819036721423, 40.743643969398185 ], [ -3.886859726825589, 40.743656299732777 ], [ -3.886900416929756, 40.743676028268133 ], [ -3.886934941866625, 40.743687125569267 ], [ -3.886975631970791, 40.743701921970782 ], [ -3.887012622974579, 40.74370932017154 ] ] ] } },
{ "type": "Feature", "properties": { "fid": 9, "id": null, "longitud": null }, "geometry": { "type": "MultiLineString", "coordinates": [ [ [ -3.892688892505821, 40.750140822696586 ], [ -3.892619226115365, 40.750140822696821 ], [ -3.892569904776982, 40.750134657529529 ], [ -3.892564972643143, 40.750128492362229 ], [ -3.892546477141249, 40.750109996860331 ], [ -3.892535379840113, 40.750102598659574 ], [ -3.892500854903244, 40.750105064726498 ], [ -3.892455232665239, 40.750112462927255 ], [ -3.892415775594532, 40.750112462927255 ], [ -3.892368920323067, 40.750101365626115 ], [ -3.892338094486577, 40.750090268324982 ], [ -3.892310967750467, 40.750096433492281 ], [ -3.892287540114734, 40.750112462927255 ], [ -3.892253015177865, 40.750117395061089 ], [ -3.892220956307916, 40.750126026295305 ], [ -3.89217780013683, 40.750144521797203 ], [ -3.892153139467638, 40.750151919997961 ], [ -3.892106284196173, 40.75015315303142 ], [ -3.892045865556653, 40.750166716399477 ], [ -3.892004558935758, 40.750147604380849 ], [ -3.891992228601162, 40.75014143921355 ], [ -3.891956470630833, 40.750136507079716 ], [ -3.891931809961642, 40.750140206180092 ], [ -3.891909615359369, 40.750153769548149 ], [ -3.891878789522879, 40.750159934715448 ], [ -3.891856594920606, 40.750171032016581 ], [ -3.891836866385253, 40.750185828418097 ], [ -3.891822069983738, 40.750199391786154 ], [ -3.89181467178298, 40.75020802302037 ], [ -3.89178384594649, 40.750212955154211 ], [ -3.891764117411137, 40.750212955154211 ], [ -3.891724660340429, 40.75020802302037 ], [ -3.891685203269723, 40.750204323919995 ], [ -3.891660542600531, 40.750201857853071 ], [ -3.891633415864419, 40.750195692685772 ], [ -3.891603823061389, 40.750189527518479 ], [ -3.891575463291818, 40.750187061451555 ], [ -3.891524908919975, 40.750184595384638 ], [ -3.891502714317702, 40.750187061451555 ], [ -3.891469422414293, 40.750201857853071 ], [ -3.891411469841692, 40.750212955154211 ], [ -3.891379410971743, 40.750215421221128 ], [ -3.891344886034874, 40.750215421221128 ], [ -3.891314060198384, 40.750210489087287 ], [ -3.891275836161137, 40.750205556953453 ], [ -3.891226514822753, 40.750201857853071 ], [ -3.891194455952803, 40.750191993585396 ], [ -3.891152532815177, 40.750193226618855 ], [ -3.891137736413662, 40.750205556953453 ], [ -3.891122940012147, 40.750210489087287 ], [ -3.891108143610631, 40.750211722120753 ], [ -3.891092114175657, 40.750230217622644 ], [ -3.89108101687452, 40.750243780990701 ], [ -3.891058822272248, 40.750264742559509 ], [ -3.891035394636515, 40.75029186929563 ], [ -3.890977442063914, 40.750294335362547 ], [ -3.890949082294343, 40.750286937161789 ], [ -3.89092935375899, 40.750284471094872 ], [ -3.89089606185558, 40.750282005027955 ], [ -3.890886197587903, 40.750269674693357 ], [ -3.890882498487525, 40.750258577392223 ], [ -3.890877566353686, 40.750240081890325 ], [ -3.890856604784873, 40.750235149756485 ], [ -3.890823312881464, 40.750245014024166 ], [ -3.890794953111893, 40.750251179191466 ], [ -3.890767826375782, 40.750246247057625 ], [ -3.890746864806969, 40.750240081890325 ], [ -3.890724670204697, 40.750228984589192 ], [ -3.890702475602424, 40.750220353354976 ], [ -3.890672882799393, 40.750215421221135 ], [ -3.89065192123058, 40.750206789986919 ], [ -3.890630959661767, 40.750206789986919 ], [ -3.890600133825277, 40.750210489087294 ], [ -3.890575473156086, 40.750226518522268 ], [ -3.89056190978803, 40.750233916723026 ], [ -3.890538482152297, 40.750240081890325 ], [ -3.890532316984999, 40.750247480091083 ], [ -3.890527384851161, 40.750256111325299 ], [ -3.890508889349267, 40.75026720862644 ], [ -3.890496559014671, 40.750272140760273 ], [ -3.890487927780454, 40.750274606827197 ], [ -3.890476830479318, 40.750288170195248 ], [ -3.89047066531202, 40.750299267496388 ], [ -3.890458334977424, 40.750310364797521 ], [ -3.890434907341692, 40.750323928165578 ], [ -3.890428742174393, 40.750325161199036 ], [ -3.890411479705959, 40.750328860299419 ], [ -3.890400382404823, 40.750328860299419 ], [ -3.890380653869469, 40.750328860299419 ], [ -3.890374488702171, 40.750323928165578 ], [ -3.890364624434495, 40.750318996031737 ], [ -3.89034982803298, 40.750323928165578 ], [ -3.890333798598005, 40.750328860299419 ], [ -3.89031776916303, 40.750323928165585 ], [ -3.890290642426919, 40.75032269513212 ], [ -3.890274612991944, 40.750315296931362 ], [ -3.890263515690808, 40.750311597830986 ], [ -3.890247486255833, 40.750321462098661 ], [ -3.890237621988156, 40.75032762726596 ], [ -3.890203097051288, 40.750336258500177 ], [ -3.890185834582853, 40.750336258500177 ], [ -3.890175970315176, 40.750351054901692 ], [ -3.890168572114419, 40.750362152202833 ], [ -3.89016363998058, 40.750370783437049 ], [ -3.890148843579065, 40.750381880738182 ], [ -3.890126648976793, 40.750395444106239 ], [ -3.890099522240682, 40.750404075340455 ], [ -3.890058832136515, 40.75041393960813 ], [ -3.890030472366944, 40.750418871741971 ], [ -3.889998413496995, 40.75042503690927 ], [ -3.889978684961641, 40.750429969043104 ], [ -3.889960189459747, 40.750434901176945 ], [ -3.889933062723636, 40.750448464545002 ], [ -3.889908402054444, 40.750457095779218 ], [ -3.889893605652929, 40.750465727013435 ], [ -3.889877576217954, 40.750484222515333 ], [ -3.889867711950278, 40.750497785883383 ], [ -3.889851682515303, 40.750508883184523 ], [ -3.889818390611893, 40.750513815318357 ], [ -3.889813458478055, 40.750510116217981 ], [ -3.889780166574646, 40.750512582284898 ], [ -3.889777700507727, 40.750512582284898 ], [ -3.889761671072752, 40.750524912619497 ], [ -3.889760438039293, 40.750519980485663 ], [ -3.889729612202803, 40.750515048351822 ], [ -3.889686456031717, 40.750503951050689 ], [ -3.889664261429444, 40.750502718017223 ], [ -3.889630969526035, 40.750503951050689 ], [ -3.889612474024141, 40.750508883184523 ], [ -3.889587813354949, 40.750516281385281 ], [ -3.889563152685757, 40.750529844753338 ], [ -3.889533559882727, 40.75055327238907 ], [ -3.889510132246995, 40.750565602723668 ], [ -3.88949286977856, 40.75057793305826 ], [ -3.889479306410505, 40.750595195526699 ], [ -3.889455878774772, 40.750623555296265 ], [ -3.889429985072121, 40.750640817764705 ], [ -3.889397926202172, 40.750643283831621 ], [ -3.889367100365682, 40.750643283831621 ], [ -3.889335041495732, 40.750638351697781 ], [ -3.889306681726161, 40.750634652597405 ], [ -3.889267224655454, 40.750635885630864 ], [ -3.889226534551288, 40.750637118664322 ], [ -3.889190776580959, 40.75064451686508 ], [ -3.889153785577172, 40.750658080233137 ], [ -3.889113095473005, 40.750677808768486 ], [ -3.889069939301919, 40.750704935504601 ], [ -3.889050210766565, 40.750727130106874 ], [ -3.889014452796237, 40.750754256842981 ], [ -3.888989792127045, 40.750773985378338 ], [ -3.888982393926288, 40.750785082679471 ], [ -3.888966364491313, 40.750803578181369 ], [ -3.888950335056338, 40.750814675482502 ], [ -3.888940470788661, 40.750827005817101 ], [ -3.888923208320227, 40.750840569185158 ], [ -3.888898547651035, 40.750852899519749 ], [ -3.888888683383358, 40.750852899519749 ], [ -3.888870187881464, 40.750852899519749 ], [ -3.888846760245732, 40.750861530753966 ], [ -3.888829497777297, 40.750872628055106 ], [ -3.888812235308863, 40.750875094122023 ], [ -3.888778943405454, 40.750882492322781 ], [ -3.888757981836641, 40.750887424456621 ], [ -3.88872962206707, 40.75088865749008 ], [ -3.888708660498257, 40.750886191423156 ], [ -3.888691398029823, 40.750883725356239 ], [ -3.888674135561388, 40.750883725356239 ], [ -3.888659339159873, 40.750893589623914 ], [ -3.888648241858737, 40.750903453891596 ], [ -3.888634678490682, 40.75091948332657 ], [ -3.888616182988788, 40.75093797882846 ], [ -3.888595221419974, 40.750952775229976 ], [ -3.888580425018459, 40.750962639497658 ], [ -3.888566861650403, 40.750965105564575 ], [ -3.88854836614851, 40.750960173430734 ], [ -3.888543434014671, 40.750956474330359 ], [ -3.888533569746995, 40.750947843096142 ], [ -3.888521239412399, 40.75093797882846 ], [ -3.888505209977424, 40.750941677928843 ], [ -3.888490413575909, 40.750951542196518 ], [ -3.888478083241313, 40.7509552412969 ], [ -3.888464519873257, 40.750956474330359 ], [ -3.888442325270984, 40.750950309163059 ], [ -3.888405334267196, 40.750939211861926 ], [ -3.888385605731843, 40.750935512761544 ], [ -3.888358478995732, 40.750915784226194 ], [ -3.888343682594217, 40.750898521757762 ], [ -3.888326420125782, 40.750867695921272 ], [ -3.888314089791186, 40.750852899519757 ], [ -3.888283263954696, 40.750838103118241 ], [ -3.888248739017828, 40.750840569185158 ], [ -3.888224078348636, 40.750849200419374 ], [ -3.888203116779823, 40.750855365586673 ], [ -3.88817968914409, 40.75086399682089 ], [ -3.888156261508358, 40.750871395021647 ], [ -3.888122969604949, 40.750865229854348 ], [ -3.888099541969217, 40.750865229854348 ], [ -3.888055152764671, 40.75087509412203 ], [ -3.888030492095479, 40.750882492322788 ], [ -3.887983636824015, 40.750894822657379 ], [ -3.887961442221742, 40.750900987824679 ], [ -3.887940480652929, 40.750904686925054 ], [ -3.887910887849898, 40.750917017259653 ], [ -3.887881295046868, 40.750918250293111 ], [ -3.887867731678813, 40.750912085125812 ], [ -3.887867731678813, 40.750894822657379 ], [ -3.887862799544974, 40.750880026255864 ], [ -3.887852935277297, 40.750871395021647 ], [ -3.88784430404308, 40.750859064687049 ], [ -3.887836905842323, 40.750838103118241 ], [ -3.88781471124005, 40.750819607616343 ], [ -3.887801147871994, 40.750803578181369 ], [ -3.887788817537398, 40.750782616612554 ], [ -3.887778953269722, 40.750760422010288 ], [ -3.887767855968585, 40.750750557742606 ], [ -3.887727165864419, 40.750744392575307 ], [ -3.887703738228687, 40.750748091675689 ], [ -3.88769510699447, 40.750749324709147 ], [ -3.887626057120733, 40.750756722909905 ], [ -3.887600163418081, 40.750760422010281 ], [ -3.887585367016566, 40.750753023809523 ], [ -3.887568104548131, 40.750743159541848 ], [ -3.887547142979318, 40.750728363140333 ], [ -3.887526181410505, 40.750723431006492 ], [ -3.88748179220596, 40.750717265839199 ], [ -3.887454665469849, 40.750708634604983 ], [ -3.887430004800657, 40.750697537303843 ], [ -3.887415208399141, 40.750697537303843 ], [ -3.887385615596111, 40.750712333705359 ], [ -3.88735848886, 40.750725897073416 ], [ -3.887330129090429, 40.750743159541848 ], [ -3.887315332688914, 40.750755489876447 ], [ -3.887309167521616, 40.750764121110663 ], [ -3.887286972919344, 40.75078384964602 ], [ -3.887264778317071, 40.750782616612561 ], [ -3.887240117647879, 40.750773985378345 ], [ -3.887216690012147, 40.750760422010288 ], [ -3.887211757878308, 40.750757955943371 ], [ -3.887162436539925, 40.750756722909912 ], [ -3.887152572272248, 40.750756722909912 ], [ -3.88711558126846, 40.75075302380953 ], [ -3.887093386666187, 40.750749324709155 ], [ -3.887062560829697, 40.750749324709155 ], [ -3.887030501959748, 40.750754256842988 ], [ -3.887009540390935, 40.750759188976829 ], [ -3.886982413654823, 40.750770286277962 ], [ -3.886963918152929, 40.750776451445262 ], [ -3.886942956584117, 40.75078878177986 ], [ -3.886915829848006, 40.750801112114452 ], [ -3.886891169178813, 40.750803578181376 ], [ -3.886868974576541, 40.750804811214834 ], [ -3.886851712108106, 40.750814675482509 ], [ -3.886822119305076, 40.750820840649808 ], [ -3.886783895267829, 40.750822073683267 ], [ -3.886738273029823, 40.750814675482509 ], [ -3.886700048992576, 40.750813442449051 ], [ -3.886559483178182, 40.750801112114452 ], [ -3.886420150397248, 40.750792480880236 ], [ -3.886295614017829, 40.750803578181369 ], [ -3.886216699876415, 40.750819607616343 ], [ -3.886161213370733, 40.750820840649801 ], [ -3.886085998329698, 40.75080851031521 ], [ -3.886024346656718, 40.750807277281751 ], [ -3.885967627117576, 40.750818374582884 ], [ -3.885898577243839, 40.750834404017859 ], [ -3.885857887139672, 40.750847967385916 ], [ -3.885770341764041, 40.750875094122023 ], [ -3.885692660656086, 40.750897288724296 ], [ -3.885627309882727, 40.750893589623914 ], [ -3.885598950113156, 40.750889890523538 ], [ -3.885577988544343, 40.75088865749008 ], [ -3.885563192142828, 40.75088865749008 ], [ -3.885543463607475, 40.75088865749008 ], [ -3.885521269005202, 40.750891123556997 ], [ -3.885504006536768, 40.750883725356239 ], [ -3.885492909235631, 40.750870161988182 ], [ -3.885483044967954, 40.750862763787424 ], [ -3.885469481599899, 40.750854132553208 ], [ -3.885450986098005, 40.750852899519749 ], [ -3.885444820930707, 40.750856598620132 ], [ -3.885423859361894, 40.75085783165359 ], [ -3.885402897793081, 40.750860297720507 ], [ -3.885390567458485, 40.750860297720507 ], [ -3.885380703190808, 40.750862763787424 ], [ -3.885373304990051, 40.750867695921265 ], [ -3.885362207688914, 40.750868928954723 ], [ -3.88534494522048, 40.750870161988182 ], [ -3.885331381852424, 40.750865229854348 ], [ -3.885317818484369, 40.750859064687049 ], [ -3.885307954216692, 40.750859064687049 ], [ -3.885288225681339, 40.750868928954723 ], [ -3.885272196246364, 40.750873861088564 ], [ -3.885242603443333, 40.750876327155481 ], [ -3.885227807041818, 40.750871395021647 ], [ -3.885214243673763, 40.750867695921265 ], [ -3.885188349971111, 40.750865229854348 ], [ -3.885152592000783, 40.750867695921258 ], [ -3.885127931331591, 40.750868928954716 ], [ -3.885120533130834, 40.750873861088557 ], [ -3.885104503695859, 40.750877560188933 ], [ -3.885078609993208, 40.750863996820883 ], [ -3.885065046625152, 40.750859064687042 ], [ -3.885050250223637, 40.750856598620125 ], [ -3.885034220788662, 40.750865229854341 ], [ -3.885014492253308, 40.75087139502164 ], [ -3.884991064617576, 40.750868928954716 ], [ -3.88497873428298, 40.750863996820883 ], [ -3.884962704848006, 40.750866462887799 ], [ -3.884951607546869, 40.750868928954716 ], [ -3.884931879011515, 40.750877560188933 ], [ -3.884891188907349, 40.750875094122037 ], [ -3.884866528238156, 40.750847967385923 ], [ -3.884841867568965, 40.750818374582892 ], [ -3.884822139033611, 40.750801112114459 ], [ -3.884799944431339, 40.750793713913701 ], [ -3.88476541949447, 40.75078878177986 ], [ -3.88473336062452, 40.7508060442483 ], [ -3.88470376782149, 40.750813442449058 ], [ -3.884644582215429, 40.750801112114459 ], [ -3.884627319746995, 40.750798646047542 ], [ -3.884585396609369, 40.750823306716732 ], [ -3.884570600207854, 40.750838103118248 ], [ -3.8845508716725, 40.75085043345284 ], [ -3.884513880668712, 40.750862763787438 ], [ -3.884476889664924, 40.750875094122037 ] ] ] } },
{ "type": "Feature", "properties": { "fid": 10, "id": null, "longitud": null }, "geometry": { "type": "MultiLineString", "coordinates": [ [ [ -3.884931879011515, 40.750877560188933 ], [ -3.884918315643459, 40.750904686925061 ], [ -3.884918315643459, 40.750919483326577 ], [ -3.884918315643459, 40.750929347594251 ], [ -3.884913383509621, 40.750949076129608 ], [ -3.884889955873888, 40.751003329601822 ], [ -3.884905985308863, 40.751019359036803 ], [ -3.884924480810757, 40.751025524204096 ], [ -3.88494790844649, 40.751029223304478 ], [ -3.88497873428298, 40.751036621505236 ], [ -3.884994763717954, 40.75104155363907 ], [ -3.885025589554444, 40.751050184873293 ], [ -3.885045318089797, 40.751056350040585 ], [ -3.885055182357474, 40.751067447341725 ], [ -3.885065046625151, 40.751076078575942 ], [ -3.885077376959747, 40.751089641943999 ], [ -3.885072444825909, 40.751122933847405 ], [ -3.885057648424393, 40.751148827550061 ], [ -3.885046551123257, 40.751175954286168 ], [ -3.885028055621363, 40.751206780122658 ], [ -3.885003394952171, 40.751228974724931 ], [ -3.884961471814545, 40.751238838992606 ], [ -3.884934345078434, 40.751253635394121 ], [ -3.884904752275403, 40.751259800561421 ], [ -3.884876392505833, 40.751258567527962 ], [ -3.884859130037399, 40.751258567527962 ], [ -3.884804876565176, 40.75127706302986 ] ] ] } },
{ "type": "Feature", "properties": { "fid": 11, "id": null, "longitud": null }, "geometry": { "type": "MultiLineString", "coordinates": [ [ [ -3.884476889664924, 40.750875094122037 ], [ -3.884449762928813, 40.750880026255878 ], [ -3.884441131694595, 40.750873861088579 ], [ -3.884433733493838, 40.750868928954738 ], [ -3.884422636192702, 40.75086153075398 ], [ -3.884401674623889, 40.750860297720521 ], [ -3.884377013954697, 40.750865229854362 ], [ -3.884344955084747, 40.750866462887821 ], [ -3.884323993515934, 40.750870161988196 ], [ -3.884283303411767, 40.750867695921279 ], [ -3.884253710608737, 40.750865229854362 ], [ -3.884224117805707, 40.75086153075398 ], [ -3.884196991069595, 40.750855365586681 ], [ -3.884171097366944, 40.750854132553222 ], [ -3.884150135798131, 40.750857831653605 ], [ -3.884115610861262, 40.750857831653605 ], [ -3.884071221656717, 40.750852899519764 ], [ -3.884046560987525, 40.750849200419381 ], [ -3.884021900318333, 40.750840569185165 ], [ -3.883983676281086, 40.75083070491749 ], [ -3.883951617411136, 40.750815908515975 ], [ -3.883925723708485, 40.75083070491749 ], [ -3.883907228206591, 40.750831937950956 ], [ -3.883896130905454, 40.750834404017873 ], [ -3.883867771135884, 40.750829471884032 ], [ -3.883856673834748, 40.750827005817115 ], [ -3.883835712265935, 40.750822073683274 ], [ -3.883813517663662, 40.750818374582899 ], [ -3.883785157894091, 40.750812209415599 ], [ -3.883748166890303, 40.750812209415599 ], [ -3.883723506221111, 40.75081714154944 ], [ -3.883693913418081, 40.750824539750198 ], [ -3.883675417916187, 40.750829471884032 ], [ -3.883668019715429, 40.750833170984414 ], [ -3.883654456347374, 40.750835637051331 ], [ -3.883631028711641, 40.750834404017873 ], [ -3.883619931410505, 40.750827005817115 ], [ -3.883610067142828, 40.750824539750198 ], [ -3.883586639507096, 40.750814675482516 ], [ -3.883564444904823, 40.750814675482516 ], [ -3.883524987834116, 40.750815908515982 ], [ -3.883500327164924, 40.750814675482516 ], [ -3.88348183166303, 40.750809743348682 ], [ -3.883464569194596, 40.750804811214842 ], [ -3.883447306726162, 40.750794946947167 ], [ -3.883417713923131, 40.750786315712951 ], [ -3.88339058718702, 40.750780150545651 ], [ -3.883373324718586, 40.750778917512193 ], [ -3.88335976135053, 40.750776451445269 ], [ -3.883348664049394, 40.750783849646027 ], [ -3.883333867647879, 40.750790014813326 ], [ -3.883322770346743, 40.750797413014084 ], [ -3.883305507878308, 40.750802345147925 ], [ -3.883284546309495, 40.750803578181383 ], [ -3.883274682041818, 40.750803578181383 ], [ -3.883262351707222, 40.750809743348682 ], [ -3.883248788339167, 40.750807277281758 ], [ -3.88323769103803, 40.750797413014084 ], [ -3.883225360703435, 40.750785082679485 ], [ -3.883192068800025, 40.750785082679492 ], [ -3.883176039365051, 40.750786315712951 ], [ -3.883168641164293, 40.750791247846792 ], [ -3.883142747461641, 40.750801112114466 ], [ -3.883132883193965, 40.750802345147925 ], [ -3.883120552859369, 40.750787548746409 ], [ -3.883102057357475, 40.750766587177601 ], [ -3.883093426123258, 40.750744392575328 ], [ -3.883081095788662, 40.750733295274188 ], [ -3.883061367253308, 40.750722197973055 ], [ -3.883014511981843, 40.750714799772297 ], [ -3.882970122777298, 40.75071233370538 ], [ -3.882955326375783, 40.750707401571539 ], [ -3.882940529974268, 40.750685206969266 ], [ -3.882924500539293, 40.750667944500833 ], [ -3.882907238070858, 40.750646982932018 ], [ -3.882886276502045, 40.750617390128987 ], [ -3.882870247067071, 40.750592729459797 ], [ -3.882854217632096, 40.75057300092444 ], [ -3.882829556962904, 40.750542175087951 ], [ -3.882815993594849, 40.750527378686435 ], [ -3.882790099892197, 40.750513815318385 ], [ -3.882765439223005, 40.750494086783029 ], [ -3.882745710687651, 40.750484222515354 ], [ -3.88272105001846, 40.75046819308038 ], [ -3.882698855416187, 40.750455862745781 ], [ -3.882686525081591, 40.750443532411182 ], [ -3.882687758115051, 40.75042626994275 ], [ -3.882686525081591, 40.750409007474317 ], [ -3.882668029579697, 40.750394211072802 ], [ -3.882655699245101, 40.750399143206643 ], [ -3.882650767111262, 40.750402842307018 ], [ -3.882632271609369, 40.750400376240101 ], [ -3.882626106442071, 40.750384346805127 ], [ -3.882613776107475, 40.750378181637828 ], [ -3.882601445772879, 40.750365851303229 ], [ -3.882590348471743, 40.750364618269771 ], [ -3.88256815386947, 40.750360919169395 ], [ -3.882545959267197, 40.750367084336688 ], [ -3.882524997698384, 40.750378181637828 ], [ -3.882511434330328, 40.750384346805127 ], [ -3.882485540627677, 40.750384346805127 ], [ -3.88247567636, 40.750394211072802 ], [ -3.882465812092323, 40.75039544410626 ], [ -3.882458413891566, 40.750388045905503 ], [ -3.882449782657349, 40.750378181637828 ], [ -3.882437452322753, 40.750378181637828 ], [ -3.882423888954697, 40.750379414671286 ], [ -3.882395529185126, 40.750381880738203 ], [ -3.882372101549394, 40.750384346805127 ], [ -3.882332644478687, 40.750386812872044 ], [ -3.882303051675656, 40.750397910173177 ], [ -3.882282090106843, 40.75040160927356 ], [ -3.882254963370733, 40.750369550403605 ], [ -3.882227836634622, 40.750355987035547 ], [ -3.882206875065809, 40.750338724567115 ], [ -3.882195777764673, 40.750333792433274 ], [ -3.8821735831624, 40.750331326366357 ], [ -3.882151388560127, 40.750330093332899 ], [ -3.882136592158612, 40.750320229065224 ], [ -3.882124261824016, 40.750309131764084 ], [ -3.882110698455961, 40.750300500529868 ], [ -3.882088503853688, 40.750291869295651 ], [ -3.882056444983738, 40.750290636262193 ], [ -3.882023153080329, 40.750285704128352 ], [ -3.881992327243839, 40.750280771994518 ], [ -3.88195903534043, 40.750275839860677 ], [ -3.881943005905455, 40.750270907726836 ], [ -3.881910947035506, 40.750256111325321 ], [ -3.88189861670091, 40.750256111325321 ], [ -3.881886286366314, 40.750261043459162 ], [ -3.881875189065178, 40.750269674693378 ], [ -3.881852994462905, 40.750270907726836 ], [ -3.881833265927551, 40.750265975593003 ], [ -3.881828333793713, 40.750256111325321 ], [ -3.881827100760253, 40.75023761582343 ], [ -3.881824634693334, 40.750224052455373 ], [ -3.881813537392198, 40.75020678998694 ], [ -3.881795041890304, 40.750209256053857 ], [ -3.881785177622627, 40.75021295515424 ], [ -3.88177531335495, 40.750219120321532 ], [ -3.881758050886516, 40.75022651852229 ], [ -3.881735856284243, 40.750227751555755 ], [ -3.881717360782349, 40.750228984589214 ], [ -3.881692700113157, 40.750214188187698 ], [ -3.88168283584548, 40.75020678998694 ], [ -3.881658175176289, 40.750196925719266 ], [ -3.881628582373258, 40.750187061451584 ], [ -3.881616252038663, 40.750189527518508 ], [ -3.881597756536769, 40.75018212931775 ], [ -3.881591591369471, 40.750161167748935 ], [ -3.881575561934496, 40.750143905280503 ], [ -3.881507745094218, 40.750116778544388 ], [ -3.881489249592324, 40.750092117875198 ], [ -3.881467054990051, 40.750067457206008 ], [ -3.881454724655455, 40.750064991139084 ], [ -3.881444860387778, 40.750063758105625 ], [ -3.881432530053182, 40.750047728670651 ], [ -3.881423898818965, 40.750003339466105 ], [ -3.881414034551288, 40.749972513629615 ], [ -3.881414034551288, 40.749935522625826 ], [ -3.881411568484369, 40.749903463755878 ], [ -3.881395539049394, 40.749864006685172 ], [ -3.881388140848637, 40.749844278149823 ], [ -3.881375810514041, 40.749834413882148 ], [ -3.881335120409874, 40.749829481748307 ], [ -3.881309226707223, 40.749819617480632 ], [ -3.881291964238789, 40.749812219279875 ], [ -3.881262371435759, 40.749812219279875 ], [ -3.881231545599269, 40.749807287146034 ], [ -3.881219215264673, 40.749804821079117 ], [ -3.881201952796238, 40.749806054112575 ], [ -3.881177292127046, 40.749809753212951 ], [ -3.881123038654824, 40.749807287146034 ], [ -3.88110577618639, 40.749802355012193 ], [ -3.881078649450278, 40.749799888945276 ], [ -3.881058920914925, 40.749798655911817 ], [ -3.881039192379572, 40.749801121978734 ], [ -3.881019463844218, 40.749806054112575 ], [ -3.881000968342324, 40.749799888945276 ], [ -3.88098370587389, 40.749787558610677 ], [ -3.880962744305076, 40.749772762209162 ], [ -3.880945481836642, 40.749765364008411 ], [ -3.880917122067072, 40.74976043187457 ], [ -3.880893694431339, 40.749753033673812 ], [ -3.880878898029824, 40.749740703339214 ], [ -3.880864101628309, 40.749730839071539 ], [ -3.880846839159874, 40.749714809636565 ], [ -3.880827110624521, 40.749707411435807 ], [ -3.880812314223006, 40.749703712335425 ], [ -3.880795051754572, 40.749696314134667 ], [ -3.880729700981213, 40.749664255264719 ], [ -3.880713671546238, 40.749644526729362 ], [ -3.88070750637894, 40.749643293695904 ], [ -3.880684078743208, 40.749637128528605 ], [ -3.88067668054245, 40.749635895495146 ], [ -3.88064708773942, 40.749622332127089 ], [ -3.88061502886947, 40.749606302692115 ], [ -3.880595300334117, 40.749598904491357 ], [ -3.880573105731844, 40.749593972357516 ], [ -3.880545978995733, 40.749591506290599 ], [ -3.880536114728056, 40.749591506290599 ], [ -3.880517619226162, 40.749591506290599 ], [ -3.880505288891566, 40.749581642022925 ], [ -3.880488026423132, 40.749559447420651 ], [ -3.880480628222374, 40.749556981353734 ], [ -3.880470763954698, 40.749559447420651 ], [ -3.880444870252046, 40.749555748320269 ], [ -3.88043253991745, 40.749549583152977 ], [ -3.880420209582854, 40.749544651019136 ], [ -3.880393082846743, 40.749538485851836 ], [ -3.880365956110632, 40.749533553718003 ], [ -3.880346227575278, 40.749524922483779 ], [ -3.880335130274142, 40.749521223383404 ], [ -3.880317867805708, 40.74950519394843 ], [ -3.880314168705329, 40.74950519394843 ], [ -3.880267313433864, 40.749507660015347 ], [ -3.880254983099268, 40.749508893048805 ], [ -3.880230322430076, 40.749502727881513 ], [ -3.880200729627046, 40.74949409664729 ], [ -3.880181001091692, 40.749487931479997 ], [ -3.88015757345596, 40.749481766312698 ], [ -3.880139077954066, 40.749476834178857 ], [ -3.880113184251415, 40.749469435978099 ], [ -3.880104553017198, 40.749469435978099 ], [ -3.880089756615682, 40.749476834178857 ], [ -3.88006756201341, 40.749491630580373 ] ] ] } },
{ "type": "Feature", "properties": { "fid": 12, "id": null, "longitud": null }, "geometry": { "type": "MultiLineString", "coordinates": [ [ [ -3.880481244739079, 40.749170579492869 ], [ -3.88046089968702, 40.749196935583548 ], [ -3.880446103285505, 40.749210498951598 ], [ -3.880418976549394, 40.749230227486954 ], [ -3.880405413181339, 40.749238858721171 ], [ -3.880381985545606, 40.749253655122686 ], [ -3.880362257010253, 40.749264752423819 ], [ -3.88034006240798, 40.749272150624577 ], [ -3.880317867805707, 40.749280781858793 ], [ -3.880282109835379, 40.749283247925717 ], [ -3.880256216132727, 40.749288180059551 ], [ -3.880232788496995, 40.749302976461067 ], [ -3.88021552602856, 40.749321471962965 ], [ -3.880200729627045, 40.749338734431397 ], [ -3.880173602890934, 40.749362162067129 ], [ -3.880153874355581, 40.749381890602486 ], [ -3.880139077954066, 40.749407784305134 ], [ -3.88012551458601, 40.74943367800779 ], [ -3.880113184251415, 40.749469435978099 ] ] ] } },
{ "type": "Feature", "properties": { "fid": 13, "id": null, "longitud": null }, "geometry": { "type": "MultiLineString", "coordinates": [ [ [ -3.88006756201341, 40.749491630580373 ], [ -3.880046600444596, 40.749482999346171 ], [ -3.880026871909243, 40.749490397546928 ], [ -3.880015774608106, 40.749500261814603 ], [ -3.879989880905454, 40.749505193948444 ], [ -3.87997385147048, 40.749503960914986 ], [ -3.879955355968586, 40.749512592149202 ], [ -3.879936860466692, 40.749515058216119 ], [ -3.879923297098637, 40.749515058216119 ], [ -3.879933161366313, 40.749496562714214 ], [ -3.879922064065176, 40.749481766312698 ], [ -3.879901102496363, 40.749476834178864 ], [ -3.879876441827171, 40.749476834178864 ], [ -3.879855480258358, 40.749471902045023 ], [ -3.879830819589166, 40.749471902045023 ], [ -3.879801226786136, 40.749471902045023 ], [ -3.879790129484999, 40.749470669011565 ], [ -3.879766701849267, 40.749462037777349 ], [ -3.879743274213535, 40.749454639576591 ], [ -3.879719846577803, 40.749450940476208 ], [ -3.879685321640934, 40.749447241375833 ], [ -3.879675457373257, 40.74944970744275 ], [ -3.879648330637146, 40.749462037777349 ], [ -3.879640932436388, 40.749463270810807 ], [ -3.879611339633358, 40.749457105643508 ], [ -3.879591611098005, 40.74944970744275 ], [ -3.879566950428813, 40.749439843175075 ], [ -3.879529959425025, 40.749434911041234 ], [ -3.879490502354318, 40.749432444974317 ], [ -3.879458443484368, 40.749428745873935 ], [ -3.879428850681338, 40.749422580706643 ], [ -3.879401723945227, 40.749417648572802 ], [ -3.879352402606843, 40.749413949472427 ], [ -3.879315411603055, 40.749422580706643 ], [ -3.879290750933863, 40.749423813740101 ], [ -3.879262391164293, 40.749423813740101 ], [ -3.879205671625151, 40.749431211940859 ], [ -3.879187176123257, 40.749432444974317 ], [ -3.879157583320227, 40.749431211940859 ], [ -3.879137854784873, 40.749426279807018 ], [ -3.879107028948384, 40.749420114639719 ], [ -3.879089766479949, 40.749412716438961 ], [ -3.879063872777297, 40.749412716438961 ], [ -3.878987424702803, 40.749412716438975 ], [ -3.878967696167449, 40.749417648572809 ], [ -3.878947967632095, 40.749415182505892 ], [ -3.878941802464797, 40.749399153070918 ], [ -3.878944268531717, 40.749380657569027 ], [ -3.878954132799393, 40.749351064765996 ], [ -3.87896399706707, 40.74933133623064 ], [ -3.878978793468586, 40.749305442527991 ], [ -3.878993589870101, 40.749277082758418 ], [ -3.879013318405454, 40.749238858721171 ], [ -3.879021949639671, 40.749211731985056 ], [ -3.879015784472373, 40.749192003449707 ], [ -3.878996672453725, 40.749170579492869 ] ] ] } },
{ "type": "Feature", "properties": { "fid": 14, "id": null, "longitud": null }, "geometry": { "type": "MultiLineString", "coordinates": [ [ [ -3.878947967632095, 40.749415182505892 ], [ -3.878892481126414, 40.749450940476223 ], [ -3.878867820457222, 40.749460804743897 ], [ -3.87884315978803, 40.749500261814603 ], [ -3.878830829453434, 40.749524922483793 ], [ -3.878825897319596, 40.749537252818392 ], [ -3.878786440248889, 40.749574243822181 ], [ -3.878766711713535, 40.749608768759046 ], [ -3.878746983178182, 40.749626031227486 ], [ -3.878700127906717, 40.749640827629001 ], [ -3.878677933304445, 40.749640827629001 ], [ -3.878658204769091, 40.749660556164351 ], [ -3.878643408367576, 40.749667954365108 ], [ -3.878633544099899, 40.749687682900465 ], [ -3.878618747698384, 40.749700013235056 ], [ -3.87859901916303, 40.749717275703496 ], [ -3.878589154895354, 40.749724673904254 ], [ -3.87853983355697, 40.749746868506527 ], [ -3.878520105021616, 40.749746868506527 ], [ -3.878497910419343, 40.749746868506527 ], [ -3.878480647950909, 40.749746868506527 ], [ -3.878446123014041, 40.749771529175717 ], [ -3.878436258746364, 40.749786325577233 ], [ -3.878421462344849, 40.749796189844908 ], [ -3.878406665943333, 40.749806054112582 ], [ -3.878399267742576, 40.749840579049454 ], [ -3.878391869541818, 40.74985537545097 ], [ -3.878369674939545, 40.749884968254001 ], [ -3.878352412471111, 40.749894832521676 ], [ -3.878325285735, 40.749914561057032 ], [ -3.878317271017491, 40.749958487873549 ] ] ] } },
{ "type": "Feature", "properties": { "fid": 15, "id": null, "longitud": null }, "geometry": { "type": "MultiLineString", "coordinates": [ [ [ -3.887009540390935, 40.750759188976829 ], [ -3.886991661405779, 40.750703085954484 ], [ -3.886984263205021, 40.750685823486052 ], [ -3.886991661405779, 40.750634036080747 ], [ -3.887001525673456, 40.750599511143882 ], [ -3.887006457807294, 40.750569918340851 ], [ -3.886999059606536, 40.750532927337062 ], [ -3.886976865004264, 40.750493470266356 ], [ -3.886954670401991, 40.750466343530242 ], [ -3.88692754366588, 40.750439216794135 ], [ -3.886883154461334, 40.750414556124937 ], [ -3.886833833122951, 40.75038742938883 ], [ -3.886804240319921, 40.750365234786557 ], [ -3.886779579650729, 40.750347972318124 ], [ -3.886767249316132, 40.750328243782768 ], [ -3.886737656513102, 40.750293718845903 ], [ -3.886698199442395, 40.750298650979737 ], [ -3.886661208438607, 40.750298650979737 ], [ -3.886626683501738, 40.750278922444387 ], [ -3.886579828230274, 40.750259193909031 ], [ -3.886552701494163, 40.750244397507515 ], [ -3.886520642624213, 40.750212338637567 ], [ -3.886434330282042, 40.750200008302969 ], [ -3.886355416140627, 40.750197542236052 ], [ -3.88628636626689, 40.750180279767619 ], [ -3.886207452125476, 40.750165483366104 ], [ -3.886155664720173, 40.750150686964588 ], [ -3.886091546980274, 40.750128492362315 ], [ -3.886027429240375, 40.750108763826958 ], [ -3.885987972169668, 40.750093967425443 ], [ -3.885928786563607, 40.750079171023927 ], [ -3.885906591961334, 40.750064374622418 ], [ -3.885896727693658, 40.75005204428782 ], [ -3.885876999158304, 40.750012587217114 ], [ -3.885832609953759, 40.749987926547917 ], [ -3.885795618949971, 40.749968198012567 ], [ -3.885775890414617, 40.749953401611052 ], [ -3.885736433343911, 40.74989914813883 ], [ -3.885721636942396, 40.749872021402716 ], [ -3.885721636942396, 40.749844894666609 ], [ -3.885696976273204, 40.749800505462062 ], [ -3.885677247737851, 40.749768446592114 ], [ -3.885655053135578, 40.749751184123674 ], [ -3.885622994265628, 40.749738853789083 ], [ -3.88558846932876, 40.749724057387567 ], [ -3.885578605061083, 40.749704328852211 ], [ -3.885561342592649, 40.74967966818302 ], [ -3.885549012258052, 40.749664871781505 ], [ -3.885512021254264, 40.749662405714588 ], [ -3.885425708912093, 40.749669803915346 ], [ -3.885354192971436, 40.749677202116104 ], [ -3.885319668034568, 40.749677202116104 ], [ -3.885285143097699, 40.749696930651453 ], [ -3.885223491424719, 40.749704328852211 ], [ -3.885169237952497, 40.749706794919135 ], [ -3.885139645149466, 40.749711727052969 ], [ -3.885107586279517, 40.749709260986052 ], [ -3.885082925610325, 40.749694464584536 ], [ -3.885060731008052, 40.74967473604918 ], [ -3.885021273937345, 40.749640211112315 ], [ -3.884984282933557, 40.749620482576958 ], [ -3.884922631260578, 40.749618016510041 ], [ -3.884893038457547, 40.749635278978474 ], [ -3.884828920717648, 40.749645143246148 ], [ -3.884801793981537, 40.749635278978474 ], [ -3.884764802977749, 40.749585957640093 ], [ -3.884757404776991, 40.749548966636304 ], [ -3.884750006576234, 40.74952183990019 ], [ -3.884710549505527, 40.749487314963325 ], [ -3.884656296033305, 40.749467586427969 ], [ -3.884626703230274, 40.749455256093377 ], [ -3.884594644360325, 40.749447857892619 ], [ -3.884528060553507, 40.749450323959536 ], [ -3.884510798085072, 40.749445391825695 ], [ -3.884488603482799, 40.749418265089588 ], [ -3.884454078545931, 40.749388672286557 ], [ -3.884407223274466, 40.749361545550443 ], [ -3.884288852062345, 40.749334418814328 ], [ -3.884195141519416, 40.74930235994438 ], [ -3.884175412984062, 40.74930235994438 ], [ -3.884052109638068, 40.749254425768129 ] ] ] } },
{ "type": "Feature", "properties": { "fid": 16, "id": null, "longitud": null }, "geometry": { "type": "MultiLineString", "coordinates": [ [ [ -3.886389941077463, 40.749481303924696 ], [ -3.88638254287674, 40.749450323959529 ], [ -3.886375144675982, 40.749435527558013 ], [ -3.886375144675982, 40.749420731156498 ], [ -3.886380076809821, 40.749403468688065 ], [ -3.886424466014367, 40.749366477684276 ], [ -3.886449126683559, 40.749334418814328 ], [ -3.886476253419669, 40.749287563542858 ], [ -3.886471321285831, 40.749218513669121 ], [ -3.886471321285831, 40.749203717267605 ], [ -3.886468855218912, 40.749179056598415 ], [ -3.886451592750478, 40.749149463795383 ], [ -3.886449126683559, 40.749142065594626 ], [ -3.886451592750478, 40.749105074590844 ], [ -3.886454058817397, 40.749070549653972 ], [ -3.886458990951235, 40.749053287185539 ], [ -3.886471321285831, 40.748996567646394 ], [ -3.886476253419669, 40.748966974843363 ], [ -3.886493515888104, 40.748947246308013 ], [ -3.886530506891892, 40.748897924969626 ], [ -3.886550235427245, 40.748870798233519 ], [ -3.886552701494165, 40.748836273296646 ], [ -3.886550235427245, 40.748809146560539 ], [ -3.886545303293407, 40.748774621623667 ], [ -3.886495981955023, 40.748769689489833 ], [ -3.886476253419669, 40.748762291289076 ], [ -3.886461457018154, 40.748745028820636 ], [ -3.886441728482801, 40.748710503883771 ] ] ] } },
{ "type": "Feature", "properties": { "fid": 17, "id": null, "longitud": null }, "geometry": { "type": "MultiLineString", "coordinates": [ [ [ -3.886153198653224, 40.744800708912081 ], [ -3.886180325389367, 40.744819050285351 ], [ -3.886195121790882, 40.744823982419184 ], [ -3.886222248526993, 40.744830147586484 ], [ -3.886245676162726, 40.744837545787242 ], [ -3.8862617055977, 40.744843710954541 ], [ -3.886280201099594, 40.744846177021458 ], [ -3.886306094802245, 40.744851109155299 ], [ -3.886329522437978, 40.744851109155299 ], [ -3.88635418310717, 40.744842477921082 ], [ -3.886367746475226, 40.744832613653408 ], [ -3.886380076809821, 40.744822749385726 ], [ -3.886392407144417, 40.744816584218427 ], [ -3.886410902646311, 40.744812885118051 ], [ -3.886426932081286, 40.744820283318809 ], [ -3.88644542758318, 40.744833846686866 ], [ -3.886470088252372, 40.7448387788207 ], [ -3.886491049821185, 40.7448387788207 ], [ -3.8865058462227, 40.744831380619942 ], [ -3.886525574758054, 40.744826448486108 ], [ -3.886552701494165, 40.74482521545265 ], [ -3.886571196996059, 40.744826448486108 ], [ -3.886592158564872, 40.744831380619942 ], [ -3.886605721932928, 40.744836312753783 ], [ -3.886618052267523, 40.744844943987999 ], [ -3.88662914956866, 40.74485604128914 ], [ -3.886642712936715, 40.744863439489897 ], [ -3.886647645070554, 40.744872070724114 ], [ -3.886643945970175, 40.744913993861736 ], [ -3.886643945970175, 40.744915226895195 ] ] ] } },
{ "type": "Feature", "properties": { "fid": 18, "id": null, "longitud": null }, "geometry": { "type": "MultiLineString", "coordinates": [ [ [ -3.886643945970175, 40.744915226895195 ], [ -3.886634081702498, 40.744944819698233 ], [ -3.886625450468281, 40.744959616099749 ], [ -3.886608187999847, 40.744974412501264 ], [ -3.886582294297195, 40.744984276768946 ], [ -3.886568730929139, 40.745001539237379 ], [ -3.886561332728382, 40.745017568672353 ], [ -3.886553934527624, 40.745043462375001 ], [ -3.886539138126109, 40.745060724843441 ], [ -3.886513244423458, 40.745064423943816 ], [ -3.886499681055402, 40.745066890010733 ], [ -3.88647502038621, 40.745074288211491 ], [ -3.886438029382422, 40.745081686412249 ], [ -3.886423232980907, 40.745090317646472 ], [ -3.886421999947447, 40.745101414947605 ], [ -3.886425699047826, 40.745128541683719 ], [ -3.886434330282043, 40.745144571118693 ], [ -3.886451592750478, 40.745156901453285 ], [ -3.886467622185453, 40.745176629988642 ], [ -3.886458990951235, 40.745204989758214 ], [ -3.886442961516261, 40.745223485260105 ], [ -3.886398572311715, 40.745274039631944 ], [ -3.886378843776362, 40.745301166368058 ], [ -3.886365280408306, 40.74531349670265 ], [ -3.886367746475226, 40.745327060070707 ], [ -3.8863837759102, 40.74533815737184 ], [ -3.886396106244796, 40.745348021639522 ], [ -3.88641336871323, 40.745356652873738 ], [ -3.886415834780149, 40.745370216241795 ], [ -3.886404737479013, 40.745392410844069 ], [ -3.886370212542145, 40.74541090634596 ], [ -3.886345551872953, 40.745428168814392 ], [ -3.886325823337599, 40.745444198249366 ], [ -3.886315959069922, 40.745452829483582 ] ] ] } }
]
}
