{
"type": "FeatureCollection",
"name": "Cuenca_Vias",
"crs": { "type": "name", "properties": { "name": "urn:ogc:def:crs:OGC:1.3:CRS84" } },
"features": [
{ "type": "Feature", "properties": { "fid": 1, "id": 1, "nombre": "El ratoncito Pérez", "descripcion": null, "sector": "Juego de Bolos", "grado1": "6c", "long1": null, "exp1": null, "grado2": null, "long2": null, "exp2": null, "grado3": null, "long3": null, "exp3": null, "grado4": null, "long4": null, "exp4": null, "grado5": null, "long5": null, "exp5": null, "modalidad": "Simple", "variante": null, "Union": null }, "geometry": { "type": "MultiPoint", "coordinates": [ [ -2.132905972910751, 40.080201810318982 ] ] } },
{ "type": "Feature", "properties": { "fid": 2, "id": 2, "nombre": "Abrir no es equipar", "descripcion": null, "sector": "Juego de Bolos", "grado1": "6c", "long1": null, "exp1": null, "grado2": null, "long2": null, "exp2": null, "grado3": null, "long3": null, "exp3": null, "grado4": null, "long4": null, "exp4": null, "grado5": null, "long5": null, "exp5": null, "modalidad": "Simple", "variante": null, "Union": null }, "geometry": { "type": "MultiPoint", "coordinates": [ [ -2.132926974887408, 40.080314695943514 ] ] } },
{ "type": "Feature", "properties": { "fid": 3, "id": 3, "nombre": "Mi pequeña bolchevique", "descripcion": "Variante por la derecha que sube el grado a 7b+", "sector": "Juego de Bolos", "grado1": "7b", "long1": null, "exp1": null, "grado2": null, "long2": null, "exp2": null, "grado3": null, "long3": null, "exp3": null, "grado4": null, "long4": null, "exp4": null, "grado5": null, "long5": null, "exp5": null, "modalidad": "Simple", "variante": "SI", "Union": "3_4" }, "geometry": { "type": "MultiPoint", "coordinates": [ [ -2.132793227924448, 40.0803693104587 ] ] } },
{ "type": "Feature", "properties": { "fid": 4, "id": 5, "nombre": "Gandalf el gris", "descripcion": null, "sector": "Juego de Bolos", "grado1": "7a", "long1": null, "exp1": null, "grado2": null, "long2": null, "exp2": null, "grado3": null, "long3": null, "exp3": null, "grado4": null, "long4": null, "exp4": null, "grado5": null, "long5": null, "exp5": null, "modalidad": "Simple", "variante": null, "Union": null }, "geometry": { "type": "MultiPoint", "coordinates": [ [ -2.132744660853429, 40.080375873576401 ] ] } },
{ "type": "Feature", "properties": { "fid": 5, "id": 6, "nombre": "Pico listo JB", "descripcion": null, "sector": "Juego de Bolos", "grado1": "7b", "long1": null, "exp1": null, "grado2": null, "long2": null, "exp2": null, "grado3": null, "long3": null, "exp3": null, "grado4": null, "long4": null, "exp4": null, "grado5": null, "long5": null, "exp5": null, "modalidad": "Simple", "variante": null, "Union": null }, "geometry": { "type": "MultiPoint", "coordinates": [ [ -2.132692155911788, 40.080379811447024 ] ] } },
{ "type": "Feature", "properties": { "fid": 6, "id": 7, "nombre": "7a mis cojones", "descripcion": null, "sector": "Juego de Bolos", "grado1": "7a", "long1": null, "exp1": null, "grado2": null, "long2": null, "exp2": null, "grado3": null, "long3": null, "exp3": null, "grado4": null, "long4": null, "exp4": null, "grado5": null, "long5": null, "exp5": null, "modalidad": "Simple", "variante": null, "Union": null }, "geometry": { "type": "MultiPoint", "coordinates": [ [ -2.132655402452638, 40.08038112407057 ] ] } },
{ "type": "Feature", "properties": { "fid": 7, "id": 8, "nombre": "Afrodita", "descripcion": null, "sector": "Juego de Bolos", "grado1": "7b", "long1": null, "exp1": null, "grado2": null, "long2": null, "exp2": null, "grado3": null, "long3": null, "exp3": null, "grado4": null, "long4": null, "exp4": null, "grado5": null, "long5": null, "exp5": null, "modalidad": "Simple", "variante": null, "Union": null }, "geometry": { "type": "MultiPoint", "coordinates": [ [ -2.132622586864112, 40.080387687188271 ] ] } },
{ "type": "Feature", "properties": { "fid": 8, "id": 9, "nombre": "La levantada", "descripcion": "Comparte inicio con \"La princesa de Boston\"", "sector": "Juego de Bolos", "grado1": "7c+", "long1": null, "exp1": null, "grado2": null, "long2": null, "exp2": null, "grado3": null, "long3": null, "exp3": null, "grado4": null, "long4": null, "exp4": null, "grado5": null, "long5": null, "exp5": null, "modalidad": "Simple", "variante": null, "Union": null }, "geometry": { "type": "MultiPoint", "coordinates": [ [ -2.132579270287257, 40.080400813423687 ] ] } },
{ "type": "Feature", "properties": { "fid": 9, "id": 10, "nombre": "La princesa de Boston", "descripcion": "Comparte inicio con \"La levantada\"", "sector": "Juego de Bolos", "grado1": "7b+", "long1": null, "exp1": null, "grado2": null, "long2": null, "exp2": null, "grado3": null, "long3": null, "exp3": null, "grado4": null, "long4": null, "exp4": null, "grado5": null, "long5": null, "exp5": null, "modalidad": "Simple", "variante": null, "Union": null }, "geometry": { "type": "MultiPoint", "coordinates": [ [ -2.132562206181224, 40.080403438670764 ] ] } },
{ "type": "Feature", "properties": { "fid": 10, "id": 4, "nombre": "Oompa Loompa", "descripcion": "Comparte inicio (3 primeras chapas) con \"Mi pequeña bolchevique\"", "sector": "Juego de Bolos", "grado1": "7b+", "long1": null, "exp1": null, "grado2": null, "long2": null, "exp2": null, "grado3": null, "long3": null, "exp3": null, "grado4": null, "long4": null, "exp4": null, "grado5": null, "long5": null, "exp5": null, "modalidad": "Simple", "variante": "SI", "Union": "3_4" }, "geometry": { "type": "MultiPoint", "coordinates": [ [ -2.132784511283746, 40.080369279694075 ] ] } },
{ "type": "Feature", "properties": { "fid": 11, "id": 11, "nombre": "Esperando a Berta", "descripcion": "Comparte comienzo con \"El discípulo del guerrero\" y \"Juan 13:34\". Va por al izquierda del techo inicial.", "sector": "Juego de Bolos", "grado1": "7b+", "long1": null, "exp1": null, "grado2": null, "long2": null, "exp2": null, "grado3": null, "long3": null, "exp3": null, "grado4": null, "long4": null, "exp4": null, "grado5": null, "long5": null, "exp5": null, "modalidad": "Simple", "variante": "SI", "Union": "11_12_13" }, "geometry": { "type": "MultiPoint", "coordinates": [ [ -2.132520924529085, 40.080419247116943 ] ] } },
{ "type": "Feature", "properties": { "fid": 12, "id": 12, "nombre": "El discípulo del guerrero", "descripcion": "Puede tener más de 30 metros. Comparte inicio con \"Juan 13:34\"", "sector": "Juego de Bolos", "grado1": "7c+", "long1": null, "exp1": null, "grado2": null, "long2": null, "exp2": null, "grado3": null, "long3": null, "exp3": null, "grado4": null, "long4": null, "exp4": null, "grado5": null, "long5": null, "exp5": null, "modalidad": "Simple", "variante": "SI", "Union": "11_12_13" }, "geometry": { "type": "MultiPoint", "coordinates": [ [ -2.13251644722413, 40.080420926106299 ] ] } },
{ "type": "Feature", "properties": { "fid": 13, "id": 13, "nombre": "Juan 13:34", "descripcion": "Puede tener más de 30 metros. Comparte inicio con \"El discípulo del guerrero\" y la vía del exteremo izquierdo", "sector": "Juego de Bolos", "grado1": "8a+", "long1": null, "exp1": null, "grado2": null, "long2": null, "exp2": null, "grado3": null, "long3": null, "exp3": null, "grado4": null, "long4": null, "exp4": null, "grado5": null, "long5": null, "exp5": null, "modalidad": "Simple", "variante": null, "Union": null }, "geometry": { "type": "MultiPoint", "coordinates": [ [ -2.132509700446089, 40.080422973056436 ] ] } },
{ "type": "Feature", "properties": { "fid": 14, "id": 14, "nombre": "Lluvia de estrellas", "descripcion": null, "sector": "Juego de Bolos", "grado1": "8b", "long1": null, "exp1": null, "grado2": null, "long2": null, "exp2": null, "grado3": null, "long3": null, "exp3": null, "grado4": null, "long4": null, "exp4": null, "grado5": null, "long5": null, "exp5": null, "modalidad": "Simple", "variante": null, "Union": null }, "geometry": { "type": "MultiPoint", "coordinates": [ [ -2.132472344987881, 40.080444068267965 ] ] } },
{ "type": "Feature", "properties": { "fid": 15, "id": 15, "nombre": "Tiempo al tiempo", "descripcion": "Puede tener más de 30 metros. Comparte inciio con \"Embrujo\"", "sector": "Juego de Bolos", "grado1": "7c+", "long1": null, "exp1": null, "grado2": null, "long2": null, "exp2": null, "grado3": null, "long3": null, "exp3": null, "grado4": null, "long4": null, "exp4": null, "grado5": null, "long5": null, "exp5": null, "modalidad": "Simple", "variante": "SI", "Union": "15_16" }, "geometry": { "type": "MultiPoint", "coordinates": [ [ -2.132435050593322, 40.080470294648656 ] ] } },
{ "type": "Feature", "properties": { "fid": 16, "id": 16, "nombre": "Embrujo", "descripcion": "Puede tener más de 30 metros. Comparte inicio con \"Tiempo al tiempo\". Techo y fisura", "sector": "Juego de Bolos", "grado1": "7c", "long1": null, "exp1": null, "grado2": null, "long2": null, "exp2": null, "grado3": null, "long3": null, "exp3": null, "grado4": null, "long4": null, "exp4": null, "grado5": null, "long5": null, "exp5": null, "modalidad": "Simple", "variante": "SI", "Union": "14_15" }, "geometry": { "type": "MultiPoint", "coordinates": [ [ -2.132432885112347, 40.080478715963558 ] ] } },
{ "type": "Feature", "properties": { "fid": 17, "id": 17, "nombre": "Historias de amor", "descripcion": "Puede tener más de 30 metros. Techo", "sector": "Juego de Bolos", "grado1": "8b", "long1": null, "exp1": null, "grado2": null, "long2": null, "exp2": null, "grado3": null, "long3": null, "exp3": null, "grado4": null, "long4": null, "exp4": null, "grado5": null, "long5": null, "exp5": null, "modalidad": "Simple", "variante": null, "Union": null }, "geometry": { "type": "MultiPoint", "coordinates": [ [ -2.132424223188449, 40.080523950455024 ] ] } },
{ "type": "Feature", "properties": { "fid": 18, "id": 18, "nombre": "Pintor de vías", "descripcion": "Puede tener más de 30 metros. Techo", "sector": "Juego de Bolos", "grado1": "8b+", "long1": null, "exp1": null, "grado2": null, "long2": null, "exp2": null, "grado3": null, "long3": null, "exp3": null, "grado4": null, "long4": null, "exp4": null, "grado5": null, "long5": null, "exp5": null, "modalidad": "Simple", "variante": null, "Union": null }, "geometry": { "type": "MultiPoint", "coordinates": [ [ -2.132418448572517, 40.080547048918753 ] ] } },
{ "type": "Feature", "properties": { "fid": 19, "id": 19, "nombre": "Vía del Félix", "descripcion": "Tiene 2 largos", "sector": "Juego de Bolos", "grado1": "7a+", "long1": null, "exp1": null, "grado2": "8a+", "long2": null, "exp2": null, "grado3": null, "long3": null, "exp3": null, "grado4": null, "long4": null, "exp4": null, "grado5": null, "long5": null, "exp5": null, "modalidad": "Multilargo", "variante": null, "Union": null }, "geometry": { "type": "MultiPoint", "coordinates": [ [ -2.132410749084608, 40.0805768844344 ] ] } },
{ "type": "Feature", "properties": { "fid": 20, "id": 20, "nombre": "Clásica moderna", "descripcion": null, "sector": "Juego de Bolos", "grado1": "7c", "long1": null, "exp1": null, "grado2": null, "long2": null, "exp2": null, "grado3": null, "long3": null, "exp3": null, "grado4": null, "long4": null, "exp4": null, "grado5": null, "long5": null, "exp5": null, "modalidad": "Simple", "variante": null, "Union": null }, "geometry": { "type": "MultiPoint", "coordinates": [ [ -2.132437871447372, 40.080675621200783 ] ] } },
{ "type": "Feature", "properties": { "fid": 21, "id": 21, "nombre": "Despojo humano", "descripcion": null, "sector": "Juego de Bolos", "grado1": "7c+", "long1": null, "exp1": null, "grado2": null, "long2": null, "exp2": null, "grado3": null, "long3": null, "exp3": null, "grado4": null, "long4": null, "exp4": null, "grado5": null, "long5": null, "exp5": null, "modalidad": "Simple", "variante": null, "Union": null }, "geometry": { "type": "MultiPoint", "coordinates": [ [ -2.132419713488387, 40.080726204086531 ] ] } },
{ "type": "Feature", "properties": { "fid": 22, "id": 22, "nombre": "Huele tema", "descripcion": null, "sector": "Juego de Bolos", "grado1": "8a", "long1": null, "exp1": null, "grado2": null, "long2": null, "exp2": null, "grado3": null, "long3": null, "exp3": null, "grado4": null, "long4": null, "exp4": null, "grado5": null, "long5": null, "exp5": null, "modalidad": "Simple", "variante": null, "Union": null }, "geometry": { "type": "MultiPoint", "coordinates": [ [ -2.132388585558696, 40.080762520004505 ] ] } },
{ "type": "Feature", "properties": { "fid": 23, "id": 23, "nombre": "Sabe rico", "descripcion": null, "sector": "Juego de Bolos", "grado1": "7c", "long1": null, "exp1": null, "grado2": null, "long2": null, "exp2": null, "grado3": null, "long3": null, "exp3": null, "grado4": null, "long4": null, "exp4": null, "grado5": null, "long5": null, "exp5": null, "modalidad": "Simple", "variante": null, "Union": null }, "geometry": { "type": "MultiPoint", "coordinates": [ [ -2.132366536608499, 40.080793647934193 ] ] } },
{ "type": "Feature", "properties": { "fid": 24, "id": 24, "nombre": "Flamenca", "descripcion": "Tiene más de 30 metros", "sector": "Juego de Bolos", "grado1": "7c+", "long1": null, "exp1": null, "grado2": null, "long2": null, "exp2": null, "grado3": null, "long3": null, "exp3": null, "grado4": null, "long4": null, "exp4": null, "grado5": null, "long5": null, "exp5": null, "modalidad": "Simple", "variante": null, "Union": null }, "geometry": { "type": "MultiPoint", "coordinates": [ [ -2.132345784655373, 40.080829963852167 ] ] } },
{ "type": "Feature", "properties": { "fid": 25, "id": 25, "nombre": "Directa dolomía", "descripcion": "Puede tener más de 30 metros. Se une a \"Redirecta dolomía\" en el techo. Techo y fisura", "sector": "Juego de Bolos", "grado1": "6b", "long1": null, "exp1": null, "grado2": null, "long2": null, "exp2": null, "grado3": null, "long3": null, "exp3": null, "grado4": null, "long4": null, "exp4": null, "grado5": null, "long5": null, "exp5": null, "modalidad": "Simple", "variante": null, "Union": null }, "geometry": { "type": "MultiPoint", "coordinates": [ [ -2.132322438708105, 40.080858497787716 ] ] } },
{ "type": "Feature", "properties": { "fid": 26, "id": 26, "nombre": "Redirecta dolomía", "descripcion": "Puede tener más  de 30 metros. \"Directa dolomía\" se une a la altura del techo\"", "sector": "Juego de Bolos", "grado1": "7a", "long1": null, "exp1": null, "grado2": null, "long2": null, "exp2": null, "grado3": null, "long3": null, "exp3": null, "grado4": null, "long4": null, "exp4": null, "grado5": null, "long5": null, "exp5": null, "modalidad": "Simple", "variante": null, "Union": null }, "geometry": { "type": "MultiPoint", "coordinates": [ [ -2.132301686754978, 40.080883140732055 ] ] } },
{ "type": "Feature", "properties": { "fid": 27, "id": 27, "nombre": "Takk", "descripcion": "Diedro", "sector": "Juego de Bolos", "grado1": "7a+", "long1": null, "exp1": null, "grado2": null, "long2": null, "exp2": null, "grado3": null, "long3": null, "exp3": null, "grado4": null, "long4": null, "exp4": null, "grado5": null, "long5": null, "exp5": null, "modalidad": "Simple", "variante": null, "Union": null }, "geometry": { "type": "MultiPoint", "coordinates": [ [ -2.132282231798921, 40.080907783676388 ] ] } },
{ "type": "Feature", "properties": { "fid": 28, "id": 28, "nombre": "¿Ya está?", "descripcion": null, "sector": "Juego de Bolos", "grado1": "7b+", "long1": null, "exp1": null, "grado2": null, "long2": null, "exp2": null, "grado3": null, "long3": null, "exp3": null, "grado4": null, "long4": null, "exp4": null, "grado5": null, "long5": null, "exp5": null, "modalidad": "Simple", "variante": null, "Union": null }, "geometry": { "type": "MultiPoint", "coordinates": [ [ -2.132257588854581, 40.080947990585592 ] ] } },
{ "type": "Feature", "properties": { "fid": 29, "id": 29, "nombre": "Los goonies", "descripcion": null, "sector": "Juego de Bolos", "grado1": "7a+", "long1": null, "exp1": null, "grado2": null, "long2": null, "exp2": null, "grado3": null, "long3": null, "exp3": null, "grado4": null, "long4": null, "exp4": null, "grado5": null, "long5": null, "exp5": null, "modalidad": "Simple", "variante": null, "Union": null }, "geometry": { "type": "MultiPoint", "coordinates": [ [ -2.132247861376553, 40.080959663559227 ] ] } },
{ "type": "Feature", "properties": { "fid": 30, "id": 30, "nombre": "Polifilakia", "descripcion": null, "sector": "Juego de Bolos", "grado1": "7a", "long1": null, "exp1": null, "grado2": null, "long2": null, "exp2": null, "grado3": null, "long3": null, "exp3": null, "grado4": null, "long4": null, "exp4": null, "grado5": null, "long5": null, "exp5": null, "modalidad": "Simple", "variante": null, "Union": null }, "geometry": { "type": "MultiPoint", "coordinates": [ [ -2.132238133898525, 40.080971336532862 ] ] } },
{ "type": "Feature", "properties": { "fid": 31, "id": 31, "nombre": "Trío calavera", "descripcion": null, "sector": "Juego de Bolos", "grado1": "7c+", "long1": null, "exp1": null, "grado2": null, "long2": null, "exp2": null, "grado3": null, "long3": null, "exp3": null, "grado4": null, "long4": null, "exp4": null, "grado5": null, "long5": null, "exp5": null, "modalidad": "Simple", "variante": null, "Union": null }, "geometry": { "type": "MultiPoint", "coordinates": [ [ -2.132230351916102, 40.080982361007962 ] ] } },
{ "type": "Feature", "properties": { "fid": 32, "id": 32, "nombre": "Chachapoyas", "descripcion": null, "sector": "Juego de Bolos", "grado1": "7b", "long1": null, "exp1": null, "grado2": null, "long2": null, "exp2": null, "grado3": null, "long3": null, "exp3": null, "grado4": null, "long4": null, "exp4": null, "grado5": null, "long5": null, "exp5": null, "modalidad": "Simple", "variante": null, "Union": null }, "geometry": { "type": "MultiPoint", "coordinates": [ [ -2.132223218432215, 40.080999870468411 ] ] } },
{ "type": "Feature", "properties": { "fid": 33, "id": 33, "nombre": "Choco climbing", "descripcion": null, "sector": "Juego de Bolos", "grado1": "7b+", "long1": null, "exp1": null, "grado2": null, "long2": null, "exp2": null, "grado3": null, "long3": null, "exp3": null, "grado4": null, "long4": null, "exp4": null, "grado5": null, "long5": null, "exp5": null, "modalidad": "Simple", "variante": null, "Union": null }, "geometry": { "type": "MultiPoint", "coordinates": [ [ -2.132218678942469, 40.081015434433255 ] ] } },
{ "type": "Feature", "properties": { "fid": 34, "id": 34, "nombre": "¿Nido? ¿Qué nido?", "descripcion": null, "sector": "Juego de Bolos", "grado1": "7c", "long1": null, "exp1": null, "grado2": null, "long2": null, "exp2": null, "grado3": null, "long3": null, "exp3": null, "grado4": null, "long4": null, "exp4": null, "grado5": null, "long5": null, "exp5": null, "modalidad": "Simple", "variante": null, "Union": null }, "geometry": { "type": "MultiPoint", "coordinates": [ [ -2.132212193957117, 40.081033592392245 ] ] } },
{ "type": "Feature", "properties": { "fid": 35, "id": 35, "nombre": "Los conejos", "descripcion": null, "sector": "Juego de Bolos", "grado1": "6c", "long1": null, "exp1": null, "grado2": null, "long2": null, "exp2": null, "grado3": null, "long3": null, "exp3": null, "grado4": null, "long4": null, "exp4": null, "grado5": null, "long5": null, "exp5": null, "modalidad": "Simple", "variante": null, "Union": null }, "geometry": { "type": "MultiPoint", "coordinates": [ [ -2.132208302965905, 40.081045913864415 ] ] } },
{ "type": "Feature", "properties": { "fid": 36, "id": 36, "nombre": "?", "descripcion": null, "sector": "Juego de Bolos", "grado1": null, "long1": null, "exp1": null, "grado2": null, "long2": null, "exp2": null, "grado3": null, "long3": null, "exp3": null, "grado4": null, "long4": null, "exp4": null, "grado5": null, "long5": null, "exp5": null, "modalidad": "Simple", "variante": null, "Union": null }, "geometry": { "type": "MultiPoint", "coordinates": [ [ -2.1322063574703, 40.081061477829259 ] ] } },
{ "type": "Feature", "properties": { "fid": 37, "id": 37, "nombre": "Igorcan", "descripcion": null, "sector": "Juego de Bolos", "grado1": "7a", "long1": null, "exp1": null, "grado2": null, "long2": null, "exp2": null, "grado3": null, "long3": null, "exp3": null, "grado4": null, "long4": null, "exp4": null, "grado5": null, "long5": null, "exp5": null, "modalidad": "Simple", "variante": null, "Union": null }, "geometry": { "type": "MultiPoint", "coordinates": [ [ -2.132204411974694, 40.081076393295568 ] ] } },
{ "type": "Feature", "properties": { "fid": 38, "id": 38, "nombre": "Mirando pa Cuenca", "descripcion": null, "sector": "Juego de Bolos", "grado1": "7a", "long1": null, "exp1": null, "grado2": null, "long2": null, "exp2": null, "grado3": null, "long3": null, "exp3": null, "grado4": null, "long4": null, "exp4": null, "grado5": null, "long5": null, "exp5": null, "modalidad": "Simple", "variante": null, "Union": null }, "geometry": { "type": "MultiPoint", "coordinates": [ [ -2.132203114977623, 40.0810900117648 ] ] } },
{ "type": "Feature", "properties": { "fid": 39, "id": 39, "nombre": "Alpi", "descripcion": "Fisura", "sector": "Juego de Bolos", "grado1": "6c+", "long1": null, "exp1": null, "grado2": null, "long2": null, "exp2": null, "grado3": null, "long3": null, "exp3": null, "grado4": null, "long4": null, "exp4": null, "grado5": null, "long5": null, "exp5": null, "modalidad": "Simple", "variante": null, "Union": null }, "geometry": { "type": "MultiPoint", "coordinates": [ [ -2.132199872484947, 40.081106224228179 ] ] } },
{ "type": "Feature", "properties": { "fid": 40, "id": 40, "nombre": "J.S. Leoónidas", "descripcion": null, "sector": "Juego de Bolos", "grado1": "7a", "long1": null, "exp1": null, "grado2": null, "long2": null, "exp2": null, "grado3": null, "long3": null, "exp3": null, "grado4": null, "long4": null, "exp4": null, "grado5": null, "long5": null, "exp5": null, "modalidad": "Simple", "variante": null, "Union": null }, "geometry": { "type": "MultiPoint", "coordinates": [ [ -2.132196629992271, 40.081120491195954 ] ] } },
{ "type": "Feature", "properties": { "fid": 41, "id": 55, "nombre": "Slash", "descripcion": null, "sector": "Juego de Bolos", "grado1": "6c+", "long1": null, "exp1": null, "grado2": null, "long2": null, "exp2": null, "grado3": null, "long3": null, "exp3": null, "grado4": null, "long4": null, "exp4": null, "grado5": null, "long5": null, "exp5": null, "modalidad": "Simple", "variante": null, "Union": null }, "geometry": { "type": "MultiPoint", "coordinates": [ [ -2.132195332995201, 40.081134109665193 ] ] } },
{ "type": "Feature", "properties": { "fid": 42, "id": 41, "nombre": "Molineteman", "descripcion": null, "sector": "Portero de Noche", "grado1": "6b", "long1": null, "exp1": null, "grado2": null, "long2": null, "exp2": null, "grado3": null, "long3": null, "exp3": null, "grado4": null, "long4": null, "exp4": null, "grado5": null, "long5": null, "exp5": null, "modalidad": null, "variante": null, "Union": null }, "geometry": { "type": "MultiPoint", "coordinates": [ [ -2.132288685013092, 40.081318050119144 ] ] } },
{ "type": "Feature", "properties": { "fid": 43, "id": 42, "nombre": "Degomital", "descripcion": null, "sector": "Portero de Noche", "grado1": "6c", "long1": null, "exp1": null, "grado2": null, "long2": null, "exp2": null, "grado3": null, "long3": null, "exp3": null, "grado4": null, "long4": null, "exp4": null, "grado5": null, "long5": null, "exp5": null, "modalidad": null, "variante": null, "Union": null }, "geometry": { "type": "MultiPoint", "coordinates": [ [ -2.13226249564917, 40.081339001610282 ] ] } },
{ "type": "Feature", "properties": { "fid": 44, "id": 43, "nombre": "El aprendiz", "descripcion": null, "sector": "Portero de Noche", "grado1": "7b+", "long1": null, "exp1": null, "grado2": null, "long2": null, "exp2": null, "grado3": null, "long3": null, "exp3": null, "grado4": null, "long4": null, "exp4": null, "grado5": null, "long5": null, "exp5": null, "modalidad": null, "variante": null, "Union": null }, "geometry": { "type": "MultiPoint", "coordinates": [ [ -2.132231068412463, 40.081363881506007 ] ] } },
{ "type": "Feature", "properties": { "fid": 45, "id": 44, "nombre": "El infractor", "descripcion": null, "sector": "Portero de Noche", "grado1": null, "long1": null, "exp1": null, "grado2": null, "long2": null, "exp2": null, "grado3": null, "long3": null, "exp3": null, "grado4": null, "long4": null, "exp4": null, "grado5": null, "long5": null, "exp5": null, "modalidad": null, "variante": null, "Union": null }, "geometry": { "type": "MultiPoint", "coordinates": [ [ -2.132199641175757, 40.081378285656164 ] ] } },
{ "type": "Feature", "properties": { "fid": 46, "id": 45, "nombre": "Snorlax", "descripcion": null, "sector": "Portero de Noche", "grado1": "7b", "long1": null, "exp1": null, "grado2": null, "long2": null, "exp2": null, "grado3": null, "long3": null, "exp3": null, "grado4": null, "long4": null, "exp4": null, "grado5": null, "long5": null, "exp5": null, "modalidad": null, "variante": null, "Union": null }, "geometry": { "type": "MultiPoint", "coordinates": [ [ -2.132174761280031, 40.081401856083694 ] ] } },
{ "type": "Feature", "properties": { "fid": 47, "id": 46, "nombre": "Cariño, que sustito", "descripcion": "Comparte inicio con \"La remolona\"", "sector": "Portero de Noche", "grado1": "5+", "long1": null, "exp1": null, "grado2": null, "long2": null, "exp2": null, "grado3": null, "long3": null, "exp3": null, "grado4": null, "long4": null, "exp4": null, "grado5": null, "long5": null, "exp5": null, "modalidad": null, "variante": "SI", "Union": "46_47" }, "geometry": { "type": "MultiPoint", "coordinates": [ [ -2.132148571916109, 40.081425426511224 ] ] } },
{ "type": "Feature", "properties": { "fid": 48, "id": 47, "nombre": "La remolona", "descripcion": "Comparte inicio con \"Cariño, que sustito\"", "sector": "Portero de Noche", "grado1": "7a+", "long1": null, "exp1": null, "grado2": null, "long2": null, "exp2": null, "grado3": null, "long3": null, "exp3": null, "grado4": null, "long4": null, "exp4": null, "grado5": null, "long5": null, "exp5": null, "modalidad": null, "variante": "SI", "Union": "46_47" }, "geometry": { "type": "MultiPoint", "coordinates": [ [ -2.132122382552187, 40.081448996938754 ] ] } },
{ "type": "Feature", "properties": { "fid": 49, "id": 48, "nombre": "Cuando aprieta el frío", "descripcion": "Diedro", "sector": "Portero de Noche", "grado1": "6b", "long1": null, "exp1": null, "grado2": null, "long2": null, "exp2": null, "grado3": null, "long3": null, "exp3": null, "grado4": null, "long4": null, "exp4": null, "grado5": null, "long5": null, "exp5": null, "modalidad": null, "variante": null, "Union": null }, "geometry": { "type": "MultiPoint", "coordinates": [ [ -2.132100121592853, 40.081467329493499 ] ] } },
{ "type": "Feature", "properties": { "fid": 50, "id": 49, "nombre": "Aviva vox", "descripcion": "Fisura", "sector": "Portero de Noche", "grado1": "6b+", "long1": null, "exp1": null, "grado2": null, "long2": null, "exp2": null, "grado3": null, "long3": null, "exp3": null, "grado4": null, "long4": null, "exp4": null, "grado5": null, "long5": null, "exp5": null, "modalidad": null, "variante": null, "Union": null }, "geometry": { "type": "MultiPoint", "coordinates": [ [ -2.132073932228931, 40.081489590452833 ] ] } },
{ "type": "Feature", "properties": { "fid": 51, "id": 50, "nombre": "El cagarrín y el desmemoriao", "descripcion": "Tiene 2 largos", "sector": "Portero de Noche", "grado1": "6c", "long1": null, "exp1": null, "grado2": "8a", "long2": null, "exp2": null, "grado3": null, "long3": null, "exp3": null, "grado4": null, "long4": null, "exp4": null, "grado5": null, "long5": null, "exp5": null, "modalidad": "Multilargo", "variante": null, "Union": null }, "geometry": { "type": "MultiPoint", "coordinates": [ [ -2.132049052333206, 40.081509232475774 ] ] } },
{ "type": "Feature", "properties": { "fid": 52, "id": 51, "nombre": "El último mohicano", "descripcion": "Fisura y diedro", "sector": "Portero de Noche", "grado1": "6b", "long1": null, "exp1": null, "grado2": null, "long2": null, "exp2": null, "grado3": null, "long3": null, "exp3": null, "grado4": null, "long4": null, "exp4": null, "grado5": null, "long5": null, "exp5": null, "modalidad": null, "variante": null, "Union": null }, "geometry": { "type": "MultiPoint", "coordinates": [ [ -2.13200400662726, 40.081549357338069 ] ] } },
{ "type": "Feature", "properties": { "fid": 53, "id": 52, "nombre": "Indigente intelectual", "descripcion": null, "sector": "Portero de Noche", "grado1": "7a", "long1": null, "exp1": null, "grado2": null, "long2": null, "exp2": null, "grado3": null, "long3": null, "exp3": null, "grado4": null, "long4": null, "exp4": null, "grado5": null, "long5": null, "exp5": null, "modalidad": null, "variante": null, "Union": null }, "geometry": { "type": "MultiPoint", "coordinates": [ [ -2.131981070258015, 40.081563692568849 ] ] } },
{ "type": "Feature", "properties": { "fid": 54, "id": 53, "nombre": "Yayo avengers", "descripcion": null, "sector": "Portero de Noche", "grado1": "6b+", "long1": null, "exp1": null, "grado2": null, "long2": null, "exp2": null, "grado3": null, "long3": null, "exp3": null, "grado4": null, "long4": null, "exp4": null, "grado5": null, "long5": null, "exp5": null, "modalidad": null, "variante": null, "Union": null }, "geometry": { "type": "MultiPoint", "coordinates": [ [ -2.131956700365691, 40.08158232836886 ] ] } },
{ "type": "Feature", "properties": { "fid": 55, "id": 54, "nombre": "Víctor toroporn", "descripcion": null, "sector": "Portero de Noche", "grado1": "6c", "long1": 27, "exp1": 13, "grado2": null, "long2": null, "exp2": null, "grado3": null, "long3": null, "exp3": null, "grado4": null, "long4": null, "exp4": null, "grado5": null, "long5": null, "exp5": null, "modalidad": null, "variante": null, "Union": null }, "geometry": { "type": "MultiPoint", "coordinates": [ [ -2.131926596381057, 40.081605264738108 ] ] } },
{ "type": "Feature", "properties": { "fid": 56, "id": 56, "nombre": "Mierdolito", "descripcion": null, "sector": "Portero de Noche", "grado1": "6b+", "long1": null, "exp1": null, "grado2": null, "long2": null, "exp2": null, "grado3": null, "long3": null, "exp3": null, "grado4": null, "long4": null, "exp4": null, "grado5": null, "long5": null, "exp5": null, "modalidad": null, "variante": null, "Union": null }, "geometry": { "type": "MultiPoint", "coordinates": [ [ -2.131872656040731, 40.08164314595691 ] ] } },
{ "type": "Feature", "properties": { "fid": 57, "id": 57, "nombre": "Merengue", "descripcion": null, "sector": "Portero de Noche", "grado1": "6c", "long1": null, "exp1": null, "grado2": null, "long2": null, "exp2": null, "grado3": null, "long3": null, "exp3": null, "grado4": null, "long4": null, "exp4": null, "grado5": null, "long5": null, "exp5": null, "modalidad": null, "variante": null, "Union": null }, "geometry": { "type": "MultiPoint", "coordinates": [ [ -2.131854648147522, 40.081656651876813 ] ] } },
{ "type": "Feature", "properties": { "fid": 58, "id": 58, "nombre": "Jaaputa", "descripcion": null, "sector": "Portero de Noche", "grado1": "7a", "long1": null, "exp1": null, "grado2": null, "long2": null, "exp2": null, "grado3": null, "long3": null, "exp3": null, "grado4": null, "long4": null, "exp4": null, "grado5": null, "long5": null, "exp5": null, "modalidad": null, "variante": null, "Union": null }, "geometry": { "type": "MultiPoint", "coordinates": [ [ -2.131830637623243, 40.081677661085557 ] ] } },
{ "type": "Feature", "properties": { "fid": 59, "id": 59, "nombre": "Portero de Noche", "descripcion": "Extendida. Tiene otra reunión más arriba. Sube el grado a 7a", "sector": "Portero de Noche", "grado1": "6c", "long1": null, "exp1": null, "grado2": null, "long2": null, "exp2": null, "grado3": null, "long3": null, "exp3": null, "grado4": null, "long4": null, "exp4": null, "grado5": null, "long5": null, "exp5": null, "modalidad": null, "variante": null, "Union": null }, "geometry": { "type": "MultiPoint", "coordinates": [ [ -2.131805126441196, 40.081704672925369 ] ] } },
{ "type": "Feature", "properties": { "fid": 60, "id": 60, "nombre": "La rosa y la serpiente", "descripcion": null, "sector": "Portero de Noche", "grado1": "7a", "long1": null, "exp1": null, "grado2": null, "long2": null, "exp2": null, "grado3": null, "long3": null, "exp3": null, "grado4": null, "long4": null, "exp4": null, "grado5": null, "long5": null, "exp5": null, "modalidad": null, "variante": null, "Union": null }, "geometry": { "type": "MultiPoint", "coordinates": [ [ -2.131782616574685, 40.081725682134113 ] ] } },
{ "type": "Feature", "properties": { "fid": 61, "id": 61, "nombre": "Cuéncame tus penas", "descripcion": null, "sector": "Portero de Noche", "grado1": "7a", "long1": null, "exp1": null, "grado2": null, "long2": null, "exp2": null, "grado3": null, "long3": null, "exp3": null, "grado4": null, "long4": null, "exp4": null, "grado5": null, "long5": null, "exp5": null, "modalidad": null, "variante": null, "Union": null }, "geometry": { "type": "MultiPoint", "coordinates": [ [ -2.131762522240632, 40.08174761279939 ] ] } },
{ "type": "Feature", "properties": { "fid": 62, "id": 62, "nombre": "Los criados del senseis", "descripcion": "Diedro", "sector": "Portero de Noche", "grado1": "7b", "long1": null, "exp1": null, "grado2": null, "long2": null, "exp2": null, "grado3": null, "long3": null, "exp3": null, "grado4": null, "long4": null, "exp4": null, "grado5": null, "long5": null, "exp5": null, "modalidad": null, "variante": null, "Union": null }, "geometry": { "type": "MultiPoint", "coordinates": [ [ -2.131733851779076, 40.081768319243849 ] ] } },
{ "type": "Feature", "properties": { "fid": 63, "id": 63, "nombre": "La mala educación", "descripcion": null, "sector": "Portero de Noche", "grado1": "7c+", "long1": null, "exp1": null, "grado2": null, "long2": null, "exp2": null, "grado3": null, "long3": null, "exp3": null, "grado4": null, "long4": null, "exp4": null, "grado5": null, "long5": null, "exp5": null, "modalidad": null, "variante": null, "Union": null }, "geometry": { "type": "MultiPoint", "coordinates": [ [ -2.131701995710679, 40.081793804098567 ] ] } },
{ "type": "Feature", "properties": { "fid": 64, "id": 64, "nombre": "Carmen", "descripcion": null, "sector": "Portero de Noche", "grado1": "8a", "long1": null, "exp1": null, "grado2": null, "long2": null, "exp2": null, "grado3": null, "long3": null, "exp3": null, "grado4": null, "long4": null, "exp4": null, "grado5": null, "long5": null, "exp5": null, "modalidad": null, "variante": null, "Union": null }, "geometry": { "type": "MultiPoint", "coordinates": [ [ -2.131673325249123, 40.081819288953284 ] ] } },
{ "type": "Feature", "properties": { "fid": 65, "id": 65, "nombre": "Bufa la gata", "descripcion": null, "sector": "Portero de Noche", "grado1": "8a", "long1": null, "exp1": null, "grado2": null, "long2": null, "exp2": null, "grado3": null, "long3": null, "exp3": null, "grado4": null, "long4": null, "exp4": null, "grado5": null, "long5": null, "exp5": null, "modalidad": null, "variante": null, "Union": null }, "geometry": { "type": "MultiPoint", "coordinates": [ [ -2.131651026001245, 40.081839995397743 ] ] } },
{ "type": "Feature", "properties": { "fid": 66, "id": 66, "nombre": "Posible misión", "descripcion": null, "sector": "Portero de Noche", "grado1": "8b", "long1": null, "exp1": null, "grado2": null, "long2": null, "exp2": null, "grado3": null, "long3": null, "exp3": null, "grado4": null, "long4": null, "exp4": null, "grado5": null, "long5": null, "exp5": null, "modalidad": null, "variante": null, "Union": null }, "geometry": { "type": "MultiPoint", "coordinates": [ [ -2.131619169932849, 40.081870258662718 ] ] } },
{ "type": "Feature", "properties": { "fid": 67, "id": 67, "nombre": "Posible lesión", "descripcion": "Tiene 2 largos", "sector": "Portero de Noche", "grado1": "8a+", "long1": null, "exp1": null, "grado2": "7a+", "long2": null, "exp2": null, "grado3": null, "long3": null, "exp3": null, "grado4": null, "long4": null, "exp4": null, "grado5": null, "long5": null, "exp5": null, "modalidad": "Multilargo", "variante": null, "Union": null }, "geometry": { "type": "MultiPoint", "coordinates": [ [ -2.131592092274712, 40.081894150714014 ] ] } },
{ "type": "Feature", "properties": { "fid": 68, "id": 68, "nombre": "Meconio", "descripcion": null, "sector": "Portero de Noche", "grado1": "8b", "long1": null, "exp1": null, "grado2": null, "long2": null, "exp2": null, "grado3": null, "long3": null, "exp3": null, "grado4": null, "long4": null, "exp4": null, "grado5": null, "long5": null, "exp5": null, "modalidad": null, "variante": null, "Union": null }, "geometry": { "type": "MultiPoint", "coordinates": [ [ -2.131571385830255, 40.081921228372153 ] ] } },
{ "type": "Feature", "properties": { "fid": 69, "id": 69, "nombre": "Hora de aventuras", "descripcion": null, "sector": "Portero de Noche", "grado1": "8c", "long1": null, "exp1": null, "grado2": null, "long2": null, "exp2": null, "grado3": null, "long3": null, "exp3": null, "grado4": null, "long4": null, "exp4": null, "grado5": null, "long5": null, "exp5": null, "modalidad": null, "variante": null, "Union": null }, "geometry": { "type": "MultiPoint", "coordinates": [ [ -2.131549086582377, 40.081941934816612 ] ] } },
{ "type": "Feature", "properties": { "fid": 70, "id": 70, "nombre": "Gran maharajá", "descripcion": null, "sector": "Portero de Noche", "grado1": "8c", "long1": null, "exp1": null, "grado2": null, "long2": null, "exp2": null, "grado3": null, "long3": null, "exp3": null, "grado4": null, "long4": null, "exp4": null, "grado5": null, "long5": null, "exp5": null, "modalidad": null, "variante": null, "Union": null }, "geometry": { "type": "MultiPoint", "coordinates": [ [ -2.13152200892424, 40.081965826867908 ] ] } },
{ "type": "Feature", "properties": { "fid": 71, "id": 71, "nombre": "Spectrum", "descripcion": null, "sector": "Portero de Noche", "grado1": "7c+", "long1": null, "exp1": null, "grado2": null, "long2": null, "exp2": null, "grado3": null, "long3": null, "exp3": null, "grado4": null, "long4": null, "exp4": null, "grado5": null, "long5": null, "exp5": null, "modalidad": null, "variante": null, "Union": null }, "geometry": { "type": "MultiPoint", "coordinates": [ [ -2.131493338462684, 40.081992904526047 ] ] } },
{ "type": "Feature", "properties": { "fid": 72, "id": 72, "nombre": "Gato cósmico", "descripcion": "Tiene 2 largos", "sector": "Portero de Noche", "grado1": "7c+", "long1": null, "exp1": null, "grado2": "7b", "long2": null, "exp2": null, "grado3": null, "long3": null, "exp3": null, "grado4": null, "long4": null, "exp4": null, "grado5": null, "long5": null, "exp5": null, "modalidad": "Multilargo", "variante": null, "Union": null }, "geometry": { "type": "MultiPoint", "coordinates": [ [ -2.131475021223356, 40.08201042536367 ] ] } },
{ "type": "Feature", "properties": { "fid": 73, "id": 73, "nombre": "Gangalanga", "descripcion": null, "sector": "Portero de Noche", "grado1": "7b+", "long1": null, "exp1": null, "grado2": null, "long2": null, "exp2": null, "grado3": null, "long3": null, "exp3": null, "grado4": null, "long4": null, "exp4": null, "grado5": null, "long5": null, "exp5": null, "modalidad": null, "variante": null, "Union": null }, "geometry": { "type": "MultiPoint", "coordinates": [ [ -2.131459390579669, 40.082027553040938 ] ] } },
{ "type": "Feature", "properties": { "fid": 74, "id": 74, "nombre": "Redes antisociales", "descripcion": null, "sector": "Portero de Noche", "grado1": "7b+", "long1": null, "exp1": null, "grado2": null, "long2": null, "exp2": null, "grado3": null, "long3": null, "exp3": null, "grado4": null, "long4": null, "exp4": null, "grado5": null, "long5": null, "exp5": null, "modalidad": null, "variante": null, "Union": null }, "geometry": { "type": "MultiPoint", "coordinates": [ [ -2.131439853535191, 40.082048239323328 ] ] } },
{ "type": "Feature", "properties": { "fid": 75, "id": 75, "nombre": "El acucharao", "descripcion": null, "sector": "Portero de Noche", "grado1": "6c+", "long1": null, "exp1": null, "grado2": null, "long2": null, "exp2": null, "grado3": null, "long3": null, "exp3": null, "grado4": null, "long4": null, "exp4": null, "grado5": null, "long5": null, "exp5": null, "modalidad": null, "variante": null, "Union": null }, "geometry": { "type": "MultiPoint", "coordinates": [ [ -2.131422614966533, 40.082064328654077 ] ] } },
{ "type": "Feature", "properties": { "fid": 76, "id": 76, "nombre": "Ez pasatu", "descripcion": null, "sector": "Portero de Noche", "grado1": "8a+", "long1": null, "exp1": null, "grado2": null, "long2": null, "exp2": null, "grado3": null, "long3": null, "exp3": null, "grado4": null, "long4": null, "exp4": null, "grado5": null, "long5": null, "exp5": null, "modalidad": null, "variante": null, "Union": null }, "geometry": { "type": "MultiPoint", "coordinates": [ [ -2.131392734780861, 40.082099955029292 ] ] } },
{ "type": "Feature", "properties": { "fid": 77, "id": 77, "nombre": "Volved a las cloacas", "descripcion": null, "sector": "Portero de Noche", "grado1": "8a+", "long1": null, "exp1": null, "grado2": null, "long2": null, "exp2": null, "grado3": null, "long3": null, "exp3": null, "grado4": null, "long4": null, "exp4": null, "grado5": null, "long5": null, "exp5": null, "modalidad": null, "variante": null, "Union": null }, "geometry": { "type": "MultiPoint", "coordinates": [ [ -2.131378943925935, 40.082120641311683 ] ] } },
{ "type": "Feature", "properties": { "fid": 78, "id": 78, "nombre": "Impuesto revolucionario", "descripcion": null, "sector": "Portero de Noche", "grado1": "8a", "long1": null, "exp1": null, "grado2": null, "long2": null, "exp2": null, "grado3": null, "long3": null, "exp3": null, "grado4": null, "long4": null, "exp4": null, "grado5": null, "long5": null, "exp5": null, "modalidad": null, "variante": null, "Union": null }, "geometry": { "type": "MultiPoint", "coordinates": [ [ -2.131358257643545, 40.082155118448995 ] ] } },
{ "type": "Feature", "properties": { "fid": 79, "id": 79, "nombre": "Cómplices del mal", "descripcion": null, "sector": "Portero de Noche", "grado1": "8a+", "long1": null, "exp1": null, "grado2": null, "long2": null, "exp2": null, "grado3": null, "long3": null, "exp3": null, "grado4": null, "long4": null, "exp4": null, "grado5": null, "long5": null, "exp5": null, "modalidad": null, "variante": null, "Union": null }, "geometry": { "type": "MultiPoint", "coordinates": [ [ -2.131349063740261, 40.082175804731385 ] ] } },
{ "type": "Feature", "properties": { "fid": 80, "id": 80, "nombre": "#Hombroroto", "descripcion": null, "sector": "Portero de Noche", "grado1": "7c", "long1": null, "exp1": null, "grado2": null, "long2": null, "exp2": null, "grado3": null, "long3": null, "exp3": null, "grado4": null, "long4": null, "exp4": null, "grado5": null, "long5": null, "exp5": null, "modalidad": null, "variante": null, "Union": null }, "geometry": { "type": "MultiPoint", "coordinates": [ [ -2.131332974409514, 40.082202237203326 ] ] } },
{ "type": "Feature", "properties": { "fid": 81, "id": 81, "nombre": "Los Tatos", "descripcion": "Comparte inicio con \"Mano rota\". Después del techo va por la izquierda", "sector": "Portero de Noche", "grado1": "8a", "long1": null, "exp1": null, "grado2": null, "long2": null, "exp2": null, "grado3": null, "long3": null, "exp3": null, "grado4": null, "long4": null, "exp4": null, "grado5": null, "long5": null, "exp5": null, "modalidad": null, "variante": "SI", "Union": "82_82" }, "geometry": { "type": "MultiPoint", "coordinates": [ [ -2.131319183554588, 40.082230968151087 ] ] } },
{ "type": "Feature", "properties": { "fid": 82, "id": 82, "nombre": null, "descripcion": "Comparte inicio con \"Los Tatos\". Después del techo va por la derecha", "sector": "Portero de Noche", "grado1": "8a", "long1": null, "exp1": null, "grado2": null, "long2": null, "exp2": null, "grado3": null, "long3": null, "exp3": null, "grado4": null, "long4": null, "exp4": null, "grado5": null, "long5": null, "exp5": null, "modalidad": null, "variante": "SI", "Union": "81_82" }, "geometry": { "type": "MultiPoint", "coordinates": [ [ -2.131309989651304, 40.082248206719747 ] ] } },
{ "type": "Feature", "properties": { "fid": 83, "id": 83, "nombre": "Órdago", "descripcion": "Comparte inicio desde el murete de bloques apilado con \"Máquina total\"", "sector": "Portero de Noche", "grado1": "7c+", "long1": null, "exp1": null, "grado2": null, "long2": null, "exp2": null, "grado3": null, "long3": null, "exp3": null, "grado4": null, "long4": null, "exp4": null, "grado5": null, "long5": null, "exp5": null, "modalidad": null, "variante": null, "Union": "83_84" }, "geometry": { "type": "MultiPoint", "coordinates": [ [ -2.131075011924624, 40.082386316862902 ] ] } },
{ "type": "Feature", "properties": { "fid": 84, "id": 84, "nombre": "Máquina total", "descripcion": "Comparte inicio desde el murete de bloques apilado con \"Órdago\"", "sector": "Portero de Noche", "grado1": "7c+", "long1": null, "exp1": null, "grado2": null, "long2": null, "exp2": null, "grado3": null, "long3": null, "exp3": null, "grado4": null, "long4": null, "exp4": null, "grado5": null, "long5": null, "exp5": null, "modalidad": null, "variante": null, "Union": "83_84" }, "geometry": { "type": "MultiPoint", "coordinates": [ [ -2.131058150962709, 40.082400583830676 ] ] } },
{ "type": "Feature", "properties": { "fid": 85, "id": 85, "nombre": "Lisa", "descripcion": null, "sector": "Portero de Noche", "grado1": null, "long1": null, "exp1": null, "grado2": null, "long2": null, "exp2": null, "grado3": null, "long3": null, "exp3": null, "grado4": null, "long4": null, "exp4": null, "grado5": null, "long5": null, "exp5": null, "modalidad": null, "variante": null, "Union": null }, "geometry": { "type": "MultiPoint", "coordinates": [ [ -2.131034805015442, 40.082420038786736 ] ] } },
{ "type": "Feature", "properties": { "fid": 86, "id": 86, "nombre": "Porteras de día", "descripcion": "Comparte inicio con \"El sitio de mi recreo\"", "sector": "Portero de Noche", "grado1": "7b+", "long1": 27, "exp1": null, "grado2": null, "long2": null, "exp2": null, "grado3": null, "long3": null, "exp3": null, "grado4": null, "long4": null, "exp4": null, "grado5": null, "long5": null, "exp5": null, "modalidad": null, "variante": null, "Union": "86_87" }, "geometry": { "type": "MultiPoint", "coordinates": [ [ -2.131016647056455, 40.08243949374279 ] ] } },
{ "type": "Feature", "properties": { "fid": 87, "id": 87, "nombre": "El sitio de mi recreo", "descripcion": "Comparte inicio con \"Porteras de día\"", "sector": "Portero de Noche", "grado1": "7b", "long1": null, "exp1": null, "grado2": null, "long2": null, "exp2": null, "grado3": null, "long3": null, "exp3": null, "grado4": null, "long4": null, "exp4": null, "grado5": null, "long5": null, "exp5": null, "modalidad": null, "variante": null, "Union": "86_87" }, "geometry": { "type": "MultiPoint", "coordinates": [ [ -2.13099848909747, 40.08246154269299 ] ] } },
{ "type": "Feature", "properties": { "fid": 88, "id": 88, "nombre": "Mala vida", "descripcion": null, "sector": "Portero de Noche", "grado1": "7b", "long1": null, "exp1": null, "grado2": null, "long2": null, "exp2": null, "grado3": null, "long3": null, "exp3": null, "grado4": null, "long4": null, "exp4": null, "grado5": null, "long5": null, "exp5": null, "modalidad": null, "variante": null, "Union": null }, "geometry": { "type": "MultiPoint", "coordinates": [ [ -2.13098410053622, 40.082484564390988 ] ] } },
{ "type": "Feature", "properties": { "fid": 89, "id": 89, "nombre": "Ser falocentrista me despista", "descripcion": null, "sector": "Portero de Noche", "grado1": "7c+", "long1": null, "exp1": null, "grado2": null, "long2": null, "exp2": null, "grado3": null, "long3": null, "exp3": null, "grado4": null, "long4": null, "exp4": null, "grado5": null, "long5": null, "exp5": null, "modalidad": null, "variante": null, "Union": null }, "geometry": { "type": "MultiPoint", "coordinates": [ [ -2.13096367283236, 40.082513503638125 ] ] } },
{ "type": "Feature", "properties": { "fid": 90, "id": 90, "nombre": "Flores en el desierto", "descripcion": null, "sector": "Portero de Noche", "grado1": "7b+", "long1": null, "exp1": null, "grado2": null, "long2": null, "exp2": null, "grado3": null, "long3": null, "exp3": null, "grado4": null, "long4": null, "exp4": null, "grado5": null, "long5": null, "exp5": null, "modalidad": null, "variante": null, "Union": null }, "geometry": { "type": "MultiPoint", "coordinates": [ [ -2.130939840511191, 40.082544145193907 ] ] } },
{ "type": "Feature", "properties": { "fid": 91, "id": 91, "nombre": "Ángel exterminador", "descripcion": null, "sector": "Portero de Noche", "grado1": "6c", "long1": null, "exp1": null, "grado2": null, "long2": null, "exp2": null, "grado3": null, "long3": null, "exp3": null, "grado4": null, "long4": null, "exp4": null, "grado5": null, "long5": null, "exp5": null, "modalidad": null, "variante": null, "Union": null }, "geometry": { "type": "MultiPoint", "coordinates": [ [ -2.130926222041952, 40.082567977515083 ] ] } },
{ "type": "Feature", "properties": { "fid": 92, "id": 92, "nombre": "Oasis", "descripcion": "Comienzo desde terraza", "sector": "Portero de Noche", "grado1": "7a", "long1": null, "exp1": null, "grado2": null, "long2": null, "exp2": null, "grado3": null, "long3": null, "exp3": null, "grado4": null, "long4": null, "exp4": null, "grado5": null, "long5": null, "exp5": null, "modalidad": null, "variante": null, "Union": null }, "geometry": { "type": "MultiPoint", "coordinates": [ [ -2.130747158983927, 40.082753896732029 ] ] } },
{ "type": "Feature", "properties": { "fid": 93, "id": 93, "nombre": "El 6c de Varo", "descripcion": "Comienzo desde terraza", "sector": "Portero de Noche", "grado1": "7a+", "long1": null, "exp1": null, "grado2": null, "long2": null, "exp2": null, "grado3": null, "long3": null, "exp3": null, "grado4": null, "long4": null, "exp4": null, "grado5": null, "long5": null, "exp5": null, "modalidad": null, "variante": null, "Union": null }, "geometry": { "type": "MultiPoint", "coordinates": [ [ -2.130696089724279, 40.082787942905128 ] ] } },
{ "type": "Feature", "properties": { "fid": 94, "id": 94, "nombre": "El rinconcito", "descripcion": "Comienzo desde terraza", "sector": "Portero de Noche", "grado1": "7c+", "long1": null, "exp1": null, "grado2": null, "long2": null, "exp2": null, "grado3": null, "long3": null, "exp3": null, "grado4": null, "long4": null, "exp4": null, "grado5": null, "long5": null, "exp5": null, "modalidad": null, "variante": null, "Union": null }, "geometry": { "type": "MultiPoint", "coordinates": [ [ -2.130655234316561, 40.082821989078226 ] ] } },
{ "type": "Feature", "properties": { "fid": 95, "id": 95, "nombre": "Pa los chavales", "descripcion": "Comienzo desde terraza", "sector": "Portero de Noche", "grado1": "7b", "long1": null, "exp1": null, "grado2": null, "long2": null, "exp2": null, "grado3": null, "long3": null, "exp3": null, "grado4": null, "long4": null, "exp4": null, "grado5": null, "long5": null, "exp5": null, "modalidad": null, "variante": null, "Union": null }, "geometry": { "type": "MultiPoint", "coordinates": [ [ -2.130607569674223, 40.082859439868635 ] ] } },
{ "type": "Feature", "properties": { "fid": 96, "id": 96, "nombre": "Jardín de la alegría", "descripcion": "Comienzo desde terraza", "sector": "Portero de Noche", "grado1": "6c", "long1": null, "exp1": null, "grado2": null, "long2": null, "exp2": null, "grado3": null, "long3": null, "exp3": null, "grado4": null, "long4": null, "exp4": null, "grado5": null, "long5": null, "exp5": null, "modalidad": null, "variante": null, "Union": null }, "geometry": { "type": "MultiPoint", "coordinates": [ [ -2.130573523501125, 40.082896890659043 ] ] } },
{ "type": "Feature", "properties": { "fid": 97, "id": 97, "nombre": "Glucodependientes", "descripcion": "Comienzo desde terraza", "sector": "Portero de Noche", "grado1": "6c", "long1": null, "exp1": null, "grado2": null, "long2": null, "exp2": null, "grado3": null, "long3": null, "exp3": null, "grado4": null, "long4": null, "exp4": null, "grado5": null, "long5": null, "exp5": null, "modalidad": null, "variante": null, "Union": null }, "geometry": { "type": "MultiPoint", "coordinates": [ [ -2.130546286562646, 40.082944555301381 ] ] } },
{ "type": "Feature", "properties": { "fid": 98, "id": 98, "nombre": "Abuela milagros", "descripcion": null, "sector": "Portero de Noche", "grado1": "6b+", "long1": null, "exp1": null, "grado2": null, "long2": null, "exp2": null, "grado3": null, "long3": null, "exp3": null, "grado4": null, "long4": null, "exp4": null, "grado5": null, "long5": null, "exp5": null, "modalidad": null, "variante": null, "Union": null }, "geometry": { "type": "MultiPoint", "coordinates": [ [ -2.130522454241477, 40.082970089931209 ] ] } },
{ "type": "Feature", "properties": { "fid": 99, "id": 99, "nombre": "Naida", "descripcion": null, "sector": "Portero de Noche", "grado1": "6b+", "long1": null, "exp1": null, "grado2": null, "long2": null, "exp2": null, "grado3": null, "long3": null, "exp3": null, "grado4": null, "long4": null, "exp4": null, "grado5": null, "long5": null, "exp5": null, "modalidad": null, "variante": null, "Union": null }, "geometry": { "type": "MultiPoint", "coordinates": [ [ -2.130498621920308, 40.082997326869688 ] ] } },
{ "type": "Feature", "properties": { "fid": 100, "id": 100, "nombre": "Iván", "descripcion": null, "sector": "Portero de Noche", "grado1": "6c+", "long1": null, "exp1": null, "grado2": null, "long2": null, "exp2": null, "grado3": null, "long3": null, "exp3": null, "grado4": null, "long4": null, "exp4": null, "grado5": null, "long5": null, "exp5": null, "modalidad": null, "variante": null, "Union": null }, "geometry": { "type": "MultiPoint", "coordinates": [ [ -2.130469682673174, 40.083017754573547 ] ] } },
{ "type": "Feature", "properties": { "fid": 101, "id": 101, "nombre": "Tío fantasma", "descripcion": "Comparte inicio y reunión con \"Ismaelillo\". Va por la variante de la izquierda", "sector": "Portero de Noche", "grado1": "6b+", "long1": null, "exp1": null, "grado2": null, "long2": null, "exp2": null, "grado3": null, "long3": null, "exp3": null, "grado4": null, "long4": null, "exp4": null, "grado5": null, "long5": null, "exp5": null, "modalidad": null, "variante": null, "Union": "101_102" }, "geometry": { "type": "MultiPoint", "coordinates": [ [ -2.130206197831561, 40.083287957041961 ] ] } },
{ "type": "Feature", "properties": { "fid": 102, "id": 102, "nombre": "Ismaelillo", "descripcion": "Comparte inicio y renunión con \"Tío fantasma\". Va por la variante de la derecha", "sector": "Portero de Noche", "grado1": "6b+", "long1": null, "exp1": null, "grado2": null, "long2": null, "exp2": null, "grado3": null, "long3": null, "exp3": null, "grado4": null, "long4": null, "exp4": null, "grado5": null, "long5": null, "exp5": null, "modalidad": null, "variante": null, "Union": "101_102" }, "geometry": { "type": "MultiPoint", "coordinates": [ [ -2.130166683102162, 40.083330294252029 ] ] } },
{ "type": "Feature", "properties": { "fid": 103, "id": 103, "nombre": "Fisura Víctor", "descripcion": null, "sector": "Portero de Noche", "grado1": "6b+", "long1": null, "exp1": null, "grado2": null, "long2": null, "exp2": null, "grado3": null, "long3": null, "exp3": null, "grado4": null, "long4": null, "exp4": null, "grado5": null, "long5": null, "exp5": null, "modalidad": null, "variante": null, "Union": null }, "geometry": { "type": "MultiPoint", "coordinates": [ [ -2.130127168372762, 40.083378276423446 ] ] } },
{ "type": "Feature", "properties": { "fid": 104, "id": 104, "nombre": "Xuca", "descripcion": null, "sector": "Portero de Noche", "grado1": "7c", "long1": null, "exp1": null, "grado2": null, "long2": null, "exp2": null, "grado3": null, "long3": null, "exp3": null, "grado4": null, "long4": null, "exp4": null, "grado5": null, "long5": null, "exp5": null, "modalidad": null, "variante": null, "Union": null }, "geometry": { "type": "MultiPoint", "coordinates": [ [ -2.130084831162692, 40.083431903556203 ] ] } },
{ "type": "Feature", "properties": { "fid": 105, "id": 105, "nombre": "Fuego en las piernas", "descripcion": null, "sector": "Portero de Noche", "grado1": "7b+", "long1": null, "exp1": null, "grado2": null, "long2": null, "exp2": null, "grado3": null, "long3": null, "exp3": null, "grado4": null, "long4": null, "exp4": null, "grado5": null, "long5": null, "exp5": null, "modalidad": null, "variante": null, "Union": null }, "geometry": { "type": "MultiPoint", "coordinates": [ [ -2.130039671471949, 40.083482708208287 ] ] } },
{ "type": "Feature", "properties": { "fid": 106, "id": 106, "nombre": "Peter Pan", "descripcion": null, "sector": "Portero de Noche", "grado1": "7b+", "long1": null, "exp1": null, "grado2": null, "long2": null, "exp2": null, "grado3": null, "long3": null, "exp3": null, "grado4": null, "long4": null, "exp4": null, "grado5": null, "long5": null, "exp5": null, "modalidad": null, "variante": null, "Union": null }, "geometry": { "type": "MultiPoint", "coordinates": [ [ -2.130005801703893, 40.083539157821711 ] ] } },
{ "type": "Feature", "properties": { "fid": 107, "id": 107, "nombre": "Campanilla", "descripcion": null, "sector": "Portero de Noche", "grado1": "7b+", "long1": null, "exp1": null, "grado2": null, "long2": null, "exp2": null, "grado3": null, "long3": null, "exp3": null, "grado4": null, "long4": null, "exp4": null, "grado5": null, "long5": null, "exp5": null, "modalidad": null, "variante": null, "Union": null }, "geometry": { "type": "MultiPoint", "coordinates": [ [ -2.129974754416508, 40.083584317512454 ] ] } },
{ "type": "Feature", "properties": { "fid": 108, "id": 108, "nombre": "Los niños mutantes", "descripcion": null, "sector": "Portero de Noche", "grado1": "8a+", "long1": null, "exp1": null, "grado2": null, "long2": null, "exp2": null, "grado3": null, "long3": null, "exp3": null, "grado4": null, "long4": null, "exp4": null, "grado5": null, "long5": null, "exp5": null, "modalidad": null, "variante": null, "Union": null }, "geometry": { "type": "MultiPoint", "coordinates": [ [ -2.129892009286952, 40.08378198643306 ] ] } },
{ "type": "Feature", "properties": { "fid": 109, "id": 109, "nombre": "Chica olímpica", "descripcion": null, "sector": "Portero de Noche", "grado1": "8a", "long1": null, "exp1": null, "grado2": null, "long2": null, "exp2": null, "grado3": null, "long3": null, "exp3": null, "grado4": null, "long4": null, "exp4": null, "grado5": null, "long5": null, "exp5": null, "modalidad": null, "variante": null, "Union": null }, "geometry": { "type": "MultiPoint", "coordinates": [ [ -2.129869024528742, 40.083841746804403 ] ] } },
{ "type": "Feature", "properties": { "fid": 110, "id": 110, "nombre": "Cuestión de bloqueo", "descripcion": null, "sector": "Portero de Noche", "grado1": "8a", "long1": null, "exp1": null, "grado2": null, "long2": null, "exp2": null, "grado3": null, "long3": null, "exp3": null, "grado4": null, "long4": null, "exp4": null, "grado5": null, "long5": null, "exp5": null, "modalidad": null, "variante": null, "Union": null }, "geometry": { "type": "MultiPoint", "coordinates": [ [ -2.129836845867248, 40.083906104127394 ] ] } },
{ "type": "Feature", "properties": { "fid": 111, "id": 111, "nombre": "Tú vía, mi vía", "descripcion": "Comparte inicio con \"Lazy lizard\". Va por la izquierda", "sector": "Portero de Noche", "grado1": "7c", "long1": null, "exp1": null, "grado2": null, "long2": null, "exp2": null, "grado3": null, "long3": null, "exp3": null, "grado4": null, "long4": null, "exp4": null, "grado5": null, "long5": null, "exp5": null, "modalidad": null, "variante": null, "Union": "111_112" }, "geometry": { "type": "MultiPoint", "coordinates": [ [ -2.129804667205754, 40.083979655353666 ] ] } },
{ "type": "Feature", "properties": { "fid": 112, "id": 112, "nombre": "Lazy lizard", "descripcion": "Comparte inicio con \"Tú vía, mi vía\". Va por la derecha", "sector": "Portero de Noche", "grado1": "7b", "long1": null, "exp1": null, "grado2": null, "long2": null, "exp2": null, "grado3": null, "long3": null, "exp3": null, "grado4": null, "long4": null, "exp4": null, "grado5": null, "long5": null, "exp5": null, "modalidad": null, "variante": null, "Union": "111_112" }, "geometry": { "type": "MultiPoint", "coordinates": [ [ -2.129786279399186, 40.084053206579931 ] ] } },
{ "type": "Feature", "properties": { "fid": 113, "id": 113, "nombre": "Fisura Paloma", "descripcion": null, "sector": "Portero de Noche", "grado1": "7b", "long1": null, "exp1": null, "grado2": null, "long2": null, "exp2": null, "grado3": null, "long3": null, "exp3": null, "grado4": null, "long4": null, "exp4": null, "grado5": null, "long5": null, "exp5": null, "modalidad": null, "variante": null, "Union": null }, "geometry": { "type": "MultiPoint", "coordinates": [ [ -2.129758697689334, 40.084135951709492 ] ] } },
{ "type": "Feature", "properties": { "fid": 114, "id": 114, "nombre": "Mierda de ciudad", "descripcion": "Comparte inicio con \"Puta BQ\" y \"Recontraputísima BQ\". Va por la izquierda", "sector": "Portero de Noche", "grado1": null, "long1": null, "exp1": null, "grado2": null, "long2": null, "exp2": null, "grado3": null, "long3": null, "exp3": null, "grado4": null, "long4": null, "exp4": null, "grado5": null, "long5": null, "exp5": null, "modalidad": null, "variante": null, "Union": "114_115_116" }, "geometry": { "type": "MultiPoint", "coordinates": [ [ -2.129661430371636, 40.084281939749509 ] ] } },
{ "type": "Feature", "properties": { "fid": 115, "id": 115, "nombre": "Puta BQ", "descripcion": "Comparte inicio con \"Mierda de ciudad\" y \"Recontraputísima BQ\". Va por el centro", "sector": "Portero de Noche", "grado1": null, "long1": null, "exp1": null, "grado2": null, "long2": null, "exp2": null, "grado3": null, "long3": null, "exp3": null, "grado4": null, "long4": null, "exp4": null, "grado5": null, "long5": null, "exp5": null, "modalidad": null, "variante": null, "Union": "114_115_116" }, "geometry": { "type": "MultiPoint", "coordinates": [ [ -2.129661430371636, 40.084360087927422 ] ] } },
{ "type": "Feature", "properties": { "fid": 116, "id": 116, "nombre": "Recontraputísima BQ", "descripcion": "Comparte inicio con \"Mierda de ciudad\" y \"Puta BQ\". Va por la derecha", "sector": "Portero de Noche", "grado1": null, "long1": null, "exp1": null, "grado2": null, "long2": null, "exp2": null, "grado3": null, "long3": null, "exp3": null, "grado4": null, "long4": null, "exp4": null, "grado5": null, "long5": null, "exp5": null, "modalidad": null, "variante": null, "Union": "114_115_116" }, "geometry": { "type": "MultiPoint", "coordinates": [ [ -2.12964763951671, 40.084442833056983 ] ] } },
{ "type": "Feature", "properties": { "fid": 117, "id": 117, "nombre": "Madrid no duerme", "descripcion": "Comparte inicio con \"Matador\". Va por la derecha", "sector": "Portero de Noche", "grado1": null, "long1": null, "exp1": null, "grado2": null, "long2": null, "exp2": null, "grado3": null, "long3": null, "exp3": null, "grado4": null, "long4": null, "exp4": null, "grado5": null, "long5": null, "exp5": null, "modalidad": null, "variante": "SI", "Union": "117_147" }, "geometry": { "type": "MultiPoint", "coordinates": [ [ -2.129638095075557, 40.08452617222931 ] ] } },
{ "type": "Feature", "properties": { "fid": 118, "id": 118, "nombre": "Ondolight", "descripcion": "Comparte inicio con \"Auto de fé\". Va por la izquierda", "sector": "Portero de Noche", "grado1": "8a+", "long1": null, "exp1": null, "grado2": null, "long2": null, "exp2": null, "grado3": null, "long3": null, "exp3": null, "grado4": null, "long4": null, "exp4": null, "grado5": null, "long5": null, "exp5": null, "modalidad": null, "variante": null, "Union": "118_119" }, "geometry": { "type": "MultiPoint", "coordinates": [ [ -2.1296246547585, 40.084603726364449 ] ] } },
{ "type": "Feature", "properties": { "fid": 119, "id": 119, "nombre": "Auto de fé", "descripcion": "Comparte inicio con \"Ondolight\". Va por la derecha", "sector": "Portero de Noche", "grado1": "7b+", "long1": null, "exp1": null, "grado2": null, "long2": null, "exp2": null, "grado3": null, "long3": null, "exp3": null, "grado4": null, "long4": null, "exp4": null, "grado5": null, "long5": null, "exp5": null, "modalidad": null, "variante": null, "Union": "118_119" }, "geometry": { "type": "MultiPoint", "coordinates": [ [ -2.129615460855216, 40.084695665397291 ] ] } },
{ "type": "Feature", "properties": { "fid": 120, "id": 120, "nombre": "Pachón Navarro", "descripcion": "Comparte inicio con \"Nómadas del viento\". Va por la izquierda", "sector": "Portero de Noche", "grado1": "7b+", "long1": null, "exp1": null, "grado2": null, "long2": null, "exp2": null, "grado3": null, "long3": null, "exp3": null, "grado4": null, "long4": null, "exp4": null, "grado5": null, "long5": null, "exp5": null, "modalidad": null, "variante": null, "Union": "120_121" }, "geometry": { "type": "MultiPoint", "coordinates": [ [ -2.129723108719348, 40.084877229795289 ] ] } },
{ "type": "Feature", "properties": { "fid": 121, "id": 121, "nombre": "Nómadas del viento", "descripcion": "Comparte inicio con \"Pachón Navarro\". Va por la derecha", "sector": "Portero de Noche", "grado1": "7c", "long1": null, "exp1": null, "grado2": null, "long2": null, "exp2": null, "grado3": null, "long3": null, "exp3": null, "grado4": null, "long4": null, "exp4": null, "grado5": null, "long5": null, "exp5": null, "modalidad": null, "variante": null, "Union": "120_121" }, "geometry": { "type": "MultiPoint", "coordinates": [ [ -2.129745572173764, 40.084989547067366 ] ] } },
{ "type": "Feature", "properties": { "fid": 122, "id": 122, "nombre": "Hero or villains", "descripcion": null, "sector": "Portero de Noche", "grado1": "7b", "long1": null, "exp1": null, "grado2": null, "long2": null, "exp2": null, "grado3": null, "long3": null, "exp3": null, "grado4": null, "long4": null, "exp4": null, "grado5": null, "long5": null, "exp5": null, "modalidad": null, "variante": null, "Union": null }, "geometry": { "type": "MultiPoint", "coordinates": [ [ -2.129779267355387, 40.085062553294215 ] ] } },
{ "type": "Feature", "properties": { "fid": 123, "id": 123, "nombre": "Eevee", "descripcion": "Reunión debajo del techo", "sector": "Portero de Noche", "grado1": "6c", "long1": null, "exp1": null, "grado2": null, "long2": null, "exp2": null, "grado3": null, "long3": null, "exp3": null, "grado4": null, "long4": null, "exp4": null, "grado5": null, "long5": null, "exp5": null, "modalidad": null, "variante": null, "Union": null }, "geometry": { "type": "MultiPoint", "coordinates": [ [ -2.129801730809803, 40.085121519862064 ] ] } },
{ "type": "Feature", "properties": { "fid": 124, "id": 125, "nombre": "Dirty fingers", "descripcion": null, "sector": "Portero de Noche", "grado1": "6b+", "long1": null, "exp1": null, "grado2": null, "long2": null, "exp2": null, "grado3": null, "long3": null, "exp3": null, "grado4": null, "long4": null, "exp4": null, "grado5": null, "long5": null, "exp5": null, "modalidad": null, "variante": null, "Union": null }, "geometry": { "type": "MultiPoint", "coordinates": [ [ -2.129812962537011, 40.085180486429905 ] ] } },
{ "type": "Feature", "properties": { "fid": 125, "id": 126, "nombre": "En busca del canto perdido", "descripcion": null, "sector": "Portero de Noche", "grado1": "6c", "long1": null, "exp1": null, "grado2": null, "long2": null, "exp2": null, "grado3": null, "long3": null, "exp3": null, "grado4": null, "long4": null, "exp4": null, "grado5": null, "long5": null, "exp5": null, "modalidad": null, "variante": null, "Union": null }, "geometry": { "type": "MultiPoint", "coordinates": [ [ -2.129829810127823, 40.08523102920234 ] ] } },
{ "type": "Feature", "properties": { "fid": 126, "id": 127, "nombre": "El príncipe de blokear", "descripcion": null, "sector": "Portero de Noche", "grado1": "6c", "long1": null, "exp1": null, "grado2": null, "long2": null, "exp2": null, "grado3": null, "long3": null, "exp3": null, "grado4": null, "long4": null, "exp4": null, "grado5": null, "long5": null, "exp5": null, "modalidad": null, "variante": null, "Union": null }, "geometry": { "type": "MultiPoint", "coordinates": [ [ -2.129849465650436, 40.085281571974775 ] ] } },
{ "type": "Feature", "properties": { "fid": 127, "id": 128, "nombre": "La teta de la vida", "descripcion": null, "sector": "Portero de Noche", "grado1": "7a", "long1": null, "exp1": null, "grado2": null, "long2": null, "exp2": null, "grado3": null, "long3": null, "exp3": null, "grado4": null, "long4": null, "exp4": null, "grado5": null, "long5": null, "exp5": null, "modalidad": null, "variante": null, "Union": null }, "geometry": { "type": "MultiPoint", "coordinates": [ [ -2.129947465561777, 40.0855296840504 ] ] } },
{ "type": "Feature", "properties": { "fid": 128, "id": 124, "nombre": null, "descripcion": null, "sector": "Portero de Noche", "grado1": "6c", "long1": null, "exp1": null, "grado2": null, "long2": null, "exp2": null, "grado3": null, "long3": null, "exp3": null, "grado4": null, "long4": null, "exp4": null, "grado5": null, "long5": null, "exp5": null, "modalidad": null, "variante": null, "Union": null }, "geometry": { "type": "MultiPoint", "coordinates": [ [ -2.129865051209184, 40.085338723965123 ] ] } },
{ "type": "Feature", "properties": { "fid": 129, "id": 129, "nombre": "Arqueopterix", "descripcion": null, "sector": "Portero de Noche", "grado1": "7a+", "long1": null, "exp1": null, "grado2": null, "long2": null, "exp2": null, "grado3": null, "long3": null, "exp3": null, "grado4": null, "long4": null, "exp4": null, "grado5": null, "long5": null, "exp5": null, "modalidad": null, "variante": null, "Union": null }, "geometry": { "type": "MultiPoint", "coordinates": [ [ -2.129971972911732, 40.085589890217172 ] ] } },
{ "type": "Feature", "properties": { "fid": 130, "id": 130, "nombre": "Capitalismo barbarie", "descripcion": null, "sector": "Portero de Noche", "grado1": "7b+", "long1": null, "exp1": null, "grado2": null, "long2": null, "exp2": null, "grado3": null, "long3": null, "exp3": null, "grado4": null, "long4": null, "exp4": null, "grado5": null, "long5": null, "exp5": null, "modalidad": null, "variante": null, "Union": null }, "geometry": { "type": "MultiPoint", "coordinates": [ [ -2.129992724864859, 40.085633988117564 ] ] } },
{ "type": "Feature", "properties": { "fid": 131, "id": 131, "nombre": "Rumanboy", "descripcion": "Comparte inicio con \"Musculitos girl\". Va por la izquierda", "sector": "Portero de Noche", "grado1": "7a+", "long1": null, "exp1": null, "grado2": null, "long2": null, "exp2": null, "grado3": null, "long3": null, "exp3": null, "grado4": null, "long4": null, "exp4": null, "grado5": null, "long5": null, "exp5": null, "modalidad": null, "variante": "SI", "Union": "131_132" }, "geometry": { "type": "MultiPoint", "coordinates": [ [ -2.130023852794549, 40.085696243976948 ] ] } },
{ "type": "Feature", "properties": { "fid": 132, "id": 132, "nombre": "Musculitos girl", "descripcion": "Comparte inicio con \"Rumanboy\". Va por la derecha", "sector": "Portero de Noche", "grado1": "7a", "long1": null, "exp1": null, "grado2": null, "long2": null, "exp2": null, "grado3": null, "long3": null, "exp3": null, "grado4": null, "long4": null, "exp4": null, "grado5": null, "long5": null, "exp5": null, "modalidad": null, "variante": "SI", "Union": "131_132" }, "geometry": { "type": "MultiPoint", "coordinates": [ [ -2.130034228771112, 40.085758499836324 ] ] } },
{ "type": "Feature", "properties": { "fid": 133, "id": 133, "nombre": "Mundo inmundo", "descripcion": null, "sector": "Portero de Noche", "grado1": "7b+", "long1": null, "exp1": null, "grado2": null, "long2": null, "exp2": null, "grado3": null, "long3": null, "exp3": null, "grado4": null, "long4": null, "exp4": null, "grado5": null, "long5": null, "exp5": null, "modalidad": null, "variante": null, "Union": null }, "geometry": { "type": "MultiPoint", "coordinates": [ [ -2.130049792735957, 40.085818161701567 ] ] } },
{ "type": "Feature", "properties": { "fid": 134, "id": 134, "nombre": null, "descripcion": null, "sector": "Portero de Noche", "grado1": "7b", "long1": null, "exp1": null, "grado2": null, "long2": null, "exp2": null, "grado3": null, "long3": null, "exp3": null, "grado4": null, "long4": null, "exp4": null, "grado5": null, "long5": null, "exp5": null, "modalidad": null, "variante": null, "Union": null }, "geometry": { "type": "MultiPoint", "coordinates": [ [ -2.130062041612943, 40.085895523371669 ] ] } },
{ "type": "Feature", "properties": { "fid": 135, "id": 135, "nombre": null, "descripcion": null, "sector": "Portero de Noche", "grado1": "7a+", "long1": null, "exp1": null, "grado2": null, "long2": null, "exp2": null, "grado3": null, "long3": null, "exp3": null, "grado4": null, "long4": null, "exp4": null, "grado5": null, "long5": null, "exp5": null, "modalidad": null, "variante": null, "Union": null }, "geometry": { "type": "MultiPoint", "coordinates": [ [ -2.130114304373123, 40.086072412713818 ] ] } },
{ "type": "Feature", "properties": { "fid": 136, "id": 136, "nombre": "La grillera", "descripcion": null, "sector": "Portero de Noche", "grado1": "7a", "long1": null, "exp1": null, "grado2": null, "long2": null, "exp2": null, "grado3": null, "long3": null, "exp3": null, "grado4": null, "long4": null, "exp4": null, "grado5": null, "long5": null, "exp5": null, "modalidad": null, "variante": null, "Union": null }, "geometry": { "type": "MultiPoint", "coordinates": [ [ -2.130146466071696, 40.086144776535605 ] ] } },
{ "type": "Feature", "properties": { "fid": 137, "id": 137, "nombre": "Donde el fuego te lleve", "descripcion": null, "sector": "Portero de Noche", "grado1": "6b+", "long1": null, "exp1": null, "grado2": null, "long2": null, "exp2": null, "grado3": null, "long3": null, "exp3": null, "grado4": null, "long4": null, "exp4": null, "grado5": null, "long5": null, "exp5": null, "modalidad": null, "variante": null, "Union": null }, "geometry": { "type": "MultiPoint", "coordinates": [ [ -2.130174607557947, 40.086225180782037 ] ] } },
{ "type": "Feature", "properties": { "fid": 138, "id": 138, "nombre": "Parecía que sí", "descripcion": "Comparte inicio con \"Ni dudas ni rayaduras\". Va por la izquierda", "sector": "Portero de Noche", "grado1": "8a", "long1": null, "exp1": null, "grado2": null, "long2": null, "exp2": null, "grado3": null, "long3": null, "exp3": null, "grado4": null, "long4": null, "exp4": null, "grado5": null, "long5": null, "exp5": null, "modalidad": null, "variante": "SI", "Union": "138_139" }, "geometry": { "type": "MultiPoint", "coordinates": [ [ -2.130210789468841, 40.08630558502847 ] ] } },
{ "type": "Feature", "properties": { "fid": 139, "id": 139, "nombre": "Ni dudas ni rayaduras", "descripcion": "Comparte inicio con \"Parecía que sí\". Va por la izquierda", "sector": "Portero de Noche", "grado1": "7c+", "long1": null, "exp1": null, "grado2": null, "long2": null, "exp2": null, "grado3": null, "long3": null, "exp3": null, "grado4": null, "long4": null, "exp4": null, "grado5": null, "long5": null, "exp5": null, "modalidad": null, "variante": "SI", "Union": "138_139" }, "geometry": { "type": "MultiPoint", "coordinates": [ [ -2.130242951167414, 40.086377948850256 ] ] } },
{ "type": "Feature", "properties": { "fid": 140, "id": 140, "nombre": "Milagros", "descripcion": null, "sector": "Portero de Noche", "grado1": "7c+", "long1": null, "exp1": null, "grado2": null, "long2": null, "exp2": null, "grado3": null, "long3": null, "exp3": null, "grado4": null, "long4": null, "exp4": null, "grado5": null, "long5": null, "exp5": null, "modalidad": null, "variante": null, "Union": null }, "geometry": { "type": "MultiPoint", "coordinates": [ [ -2.130279133078309, 40.086470413733657 ] ] } },
{ "type": "Feature", "properties": { "fid": 141, "id": 141, "nombre": "Pakete metes", "descripcion": null, "sector": "Portero de Noche", "grado1": "7b+", "long1": null, "exp1": null, "grado2": null, "long2": null, "exp2": null, "grado3": null, "long3": null, "exp3": null, "grado4": null, "long4": null, "exp4": null, "grado5": null, "long5": null, "exp5": null, "modalidad": null, "variante": null, "Union": null }, "geometry": { "type": "MultiPoint", "coordinates": [ [ -2.13030727456456, 40.086542777555444 ] ] } },
{ "type": "Feature", "properties": { "fid": 142, "id": 142, "nombre": "Dramas y comedias", "descripcion": null, "sector": "Portero de Noche", "grado1": "7a+", "long1": null, "exp1": null, "grado2": null, "long2": null, "exp2": null, "grado3": null, "long3": null, "exp3": null, "grado4": null, "long4": null, "exp4": null, "grado5": null, "long5": null, "exp5": null, "modalidad": null, "variante": null, "Union": null }, "geometry": { "type": "MultiPoint", "coordinates": [ [ -2.130343456475454, 40.086619161589553 ] ] } },
{ "type": "Feature", "properties": { "fid": 143, "id": 143, "nombre": "Len", "descripcion": null, "sector": "Portero de Noche", "grado1": "7b+", "long1": null, "exp1": null, "grado2": null, "long2": null, "exp2": null, "grado3": null, "long3": null, "exp3": null, "grado4": null, "long4": null, "exp4": null, "grado5": null, "long5": null, "exp5": null, "modalidad": null, "variante": null, "Union": null }, "geometry": { "type": "MultiPoint", "coordinates": [ [ -2.130371597961705, 40.086691525411347 ] ] } },
{ "type": "Feature", "properties": { "fid": 144, "id": 144, "nombre": "Por ese culito lloro", "descripcion": null, "sector": "Juego de Bolos", "grado1": "7c", "long1": null, "exp1": null, "grado2": null, "long2": null, "exp2": null, "grado3": null, "long3": null, "exp3": null, "grado4": null, "long4": null, "exp4": null, "grado5": null, "long5": null, "exp5": null, "modalidad": null, "variante": null, "Union": null }, "geometry": { "type": "MultiPoint", "coordinates": [ [ -2.132264280746751, 40.080938018347162 ] ] } },
{ "type": "Feature", "properties": { "fid": 145, "id": 145, "nombre": "La gata Flora", "descripcion": null, "sector": "Portero de Noche", "grado1": "7c", "long1": null, "exp1": null, "grado2": null, "long2": null, "exp2": null, "grado3": null, "long3": null, "exp3": null, "grado4": null, "long4": null, "exp4": null, "grado5": null, "long5": null, "exp5": null, "modalidad": null, "variante": null, "Union": null }, "geometry": { "type": "MultiPoint", "coordinates": [ [ -2.129731636076393, 40.08418502269685 ] ] } },
{ "type": "Feature", "properties": { "fid": 146, "id": 146, "nombre": "Autoterapia", "descripcion": null, "sector": "Portero de Noche", "grado1": null, "long1": null, "exp1": null, "grado2": null, "long2": null, "exp2": null, "grado3": null, "long3": null, "exp3": null, "grado4": null, "long4": null, "exp4": null, "grado5": null, "long5": null, "exp5": null, "modalidad": null, "variante": null, "Union": null }, "geometry": { "type": "MultiPoint", "coordinates": [ [ -2.129693119193696, 40.08424004681499 ] ] } },
{ "type": "Feature", "properties": { "fid": 147, "id": 147, "nombre": "Matador", "descripcion": "Comparte inicio con \"Madrid no duerme\". Va por la izquierda", "sector": "Portero de Noche", "grado1": "8a", "long1": null, "exp1": null, "grado2": null, "long2": null, "exp2": null, "grado3": null, "long3": null, "exp3": null, "grado4": null, "long4": null, "exp4": null, "grado5": null, "long5": null, "exp5": null, "modalidad": null, "variante": "SI", "Union": "117_147" }, "geometry": { "type": "MultiPoint", "coordinates": [ [ -2.129640678525006, 40.08449117823222 ] ] } },
{ "type": "Feature", "properties": { "fid": 148, "id": 148, "nombre": "Clasificatoria 97", "descripcion": null, "sector": "Paulés", "grado1": "6c", "long1": null, "exp1": null, "grado2": null, "long2": null, "exp2": null, "grado3": null, "long3": null, "exp3": null, "grado4": null, "long4": null, "exp4": null, "grado5": null, "long5": null, "exp5": null, "modalidad": null, "variante": null, "Union": null }, "geometry": { "type": "MultiPoint", "coordinates": [ [ -2.126077240489947, 40.078175246688225 ] ] } },
{ "type": "Feature", "properties": { "fid": 149, "id": 149, "nombre": "¿Dónde vas, Abraham?", "descripcion": null, "sector": "Paulés", "grado1": "6b+", "long1": null, "exp1": null, "grado2": null, "long2": null, "exp2": null, "grado3": null, "long3": null, "exp3": null, "grado4": null, "long4": null, "exp4": null, "grado5": null, "long5": null, "exp5": null, "modalidad": null, "variante": null, "Union": null }, "geometry": { "type": "MultiPoint", "coordinates": [ [ -2.126072306261962, 40.078368249763479 ] ] } },
{ "type": "Feature", "properties": { "fid": 150, "id": 150, "nombre": "Protocolo", "descripcion": null, "sector": "Paulés", "grado1": "6c", "long1": null, "exp1": null, "grado2": null, "long2": null, "exp2": null, "grado3": null, "long3": null, "exp3": null, "grado4": null, "long4": null, "exp4": null, "grado5": null, "long5": null, "exp5": null, "modalidad": null, "variante": null, "Union": null }, "geometry": { "type": "MultiPoint", "coordinates": [ [ -2.126059148320668, 40.078439302646473 ] ] } },
{ "type": "Feature", "properties": { "fid": 151, "id": 151, "nombre": null, "descripcion": null, "sector": "Paulés", "grado1": "6c+", "long1": null, "exp1": null, "grado2": null, "long2": null, "exp2": null, "grado3": null, "long3": null, "exp3": null, "grado4": null, "long4": null, "exp4": null, "grado5": null, "long5": null, "exp5": null, "modalidad": null, "variante": null, "Union": null }, "geometry": { "type": "MultiPoint", "coordinates": [ [ -2.12605388514415, 40.078486671235119 ] ] } },
{ "type": "Feature", "properties": { "fid": 152, "id": 152, "nombre": "P80", "descripcion": null, "sector": "Paulés", "grado1": "6b+", "long1": null, "exp1": null, "grado2": null, "long2": null, "exp2": null, "grado3": null, "long3": null, "exp3": null, "grado4": null, "long4": null, "exp4": null, "grado5": null, "long5": null, "exp5": null, "modalidad": null, "variante": null, "Union": null }, "geometry": { "type": "MultiPoint", "coordinates": [ [ -2.126048621967632, 40.078534039823772 ] ] } },
{ "type": "Feature", "properties": { "fid": 153, "id": 153, "nombre": "Cruelia", "descripcion": "Comparte inicio con \"Las violentas lunas de Barsoom\". Va por la derecha", "sector": "Paulés", "grado1": "6c+", "long1": null, "exp1": null, "grado2": null, "long2": null, "exp2": null, "grado3": null, "long3": null, "exp3": null, "grado4": null, "long4": null, "exp4": null, "grado5": null, "long5": null, "exp5": null, "modalidad": null, "variante": "SI", "Union": "153_154" }, "geometry": { "type": "MultiPoint", "coordinates": [ [ -2.126045990379374, 40.07858930317721 ] ] } },
{ "type": "Feature", "properties": { "fid": 154, "id": 154, "nombre": "Las violentas lunas de Barsoom", "descripcion": "Comparte inicio con \"Cruelia\". Va por la izquierda", "sector": "Paulés", "grado1": "7a+", "long1": null, "exp1": null, "grado2": null, "long2": null, "exp2": null, "grado3": null, "long3": null, "exp3": null, "grado4": null, "long4": null, "exp4": null, "grado5": null, "long5": null, "exp5": null, "modalidad": null, "variante": "SI", "Union": "153_154" }, "geometry": { "type": "MultiPoint", "coordinates": [ [ -2.126038095614597, 40.078647198118908 ] ] } },
{ "type": "Feature", "properties": { "fid": 155, "id": 155, "nombre": "One to ten", "descripcion": null, "sector": "Paulés", "grado1": "7c", "long1": null, "exp1": null, "grado2": null, "long2": null, "exp2": null, "grado3": null, "long3": null, "exp3": null, "grado4": null, "long4": null, "exp4": null, "grado5": null, "long5": null, "exp5": null, "modalidad": null, "variante": null, "Union": null }, "geometry": { "type": "MultiPoint", "coordinates": [ [ -2.126035464026339, 40.078689303531043 ] ] } },
{ "type": "Feature", "properties": { "fid": 156, "id": 156, "nombre": "Septiembre negro", "descripcion": null, "sector": "Paulés", "grado1": "7c+", "long1": null, "exp1": null, "grado2": null, "long2": null, "exp2": null, "grado3": null, "long3": null, "exp3": null, "grado4": null, "long4": null, "exp4": null, "grado5": null, "long5": null, "exp5": null, "modalidad": null, "variante": null, "Union": null }, "geometry": { "type": "MultiPoint", "coordinates": [ [ -2.12603283243808, 40.078731408943185 ] ] } },
{ "type": "Feature", "properties": { "fid": 157, "id": 157, "nombre": "The gordon glandes", "descripcion": "Comparte reunión con \"Fistfucking miss España\"", "sector": "Paulés", "grado1": "7b+", "long1": null, "exp1": null, "grado2": null, "long2": null, "exp2": null, "grado3": null, "long3": null, "exp3": null, "grado4": null, "long4": null, "exp4": null, "grado5": null, "long5": null, "exp5": null, "modalidad": null, "variante": null, "Union": null }, "geometry": { "type": "MultiPoint", "coordinates": [ [ -2.121002185986311, 40.077527766249482 ] ] } },
{ "type": "Feature", "properties": { "fid": 158, "id": 158, "nombre": "Fistfucking miss España", "descripcion": "Comparte reunión con \"The gordon glandes\"", "sector": "Paulés", "grado1": "7c", "long1": null, "exp1": null, "grado2": null, "long2": null, "exp2": null, "grado3": null, "long3": null, "exp3": null, "grado4": null, "long4": null, "exp4": null, "grado5": null, "long5": null, "exp5": null, "modalidad": null, "variante": null, "Union": null }, "geometry": { "type": "MultiPoint", "coordinates": [ [ -2.121026370608116, 40.077539786159186 ] ] } },
{ "type": "Feature", "properties": { "fid": 159, "id": 159, "nombre": "Sadomaso en el geriátrico", "descripcion": null, "sector": "Paulés", "grado1": "7c+", "long1": null, "exp1": null, "grado2": null, "long2": null, "exp2": null, "grado3": null, "long3": null, "exp3": null, "grado4": null, "long4": null, "exp4": null, "grado5": null, "long5": null, "exp5": null, "modalidad": null, "variante": null, "Union": null }, "geometry": { "type": "MultiPoint", "coordinates": [ [ -2.121060548233621, 40.077557137876745 ] ] } },
{ "type": "Feature", "properties": { "fid": 160, "id": 160, "nombre": "Neurokiller", "descripcion": null, "sector": "Paulés", "grado1": "7c+", "long1": null, "exp1": null, "grado2": null, "long2": null, "exp2": null, "grado3": null, "long3": null, "exp3": null, "grado4": null, "long4": null, "exp4": null, "grado5": null, "long5": null, "exp5": null, "modalidad": null, "variante": null, "Union": null }, "geometry": { "type": "MultiPoint", "coordinates": [ [ -2.121146781011817, 40.077594996169609 ] ] } },
{ "type": "Feature", "properties": { "fid": 161, "id": 161, "nombre": "Candela", "descripcion": null, "sector": "Paulés", "grado1": null, "long1": null, "exp1": null, "grado2": null, "long2": null, "exp2": null, "grado3": null, "long3": null, "exp3": null, "grado4": null, "long4": null, "exp4": null, "grado5": null, "long5": null, "exp5": null, "modalidad": null, "variante": null, "Union": null }, "geometry": { "type": "MultiPoint", "coordinates": [ [ -2.121180432827698, 40.077609718839057 ] ] } },
{ "type": "Feature", "properties": { "fid": 162, "id": 162, "nombre": "El tonto del tambor", "descripcion": null, "sector": "Paulés", "grado1": "7b", "long1": null, "exp1": null, "grado2": null, "long2": null, "exp2": null, "grado3": null, "long3": null, "exp3": null, "grado4": null, "long4": null, "exp4": null, "grado5": null, "long5": null, "exp5": null, "modalidad": null, "variante": null, "Union": null }, "geometry": { "type": "MultiPoint", "coordinates": [ [ -2.121211981405087, 40.077626544746998 ] ] } },
{ "type": "Feature", "properties": { "fid": 163, "id": 163, "nombre": "La apariencia engaña", "descripcion": null, "sector": "Paulés", "grado1": null, "long1": null, "exp1": null, "grado2": null, "long2": null, "exp2": null, "grado3": null, "long3": null, "exp3": null, "grado4": null, "long4": null, "exp4": null, "grado5": null, "long5": null, "exp5": null, "modalidad": null, "variante": null, "Union": null }, "geometry": { "type": "MultiPoint", "coordinates": [ [ -2.120968005739948, 40.077512969868401 ] ] } },
{ "type": "Feature", "properties": { "fid": 164, "id": 164, "nombre": "Necesito decirte, en verdad, me gustabas", "descripcion": null, "sector": "Paulés", "grado1": "8a", "long1": null, "exp1": null, "grado2": null, "long2": null, "exp2": null, "grado3": null, "long3": null, "exp3": null, "grado4": null, "long4": null, "exp4": null, "grado5": null, "long5": null, "exp5": null, "modalidad": null, "variante": null, "Union": null }, "geometry": { "type": "MultiPoint", "coordinates": [ [ -2.121093148430256, 40.077573963784687 ] ] } },
{ "type": "Feature", "properties": { "fid": 165, "id": 165, "nombre": "El peor de Chile", "descripcion": null, "sector": "Paulés", "grado1": null, "long1": null, "exp1": null, "grado2": null, "long2": null, "exp2": null, "grado3": null, "long3": null, "exp3": null, "grado4": null, "long4": null, "exp4": null, "grado5": null, "long5": null, "exp5": null, "modalidad": null, "variante": null, "Union": null }, "geometry": { "type": "MultiPoint", "coordinates": [ [ -2.121116284053675, 40.077582376738654 ] ] } },
{ "type": "Feature", "properties": { "fid": 166, "id": 166, "nombre": "Action roco", "descripcion": null, "sector": "Paulés", "grado1": "7a+", "long1": null, "exp1": null, "grado2": null, "long2": null, "exp2": null, "grado3": null, "long3": null, "exp3": null, "grado4": null, "long4": null, "exp4": null, "grado5": null, "long5": null, "exp5": null, "modalidad": null, "variante": null, "Union": null }, "geometry": { "type": "MultiPoint", "coordinates": [ [ -2.12130768478297, 40.07765740931989 ] ] } },
{ "type": "Feature", "properties": { "fid": 167, "id": 167, "nombre": "Koala", "descripcion": null, "sector": "Paulés", "grado1": "7a", "long1": null, "exp1": null, "grado2": null, "long2": null, "exp2": null, "grado3": null, "long3": null, "exp3": null, "grado4": null, "long4": null, "exp4": null, "grado5": null, "long5": null, "exp5": null, "modalidad": null, "variante": null, "Union": null }, "geometry": { "type": "MultiPoint", "coordinates": [ [ -2.121329768787142, 40.077666873893108 ] ] } },
{ "type": "Feature", "properties": { "fid": 168, "id": 168, "nombre": "Infamina tour", "descripcion": null, "sector": "Paulés", "grado1": "6c+", "long1": null, "exp1": null, "grado2": null, "long2": null, "exp2": null, "grado3": null, "long3": null, "exp3": null, "grado4": null, "long4": null, "exp4": null, "grado5": null, "long5": null, "exp5": null, "modalidad": null, "variante": null, "Union": null }, "geometry": { "type": "MultiPoint", "coordinates": [ [ -2.121348697933575, 40.077672131989338 ] ] } },
{ "type": "Feature", "properties": { "fid": 169, "id": 169, "nombre": "Eclosión del mono", "descripcion": null, "sector": "Paulés", "grado1": "7b+", "long1": null, "exp1": null, "grado2": null, "long2": null, "exp2": null, "grado3": null, "long3": null, "exp3": null, "grado4": null, "long4": null, "exp4": null, "grado5": null, "long5": null, "exp5": null, "modalidad": null, "variante": null, "Union": null }, "geometry": { "type": "MultiPoint", "coordinates": [ [ -2.121373936795486, 40.077681596562556 ] ] } },
{ "type": "Feature", "properties": { "fid": 170, "id": 170, "nombre": "Las dos puertas", "descripcion": null, "sector": "Paulés", "grado1": "7c", "long1": null, "exp1": null, "grado2": null, "long2": null, "exp2": null, "grado3": null, "long3": null, "exp3": null, "grado4": null, "long4": null, "exp4": null, "grado5": null, "long5": null, "exp5": null, "modalidad": null, "variante": null, "Union": null }, "geometry": { "type": "MultiPoint", "coordinates": [ [ -2.121391814322673, 40.077691061135774 ] ] } },
{ "type": "Feature", "properties": { "fid": 171, "id": 171, "nombre": "Duna", "descripcion": null, "sector": "Paulés", "grado1": "7a+", "long1": null, "exp1": null, "grado2": null, "long2": null, "exp2": null, "grado3": null, "long3": null, "exp3": null, "grado4": null, "long4": null, "exp4": null, "grado5": null, "long5": null, "exp5": null, "modalidad": null, "variante": null, "Union": null }, "geometry": { "type": "MultiPoint", "coordinates": [ [ -2.121417053184584, 40.077699474089741 ] ] } },
{ "type": "Feature", "properties": { "fid": 172, "id": 172, "nombre": "Fístula lunar", "descripcion": null, "sector": "Paulés", "grado1": "6c+", "long1": null, "exp1": null, "grado2": null, "long2": null, "exp2": null, "grado3": null, "long3": null, "exp3": null, "grado4": null, "long4": null, "exp4": null, "grado5": null, "long5": null, "exp5": null, "modalidad": null, "variante": null, "Union": null }, "geometry": { "type": "MultiPoint", "coordinates": [ [ -2.121443343665741, 40.077708938662958 ] ] } },
{ "type": "Feature", "properties": { "fid": 173, "id": 173, "nombre": "Baldufa", "descripcion": null, "sector": "Paulés", "grado1": "7a", "long1": null, "exp1": null, "grado2": null, "long2": null, "exp2": null, "grado3": null, "long3": null, "exp3": null, "grado4": null, "long4": null, "exp4": null, "grado5": null, "long5": null, "exp5": null, "modalidad": null, "variante": null, "Union": null }, "geometry": { "type": "MultiPoint", "coordinates": [ [ -2.121465427669913, 40.077716299997682 ] ] } },
{ "type": "Feature", "properties": { "fid": 174, "id": 174, "nombre": "La vía de Pi", "descripcion": null, "sector": "Paulés", "grado1": "7a", "long1": null, "exp1": null, "grado2": null, "long2": null, "exp2": null, "grado3": null, "long3": null, "exp3": null, "grado4": null, "long4": null, "exp4": null, "grado5": null, "long5": null, "exp5": null, "modalidad": null, "variante": null, "Union": null }, "geometry": { "type": "MultiPoint", "coordinates": [ [ -2.121484437710134, 40.077720749156015 ] ] } },
{ "type": "Feature", "properties": { "fid": 175, "id": 175, "nombre": "Los laureles", "descripcion": null, "sector": "Paulés", "grado1": "7a", "long1": null, "exp1": null, "grado2": null, "long2": null, "exp2": null, "grado3": null, "long3": null, "exp3": null, "grado4": null, "long4": null, "exp4": null, "grado5": null, "long5": null, "exp5": null, "modalidad": null, "variante": null, "Union": null }, "geometry": { "type": "MultiPoint", "coordinates": [ [ -2.121502396131109, 40.077726735296338 ] ] } },
{ "type": "Feature", "properties": { "fid": 176, "id": 176, "nombre": "Manolo Martínez", "descripcion": null, "sector": "Paulés", "grado1": "6c+", "long1": null, "exp1": null, "grado2": null, "long2": null, "exp2": null, "grado3": null, "long3": null, "exp3": null, "grado4": null, "long4": null, "exp4": null, "grado5": null, "long5": null, "exp5": null, "modalidad": null, "variante": null, "Union": null }, "geometry": { "type": "MultiPoint", "coordinates": [ [ -2.121516363791867, 40.077733719126719 ] ] } },
{ "type": "Feature", "properties": { "fid": 177, "id": 177, "nombre": "Xenofobia es lo que tienen", "descripcion": null, "sector": "Paulés", "grado1": "7c", "long1": null, "exp1": null, "grado2": null, "long2": null, "exp2": null, "grado3": null, "long3": null, "exp3": null, "grado4": null, "long4": null, "exp4": null, "grado5": null, "long5": null, "exp5": null, "modalidad": null, "variante": null, "Union": null }, "geometry": { "type": "MultiPoint", "coordinates": [ [ -2.121405869618369, 40.077696056327184 ] ] } },
{ "type": "Feature", "properties": { "fid": 178, "id": 178, "nombre": "Arrambla", "descripcion": "Comparte reunión con \"Penetrador a golpes\"", "sector": "Paulés", "grado1": "6b", "long1": null, "exp1": null, "grado2": null, "long2": null, "exp2": null, "grado3": null, "long3": null, "exp3": null, "grado4": null, "long4": null, "exp4": null, "grado5": null, "long5": null, "exp5": null, "modalidad": null, "variante": null, "Union": null }, "geometry": { "type": "MultiPoint", "coordinates": [ [ -2.121605621240569, 40.077785403458286 ] ] } },
{ "type": "Feature", "properties": { "fid": 179, "id": 179, "nombre": "Penetrador a golpes", "descripcion": "Comparte reunión con \"Arrambla\". Comparte inicio con \"Pezón de fresa\". Va por la izquierda", "sector": "Paulés", "grado1": "6c", "long1": null, "exp1": null, "grado2": null, "long2": null, "exp2": null, "grado3": null, "long3": null, "exp3": null, "grado4": null, "long4": null, "exp4": null, "grado5": null, "long5": null, "exp5": null, "modalidad": null, "variante": "SI", "Union": "179_180" }, "geometry": { "type": "MultiPoint", "coordinates": [ [ -2.121625575041652, 40.077791389598609 ] ] } },
{ "type": "Feature", "properties": { "fid": 180, "id": 180, "nombre": "Pezón de fresa", "descripcion": " Comparte inicio con \"Penetrador a golpes\". Va por la derecha", "sector": "Paulés", "grado1": "6c+", "long1": null, "exp1": null, "grado2": null, "long2": null, "exp2": null, "grado3": null, "long3": null, "exp3": null, "grado4": null, "long4": null, "exp4": null, "grado5": null, "long5": null, "exp5": null, "modalidad": null, "variante": "SI", "Union": "179_180" }, "geometry": { "type": "MultiPoint", "coordinates": [ [ -2.121643533462628, 40.077797375738939 ] ] } },
{ "type": "Feature", "properties": { "fid": 181, "id": 181, "nombre": "Aquí huele a geiko", "descripcion": null, "sector": "Paulés", "grado1": "6c", "long1": null, "exp1": null, "grado2": null, "long2": null, "exp2": null, "grado3": null, "long3": null, "exp3": null, "grado4": null, "long4": null, "exp4": null, "grado5": null, "long5": null, "exp5": null, "modalidad": null, "variante": null, "Union": null }, "geometry": { "type": "MultiPoint", "coordinates": [ [ -2.121668475713982, 40.077805357259372 ] ] } },
{ "type": "Feature", "properties": { "fid": 182, "id": 182, "nombre": "Calma extrema", "descripcion": null, "sector": "Paulés", "grado1": "7a+", "long1": null, "exp1": null, "grado2": null, "long2": null, "exp2": null, "grado3": null, "long3": null, "exp3": null, "grado4": null, "long4": null, "exp4": null, "grado5": null, "long5": null, "exp5": null, "modalidad": null, "variante": null, "Union": null }, "geometry": { "type": "MultiPoint", "coordinates": [ [ -2.121691422585227, 40.077812341089746 ] ] } },
{ "type": "Feature", "properties": { "fid": 183, "id": 183, "nombre": "La niña de los pollos", "descripcion": "Comparte reunión con \"Kágame en la boca\"", "sector": "Paulés", "grado1": "7a", "long1": null, "exp1": null, "grado2": null, "long2": null, "exp2": null, "grado3": null, "long3": null, "exp3": null, "grado4": null, "long4": null, "exp4": null, "grado5": null, "long5": null, "exp5": null, "modalidad": null, "variante": null, "Union": null }, "geometry": { "type": "MultiPoint", "coordinates": [ [ -2.121713371766419, 40.077821320300238 ] ] } },
{ "type": "Feature", "properties": { "fid": 184, "id": 184, "nombre": "Kágame en la boca", "descripcion": "Comparte reunión con \"La niña de los pollos\"", "sector": "Paulés", "grado1": "6b+", "long1": null, "exp1": null, "grado2": null, "long2": null, "exp2": null, "grado3": null, "long3": null, "exp3": null, "grado4": null, "long4": null, "exp4": null, "grado5": null, "long5": null, "exp5": null, "modalidad": null, "variante": null, "Union": null }, "geometry": { "type": "MultiPoint", "coordinates": [ [ -2.121740309397882, 40.077835287960994 ] ] } },
{ "type": "Feature", "properties": { "fid": 185, "id": 185, "nombre": "Méame en el ojo", "descripcion": "Comparte comienzo con \"Usted es un hijo de puta\". Va por la izquierda", "sector": "Paulés", "grado1": "6c+", "long1": null, "exp1": null, "grado2": null, "long2": null, "exp2": null, "grado3": null, "long3": null, "exp3": null, "grado4": null, "long4": null, "exp4": null, "grado5": null, "long5": null, "exp5": null, "modalidad": null, "variante": "SI", "Union": "185_186" }, "geometry": { "type": "MultiPoint", "coordinates": [ [ -2.121843528851212, 40.077872994228123 ] ] } },
{ "type": "Feature", "properties": { "fid": 186, "id": 186, "nombre": "Usted es un hijo de puta", "descripcion": "Comparte comienzo con \"Méame en el ojo\". Va por la derecha", "sector": "Paulés", "grado1": "6c+", "long1": null, "exp1": null, "grado2": null, "long2": null, "exp2": null, "grado3": null, "long3": null, "exp3": null, "grado4": null, "long4": null, "exp4": null, "grado5": null, "long5": null, "exp5": null, "modalidad": null, "variante": "SI", "Union": "185_186" }, "geometry": { "type": "MultiPoint", "coordinates": [ [ -2.121869396334684, 40.077883645544844 ] ] } },
{ "type": "Feature", "properties": { "fid": 187, "id": 187, "nombre": "Pin y Pon", "descripcion": null, "sector": "Paulés", "grado1": "6c+", "long1": null, "exp1": null, "grado2": null, "long2": null, "exp2": null, "grado3": null, "long3": null, "exp3": null, "grado4": null, "long4": null, "exp4": null, "grado5": null, "long5": null, "exp5": null, "modalidad": null, "variante": null, "Union": null }, "geometry": { "type": "MultiPoint", "coordinates": [ [ -2.121905915134878, 40.07790038332827 ] ] } },
{ "type": "Feature", "properties": { "fid": 188, "id": 188, "nombre": "Jaque mate", "descripcion": "Comparte vía hasta el techo con \"Jaque a la monarquía\". Va por la izquierda", "sector": "Paulés", "grado1": "8b+", "long1": null, "exp1": null, "grado2": null, "long2": null, "exp2": null, "grado3": null, "long3": null, "exp3": null, "grado4": null, "long4": null, "exp4": null, "grado5": null, "long5": null, "exp5": null, "modalidad": null, "variante": "SI", "Union": "188_189" }, "geometry": { "type": "MultiPoint", "coordinates": [ [ -2.121946998785098, 40.077920164345038 ] ] } },
{ "type": "Feature", "properties": { "fid": 189, "id": 189, "nombre": "Jaque a la monarquía", "descripcion": "Comparte vía hasta el techo con \"Jaque mate\". Va por la derecha", "sector": "Paulés", "grado1": "8a", "long1": null, "exp1": null, "grado2": null, "long2": null, "exp2": null, "grado3": null, "long3": null, "exp3": null, "grado4": null, "long4": null, "exp4": null, "grado5": null, "long5": null, "exp5": null, "modalidad": null, "variante": "SI", "Union": "188_189" }, "geometry": { "type": "MultiPoint", "coordinates": [ [ -2.121988082435318, 40.077939945361813 ] ] } },
{ "type": "Feature", "properties": { "fid": 190, "id": 190, "nombre": "Agujeros", "descripcion": null, "sector": "Paulés", "grado1": "6c", "long1": null, "exp1": null, "grado2": null, "long2": null, "exp2": null, "grado3": null, "long3": null, "exp3": null, "grado4": null, "long4": null, "exp4": null, "grado5": null, "long5": null, "exp5": null, "modalidad": null, "variante": null, "Union": null }, "geometry": { "type": "MultiPoint", "coordinates": [ [ -2.122024601235513, 40.077952118295208 ] ] } },
{ "type": "Feature", "properties": { "fid": 191, "id": 191, "nombre": "El hombre de las alturas", "descripcion": "Comparte comienzo con \"Sergio gandul\". Va por la izquierda", "sector": "Paulés", "grado1": "6b+", "long1": null, "exp1": null, "grado2": null, "long2": null, "exp2": null, "grado3": null, "long3": null, "exp3": null, "grado4": null, "long4": null, "exp4": null, "grado5": null, "long5": null, "exp5": null, "modalidad": null, "variante": "SI", "Union": "191_192" }, "geometry": { "type": "MultiPoint", "coordinates": [ [ -2.122064163269057, 40.077974942545332 ] ] } },
{ "type": "Feature", "properties": { "fid": 192, "id": 192, "nombre": "Sergio gandul", "descripcion": "Comparte comienzo con \"El hombre de las alturas\". Va por la derecha", "sector": "Paulés", "grado1": "6c+", "long1": null, "exp1": null, "grado2": null, "long2": null, "exp2": null, "grado3": null, "long3": null, "exp3": null, "grado4": null, "long4": null, "exp4": null, "grado5": null, "long5": null, "exp5": null, "modalidad": null, "variante": "SI", "Union": "191_192" }, "geometry": { "type": "MultiPoint", "coordinates": [ [ -2.122099160452578, 40.078000810028804 ] ] } },
{ "type": "Feature", "properties": { "fid": 193, "id": 193, "nombre": "Pauquilla", "descripcion": null, "sector": "Paulés", "grado1": "7a+", "long1": null, "exp1": null, "grado2": null, "long2": null, "exp2": null, "grado3": null, "long3": null, "exp3": null, "grado4": null, "long4": null, "exp4": null, "grado5": null, "long5": null, "exp5": null, "modalidad": null, "variante": null, "Union": null }, "geometry": { "type": "MultiPoint", "coordinates": [ [ -2.122129592786074, 40.078023634278928 ] ] } },
{ "type": "Feature", "properties": { "fid": 194, "id": 194, "nombre": "Leoland", "descripcion": null, "sector": "Paulés", "grado1": "7b", "long1": null, "exp1": null, "grado2": null, "long2": null, "exp2": null, "grado3": null, "long3": null, "exp3": null, "grado4": null, "long4": null, "exp4": null, "grado5": null, "long5": null, "exp5": null, "modalidad": null, "variante": null, "Union": null }, "geometry": { "type": "MultiPoint", "coordinates": [ [ -2.122166111586269, 40.078047980145726 ] ] } },
{ "type": "Feature", "properties": { "fid": 195, "id": 195, "nombre": "Lucybell e Viña 1998", "descripcion": null, "sector": "Paulés", "grado1": "7b", "long1": null, "exp1": null, "grado2": null, "long2": null, "exp2": null, "grado3": null, "long3": null, "exp3": null, "grado4": null, "long4": null, "exp4": null, "grado5": null, "long5": null, "exp5": null, "modalidad": null, "variante": null, "Union": null }, "geometry": { "type": "MultiPoint", "coordinates": [ [ -2.122201108769789, 40.078067761162494 ] ] } },
{ "type": "Feature", "properties": { "fid": 196, "id": 196, "nombre": "Ochocé", "descripcion": "Comparte reunión con \"Dedos calientes\"", "sector": "Paulés", "grado1": "7a", "long1": null, "exp1": null, "grado2": null, "long2": null, "exp2": null, "grado3": null, "long3": null, "exp3": null, "grado4": null, "long4": null, "exp4": null, "grado5": null, "long5": null, "exp5": null, "modalidad": null, "variante": null, "Union": null }, "geometry": { "type": "MultiPoint", "coordinates": [ [ -2.12231547839364, 40.07799458172132 ] ] } },
{ "type": "Feature", "properties": { "fid": 197, "id": 197, "nombre": "Dedos calientes", "descripcion": "Comparte reunión con \"Ochocé\"", "sector": "Paulés", "grado1": "7a+", "long1": null, "exp1": null, "grado2": null, "long2": null, "exp2": null, "grado3": null, "long3": null, "exp3": null, "grado4": null, "long4": null, "exp4": null, "grado5": null, "long5": null, "exp5": null, "modalidad": null, "variante": null, "Union": null }, "geometry": { "type": "MultiPoint", "coordinates": [ [ -2.122353431504635, 40.078021372152612 ] ] } },
{ "type": "Feature", "properties": { "fid": 198, "id": 198, "nombre": "La ninfómana", "descripcion": "Diedro", "sector": "Paulés", "grado1": "5", "long1": null, "exp1": null, "grado2": null, "long2": null, "exp2": null, "grado3": null, "long3": null, "exp3": null, "grado4": null, "long4": null, "exp4": null, "grado5": null, "long5": null, "exp5": null, "modalidad": null, "variante": null, "Union": null }, "geometry": { "type": "MultiPoint", "coordinates": [ [ -2.122400314759394, 40.078041464976081 ] ] } },
{ "type": "Feature", "properties": { "fid": 199, "id": 199, "nombre": "Natural mystic", "descripcion": "Tiene 2 largos", "sector": "Paulés", "grado1": "5", "long1": null, "exp1": null, "grado2": "7c+", "long2": null, "exp2": null, "grado3": null, "long3": null, "exp3": null, "grado4": null, "long4": null, "exp4": null, "grado5": null, "long5": null, "exp5": null, "modalidad": "Multilargo", "variante": null, "Union": null }, "geometry": { "type": "MultiPoint", "coordinates": [ [ -2.122436035334448, 40.078068255407366 ] ] } },
{ "type": "Feature", "properties": { "fid": 200, "id": 200, "nombre": "Pachita", "descripcion": null, "sector": "Paulés", "grado1": "6a", "long1": null, "exp1": null, "grado2": null, "long2": null, "exp2": null, "grado3": null, "long3": null, "exp3": null, "grado4": null, "long4": null, "exp4": null, "grado5": null, "long5": null, "exp5": null, "modalidad": null, "variante": null, "Union": null }, "geometry": { "type": "MultiPoint", "coordinates": [ [ -2.122478453517325, 40.07809951091054 ] ] } },
{ "type": "Feature", "properties": { "fid": 201, "id": 201, "nombre": "Mejorando", "descripcion": null, "sector": "Paulés", "grado1": "7a+", "long1": null, "exp1": null, "grado2": null, "long2": null, "exp2": null, "grado3": null, "long3": null, "exp3": null, "grado4": null, "long4": null, "exp4": null, "grado5": null, "long5": null, "exp5": null, "modalidad": null, "variante": null, "Union": null }, "geometry": { "type": "MultiPoint", "coordinates": [ [ -2.122520871700202, 40.078124068805892 ] ] } },
{ "type": "Feature", "properties": { "fid": 202, "id": 202, "nombre": "Don barrica", "descripcion": null, "sector": "Paulés", "grado1": "7a", "long1": null, "exp1": null, "grado2": null, "long2": null, "exp2": null, "grado3": null, "long3": null, "exp3": null, "grado4": null, "long4": null, "exp4": null, "grado5": null, "long5": null, "exp5": null, "modalidad": null, "variante": null, "Union": null }, "geometry": { "type": "MultiPoint", "coordinates": [ [ -2.122574452562783, 40.078150859237184 ] ] } },
{ "type": "Feature", "properties": { "fid": 203, "id": 203, "nombre": "Patín", "descripcion": "Comparte inicio con \"Patán\". Va por la izquierda", "sector": "Paulés", "grado1": "7b+", "long1": null, "exp1": null, "grado2": null, "long2": null, "exp2": null, "grado3": null, "long3": null, "exp3": null, "grado4": null, "long4": null, "exp4": null, "grado5": null, "long5": null, "exp5": null, "modalidad": null, "variante": "SI", "Union": "203_204" }, "geometry": { "type": "MultiPoint", "coordinates": [ [ -2.122628033425364, 40.078170952060653 ] ] } },
{ "type": "Feature", "properties": { "fid": 204, "id": 204, "nombre": "Patán", "descripcion": "Comparte inicio con \"Patán\". Va por la derecha", "sector": "Paulés", "grado1": "7c", "long1": null, "exp1": null, "grado2": null, "long2": null, "exp2": null, "grado3": null, "long3": null, "exp3": null, "grado4": null, "long4": null, "exp4": null, "grado5": null, "long5": null, "exp5": null, "modalidad": null, "variante": "SI", "Union": "203_204" }, "geometry": { "type": "MultiPoint", "coordinates": [ [ -2.122674916680123, 40.078191044884122 ] ] } },
{ "type": "Feature", "properties": { "fid": 205, "id": 205, "nombre": "El resplandor", "descripcion": null, "sector": "Paulés", "grado1": "7c+", "long1": null, "exp1": null, "grado2": null, "long2": null, "exp2": null, "grado3": null, "long3": null, "exp3": null, "grado4": null, "long4": null, "exp4": null, "grado5": null, "long5": null, "exp5": null, "modalidad": null, "variante": null, "Union": null }, "geometry": { "type": "MultiPoint", "coordinates": [ [ -2.122721799934882, 40.07822453292323 ] ] } },
{ "type": "Feature", "properties": { "fid": 206, "id": 206, "nombre": "Highway star", "descripcion": null, "sector": "Paulés", "grado1": "8a", "long1": null, "exp1": null, "grado2": null, "long2": null, "exp2": null, "grado3": null, "long3": null, "exp3": null, "grado4": null, "long4": null, "exp4": null, "grado5": null, "long5": null, "exp5": null, "modalidad": null, "variante": null, "Union": null }, "geometry": { "type": "MultiPoint", "coordinates": [ [ -2.122756776331289, 40.078251137309884 ] ] } },
{ "type": "Feature", "properties": { "fid": 207, "id": 207, "nombre": "¡Gracias por venir!", "descripcion": null, "sector": "Paulés", "grado1": "7a", "long1": null, "exp1": null, "grado2": null, "long2": null, "exp2": null, "grado3": null, "long3": null, "exp3": null, "grado4": null, "long4": null, "exp4": null, "grado5": null, "long5": null, "exp5": null, "modalidad": null, "variante": null, "Union": null }, "geometry": { "type": "MultiPoint", "coordinates": [ [ -2.122602431557949, 40.078162059690591 ] ] } },
{ "type": "Feature", "properties": { "fid": 208, "id": 208, "nombre": "Blanca", "descripcion": null, "sector": "Paulés", "grado1": "7a+", "long1": null, "exp1": null, "grado2": null, "long2": null, "exp2": null, "grado3": null, "long3": null, "exp3": null, "grado4": null, "long4": null, "exp4": null, "grado5": null, "long5": null, "exp5": null, "modalidad": null, "variante": null, "Union": null }, "geometry": { "type": "MultiPoint", "coordinates": [ [ -2.122894329044129, 40.078183919172652 ] ] } },
{ "type": "Feature", "properties": { "fid": 209, "id": 209, "nombre": "Una de callos pa' los de Galayos", "descripcion": null, "sector": "Paulés", "grado1": "6b", "long1": null, "exp1": null, "grado2": null, "long2": null, "exp2": null, "grado3": null, "long3": null, "exp3": null, "grado4": null, "long4": null, "exp4": null, "grado5": null, "long5": null, "exp5": null, "modalidad": null, "variante": null, "Union": null }, "geometry": { "type": "MultiPoint", "coordinates": [ [ -2.122939875763993, 40.0782021378606 ] ] } },
{ "type": "Feature", "properties": { "fid": 210, "id": 209, "nombre": "Una zerda patós", "descripcion": null, "sector": "Paulés", "grado1": "6c+", "long1": null, "exp1": null, "grado2": null, "long2": null, "exp2": null, "grado3": null, "long3": null, "exp3": null, "grado4": null, "long4": null, "exp4": null, "grado5": null, "long5": null, "exp5": null, "modalidad": null, "variante": null, "Union": null }, "geometry": { "type": "MultiPoint", "coordinates": [ [ -2.122989066221447, 40.078224000286134 ] ] } },
{ "type": "Feature", "properties": { "fid": 211, "id": 210, "nombre": "Patagonia free", "descripcion": null, "sector": "Paulés", "grado1": null, "long1": null, "exp1": null, "grado2": null, "long2": null, "exp2": null, "grado3": null, "long3": null, "exp3": null, "grado4": null, "long4": null, "exp4": null, "grado5": null, "long5": null, "exp5": null, "modalidad": null, "variante": null, "Union": null }, "geometry": { "type": "MultiPoint", "coordinates": [ [ -2.1230382566789, 40.078249506449261 ] ] } },
{ "type": "Feature", "properties": { "fid": 212, "id": 211, "nombre": "Irene que te matas", "descripcion": null, "sector": "Paulés", "grado1": "7b+", "long1": null, "exp1": null, "grado2": null, "long2": null, "exp2": null, "grado3": null, "long3": null, "exp3": null, "grado4": null, "long4": null, "exp4": null, "grado5": null, "long5": null, "exp5": null, "modalidad": null, "variante": null, "Union": null }, "geometry": { "type": "MultiPoint", "coordinates": [ [ -2.123083803398764, 40.078267725137202 ] ] } },
{ "type": "Feature", "properties": { "fid": 213, "id": 212, "nombre": "Los tres masqueperros", "descripcion": null, "sector": "Paulés", "grado1": "6c", "long1": null, "exp1": null, "grado2": null, "long2": null, "exp2": null, "grado3": null, "long3": null, "exp3": null, "grado4": null, "long4": null, "exp4": null, "grado5": null, "long5": null, "exp5": null, "modalidad": null, "variante": null, "Union": null }, "geometry": { "type": "MultiPoint", "coordinates": [ [ -2.123126247703078, 40.078284872822408 ] ] } },
{ "type": "Feature", "properties": { "fid": 214, "id": 213, "nombre": "FC1", "descripcion": null, "sector": "Paulés", "grado1": "6a", "long1": null, "exp1": null, "grado2": null, "long2": null, "exp2": null, "grado3": null, "long3": null, "exp3": null, "grado4": null, "long4": null, "exp4": null, "grado5": null, "long5": null, "exp5": null, "modalidad": null, "variante": null, "Union": null }, "geometry": { "type": "MultiPoint", "coordinates": [ [ -2.123166276430554, 40.078307497755333 ] ] } },
{ "type": "Feature", "properties": { "fid": 215, "id": 214, "nombre": "Warrior", "descripcion": null, "sector": "Paulés", "grado1": "7b", "long1": null, "exp1": null, "grado2": null, "long2": null, "exp2": null, "grado3": null, "long3": null, "exp3": null, "grado4": null, "long4": null, "exp4": null, "grado5": null, "long5": null, "exp5": null, "modalidad": null, "variante": null, "Union": null }, "geometry": { "type": "MultiPoint", "coordinates": [ [ -2.123216747434765, 40.07833012268825 ] ] } },
{ "type": "Feature", "properties": { "fid": 216, "id": 215, "nombre": "P49", "descripcion": null, "sector": "Paulés", "grado1": "6c", "long1": null, "exp1": null, "grado2": null, "long2": null, "exp2": null, "grado3": null, "long3": null, "exp3": null, "grado4": null, "long4": null, "exp4": null, "grado5": null, "long5": null, "exp5": null, "modalidad": null, "variante": null, "Union": null }, "geometry": { "type": "MultiPoint", "coordinates": [ [ -2.123394939860593, 40.078393256862235 ] ] } },
{ "type": "Feature", "properties": { "fid": 217, "id": 216, "nombre": "Jaunma que me mato", "descripcion": null, "sector": "Paulés", "grado1": "6a+", "long1": null, "exp1": null, "grado2": null, "long2": null, "exp2": null, "grado3": null, "long3": null, "exp3": null, "grado4": null, "long4": null, "exp4": null, "grado5": null, "long5": null, "exp5": null, "modalidad": null, "variante": null, "Union": null }, "geometry": { "type": "MultiPoint", "coordinates": [ [ -2.123432358018886, 40.078404569328697 ] ] } },
{ "type": "Feature", "properties": { "fid": 218, "id": 217, "nombre": "Espolón del Titi", "descripcion": null, "sector": "Paulés", "grado1": "6b+", "long1": null, "exp1": null, "grado2": null, "long2": null, "exp2": null, "grado3": null, "long3": null, "exp3": null, "grado4": null, "long4": null, "exp4": null, "grado5": null, "long5": null, "exp5": null, "modalidad": null, "variante": null, "Union": null }, "geometry": { "type": "MultiPoint", "coordinates": [ [ -2.123460204090175, 40.078413271225976 ] ] } },
{ "type": "Feature", "properties": { "fid": 219, "id": 218, "nombre": "El viejo gruón", "descripcion": null, "sector": "Paulés", "grado1": "7b", "long1": null, "exp1": null, "grado2": null, "long2": null, "exp2": null, "grado3": null, "long3": null, "exp3": null, "grado4": null, "long4": null, "exp4": null, "grado5": null, "long5": null, "exp5": null, "modalidad": null, "variante": null, "Union": null }, "geometry": { "type": "MultiPoint", "coordinates": [ [ -2.123487179971735, 40.078422843312978 ] ] } },
{ "type": "Feature", "properties": { "fid": 220, "id": 219, "nombre": "Las sabidurias de Isaac", "descripcion": null, "sector": "Paulés", "grado1": "7c", "long1": null, "exp1": null, "grado2": null, "long2": null, "exp2": null, "grado3": null, "long3": null, "exp3": null, "grado4": null, "long4": null, "exp4": null, "grado5": null, "long5": null, "exp5": null, "modalidad": null, "variante": null, "Union": null }, "geometry": { "type": "MultiPoint", "coordinates": [ [ -2.123526338509484, 40.078435025969171 ] ] } },
{ "type": "Feature", "properties": { "fid": 221, "id": 220, "nombre": "Los pichitas", "descripcion": null, "sector": "Paulés", "grado1": "6c", "long1": null, "exp1": null, "grado2": null, "long2": null, "exp2": null, "grado3": null, "long3": null, "exp3": null, "grado4": null, "long4": null, "exp4": null, "grado5": null, "long5": null, "exp5": null, "modalidad": null, "variante": null, "Union": null }, "geometry": { "type": "MultiPoint", "coordinates": [ [ -2.123547223062951, 40.07844372786645 ] ] } },
{ "type": "Feature", "properties": { "fid": 222, "id": 221, "nombre": "El misterio de Paulés", "descripcion": null, "sector": "Paulés", "grado1": "7a", "long1": null, "exp1": null, "grado2": null, "long2": null, "exp2": null, "grado3": null, "long3": null, "exp3": null, "grado4": null, "long4": null, "exp4": null, "grado5": null, "long5": null, "exp5": null, "modalidad": null, "variante": null, "Union": null }, "geometry": { "type": "MultiPoint", "coordinates": [ [ -2.1235707181856, 40.078455910522635 ] ] } },
{ "type": "Feature", "properties": { "fid": 225, "id": 222, "nombre": "Espolón de la canal verde", "descripcion": null, "sector": "Paulés", "grado1": "5+", "long1": null, "exp1": null, "grado2": null, "long2": null, "exp2": null, "grado3": null, "long3": null, "exp3": null, "grado4": null, "long4": null, "exp4": null, "grado5": null, "long5": null, "exp5": null, "modalidad": null, "variante": null, "Union": null }, "geometry": { "type": "MultiPoint", "coordinates": [ [ -2.123616648184353, 40.07847832483619 ] ] } },
{ "type": "Feature", "properties": { "fid": 226, "id": 223, "nombre": "Samuel Ferrer", "descripcion": null, "sector": "Paulés", "grado1": "6a+", "long1": null, "exp1": null, "grado2": null, "long2": null, "exp2": null, "grado3": null, "long3": null, "exp3": null, "grado4": null, "long4": null, "exp4": null, "grado5": null, "long5": null, "exp5": null, "modalidad": null, "variante": null, "Union": null }, "geometry": { "type": "MultiPoint", "coordinates": [ [ -2.123661522156771, 40.078495738616532 ] ] } },
{ "type": "Feature", "properties": { "fid": 228, "id": 225, "nombre": "Peña de las desgracias", "descripcion": null, "sector": "Paulés", "grado1": "6a+", "long1": null, "exp1": null, "grado2": null, "long2": null, "exp2": null, "grado3": null, "long3": null, "exp3": null, "grado4": null, "long4": null, "exp4": null, "grado5": null, "long5": null, "exp5": null, "modalidad": null, "variante": null, "Union": null }, "geometry": { "type": "MultiPoint", "coordinates": [ [ -2.123701707803712, 40.078522529047824 ] ] } },
{ "type": "Feature", "properties": { "fid": 229, "id": 226, "nombre": "Esther presidenta", "descripcion": null, "sector": "Paulés", "grado1": "6a", "long1": null, "exp1": null, "grado2": null, "long2": null, "exp2": null, "grado3": null, "long3": null, "exp3": null, "grado4": null, "long4": null, "exp4": null, "grado5": null, "long5": null, "exp5": null, "modalidad": null, "variante": null, "Union": null }, "geometry": { "type": "MultiPoint", "coordinates": [ [ -2.123742975892316, 40.078545914298033 ] ] } },
{ "type": "Feature", "properties": { "fid": 230, "id": 227, "nombre": "Nando", "descripcion": null, "sector": "Paulés", "grado1": "5+", "long1": null, "exp1": null, "grado2": null, "long2": null, "exp2": null, "grado3": null, "long3": null, "exp3": null, "grado4": null, "long4": null, "exp4": null, "grado5": null, "long5": null, "exp5": null, "modalidad": null, "variante": null, "Union": null }, "geometry": { "type": "MultiPoint", "coordinates": [ [ -2.123800751216362, 40.078570675151198 ] ] } },
{ "type": "Feature", "properties": { "fid": 231, "id": 228, "nombre": "Patachula", "descripcion": null, "sector": "Paulés", "grado1": "6c", "long1": null, "exp1": null, "grado2": null, "long2": null, "exp2": null, "grado3": null, "long3": null, "exp3": null, "grado4": null, "long4": null, "exp4": null, "grado5": null, "long5": null, "exp5": null, "modalidad": null, "variante": null, "Union": null }, "geometry": { "type": "MultiPoint", "coordinates": [ [ -2.124304306416304, 40.078650846666228 ] ] } },
{ "type": "Feature", "properties": { "fid": 232, "id": 229, "nombre": "Coffee sex", "descripcion": "En el techo se cruza con \"Janis\"", "sector": "Paulés", "grado1": "7b", "long1": null, "exp1": null, "grado2": null, "long2": null, "exp2": null, "grado3": null, "long3": null, "exp3": null, "grado4": null, "long4": null, "exp4": null, "grado5": null, "long5": null, "exp5": null, "modalidad": null, "variante": null, "Union": null }, "geometry": { "type": "MultiPoint", "coordinates": [ [ -2.124357538217891, 40.078666816206706 ] ] } },
{ "type": "Feature", "properties": { "fid": 233, "id": 230, "nombre": "Janis", "descripcion": "En el techo se cruza con \"Coffee sex\"", "sector": "Paulés", "grado1": "6c+", "long1": null, "exp1": null, "grado2": null, "long2": null, "exp2": null, "grado3": null, "long3": null, "exp3": null, "grado4": null, "long4": null, "exp4": null, "grado5": null, "long5": null, "exp5": null, "modalidad": null, "variante": null, "Union": null }, "geometry": { "type": "MultiPoint", "coordinates": [ [ -2.12440544683932, 40.078688108927338 ] ] } },
{ "type": "Feature", "properties": { "fid": 234, "id": 231, "nombre": "Aromas de quesín", "descripcion": null, "sector": "Paulés", "grado1": "7a+", "long1": null, "exp1": null, "grado2": null, "long2": null, "exp2": null, "grado3": null, "long3": null, "exp3": null, "grado4": null, "long4": null, "exp4": null, "grado5": null, "long5": null, "exp5": null, "modalidad": null, "variante": null, "Union": null }, "geometry": { "type": "MultiPoint", "coordinates": [ [ -2.124451581067362, 40.078711176041359 ] ] } },
{ "type": "Feature", "properties": { "fid": 235, "id": 232, "nombre": "Impedimento estético", "descripcion": null, "sector": "Paulés", "grado1": "7b", "long1": null, "exp1": null, "grado2": null, "long2": null, "exp2": null, "grado3": null, "long3": null, "exp3": null, "grado4": null, "long4": null, "exp4": null, "grado5": null, "long5": null, "exp5": null, "modalidad": null, "variante": null, "Union": null }, "geometry": { "type": "MultiPoint", "coordinates": [ [ -2.124495940902018, 40.078728919975227 ] ] } },
{ "type": "Feature", "properties": { "fid": 236, "id": 233, "nombre": "Exogénesis", "descripcion": null, "sector": "Paulés", "grado1": "7b", "long1": null, "exp1": null, "grado2": null, "long2": null, "exp2": null, "grado3": null, "long3": null, "exp3": null, "grado4": null, "long4": null, "exp4": null, "grado5": null, "long5": null, "exp5": null, "modalidad": null, "variante": null, "Union": null }, "geometry": { "type": "MultiPoint", "coordinates": [ [ -2.124538526343288, 40.078748438302476 ] ] } },
{ "type": "Feature", "properties": { "fid": 237, "id": 234, "nombre": "Comando Amparito", "descripcion": null, "sector": "Paulés", "grado1": "7b+", "long1": null, "exp1": null, "grado2": null, "long2": null, "exp2": null, "grado3": null, "long3": null, "exp3": null, "grado4": null, "long4": null, "exp4": null, "grado5": null, "long5": null, "exp5": null, "modalidad": null, "variante": null, "Union": null }, "geometry": { "type": "MultiPoint", "coordinates": [ [ -2.124581111784558, 40.078767956629719 ] ] } },
{ "type": "Feature", "properties": { "fid": 238, "id": 235, "nombre": "Flojos de pantalón", "descripcion": null, "sector": "Paulés", "grado1": "7a+", "long1": null, "exp1": null, "grado2": null, "long2": null, "exp2": null, "grado3": null, "long3": null, "exp3": null, "grado4": null, "long4": null, "exp4": null, "grado5": null, "long5": null, "exp5": null, "modalidad": null, "variante": null, "Union": null }, "geometry": { "type": "MultiPoint", "coordinates": [ [ -2.124630794799373, 40.07879102374374 ] ] } },
{ "type": "Feature", "properties": { "fid": 239, "id": 236, "nombre": "Deuda subordinada", "descripcion": null, "sector": "Paulés", "grado1": "7b", "long1": null, "exp1": null, "grado2": null, "long2": null, "exp2": null, "grado3": null, "long3": null, "exp3": null, "grado4": null, "long4": null, "exp4": null, "grado5": null, "long5": null, "exp5": null, "modalidad": null, "variante": null, "Union": null }, "geometry": { "type": "MultiPoint", "coordinates": [ [ -2.124673380240643, 40.078814090857762 ] ] } },
{ "type": "Feature", "properties": { "fid": 240, "id": 237, "nombre": "De siempre", "descripcion": "No comparte reunión con \"El pupas\"", "sector": "Paulés", "grado1": "6b+", "long1": null, "exp1": null, "grado2": null, "long2": null, "exp2": null, "grado3": null, "long3": null, "exp3": null, "grado4": null, "long4": null, "exp4": null, "grado5": null, "long5": null, "exp5": null, "modalidad": null, "variante": null, "Union": null }, "geometry": { "type": "MultiPoint", "coordinates": [ [ -2.124707093714981, 40.078826511611467 ] ] } },
{ "type": "Feature", "properties": { "fid": 241, "id": 238, "nombre": "El pupas", "descripcion": "No comparte reunión con \"De siempre\"", "sector": "Paulés", "grado1": "6c+", "long1": null, "exp1": null, "grado2": null, "long2": null, "exp2": null, "grado3": null, "long3": null, "exp3": null, "grado4": null, "long4": null, "exp4": null, "grado5": null, "long5": null, "exp5": null, "modalidad": null, "variante": null, "Union": null }, "geometry": { "type": "MultiPoint", "coordinates": [ [ -2.12475500233641, 40.078849578725489 ] ] } },
{ "type": "Feature", "properties": { "fid": 242, "id": 239, "nombre": "FC4", "descripcion": "Tiene 2 largos", "sector": "Paulés", "grado1": "5+", "long1": null, "exp1": null, "grado2": "6a+", "long2": null, "exp2": null, "grado3": null, "long3": null, "exp3": null, "grado4": null, "long4": null, "exp4": null, "grado5": null, "long5": null, "exp5": null, "modalidad": "Multilargo", "variante": null, "Union": null }, "geometry": { "type": "MultiPoint", "coordinates": [ [ -2.124797587777679, 40.078867322659349 ] ] } },
{ "type": "Feature", "properties": { "fid": 243, "id": 240, "nombre": "Paquetoni", "descripcion": null, "sector": "Paulés", "grado1": "7a+", "long1": null, "exp1": null, "grado2": null, "long2": null, "exp2": null, "grado3": null, "long3": null, "exp3": null, "grado4": null, "long4": null, "exp4": null, "grado5": null, "long5": null, "exp5": null, "modalidad": null, "variante": null, "Union": null }, "geometry": { "type": "MultiPoint", "coordinates": [ [ -2.124843722005722, 40.078902810527076 ] ] } },
{ "type": "Feature", "properties": { "fid": 244, "id": 241, "nombre": "Aparición felina", "descripcion": null, "sector": "Paulés", "grado1": "6b+", "long1": null, "exp1": null, "grado2": null, "long2": null, "exp2": null, "grado3": null, "long3": null, "exp3": null, "grado4": null, "long4": null, "exp4": null, "grado5": null, "long5": null, "exp5": null, "modalidad": null, "variante": null, "Union": null }, "geometry": { "type": "MultiPoint", "coordinates": [ [ -2.125216836640023, 40.078855310989816 ] ] } },
{ "type": "Feature", "properties": { "fid": 245, "id": 242, "nombre": "FC2", "descripcion": null, "sector": "Paulés", "grado1": "6b", "long1": null, "exp1": null, "grado2": null, "long2": null, "exp2": null, "grado3": null, "long3": null, "exp3": null, "grado4": null, "long4": null, "exp4": null, "grado5": null, "long5": null, "exp5": null, "modalidad": null, "variante": null, "Union": null }, "geometry": { "type": "MultiPoint", "coordinates": [ [ -2.125275041604443, 40.078873220209637 ] ] } },
{ "type": "Feature", "properties": { "fid": 246, "id": 243, "nombre": "Oaeo", "descripcion": null, "sector": "Paulés", "grado1": "6c", "long1": null, "exp1": null, "grado2": null, "long2": null, "exp2": null, "grado3": null, "long3": null, "exp3": null, "grado4": null, "long4": null, "exp4": null, "grado5": null, "long5": null, "exp5": null, "modalidad": null, "variante": null, "Union": null }, "geometry": { "type": "MultiPoint", "coordinates": [ [ -2.125324291958953, 40.078889636994475 ] ] } },
{ "type": "Feature", "properties": { "fid": 247, "id": 244, "nombre": "Sergio pal 92", "descripcion": null, "sector": "Paulés", "grado1": "7a", "long1": null, "exp1": null, "grado2": null, "long2": null, "exp2": null, "grado3": null, "long3": null, "exp3": null, "grado4": null, "long4": null, "exp4": null, "grado5": null, "long5": null, "exp5": null, "modalidad": null, "variante": null, "Union": null }, "geometry": { "type": "MultiPoint", "coordinates": [ [ -2.125366080138537, 40.078904561344324 ] ] } },
{ "type": "Feature", "properties": { "fid": 248, "id": 245, "nombre": "Lupo y Bola", "descripcion": null, "sector": "Paulés", "grado1": "7b", "long1": null, "exp1": null, "grado2": null, "long2": null, "exp2": null, "grado3": null, "long3": null, "exp3": null, "grado4": null, "long4": null, "exp4": null, "grado5": null, "long5": null, "exp5": null, "modalidad": null, "variante": null, "Union": null }, "geometry": { "type": "MultiPoint", "coordinates": [ [ -2.125412345623077, 40.078919485694179 ] ] } },
{ "type": "Feature", "properties": { "fid": 251, "id": 246, "nombre": "Bocachancla", "descripcion": null, "sector": "Paulés", "grado1": "7a+", "long1": null, "exp1": null, "grado2": null, "long2": null, "exp2": null, "grado3": null, "long3": null, "exp3": null, "grado4": null, "long4": null, "exp4": null, "grado5": null, "long5": null, "exp5": null, "modalidad": null, "variante": null, "Union": null }, "geometry": { "type": "MultiPoint", "coordinates": [ [ -2.125459203973767, 40.078932936337758 ] ] } },
{ "type": "Feature", "properties": { "fid": 252, "id": 247, "nombre": "Maneras de vivir", "descripcion": null, "sector": "Paulés", "grado1": "7b", "long1": null, "exp1": null, "grado2": null, "long2": null, "exp2": null, "grado3": null, "long3": null, "exp3": null, "grado4": null, "long4": null, "exp4": null, "grado5": null, "long5": null, "exp5": null, "modalidad": null, "variante": null, "Union": null }, "geometry": { "type": "MultiPoint", "coordinates": [ [ -2.125508454328277, 40.078944875817641 ] ] } },
{ "type": "Feature", "properties": { "fid": 253, "id": 248, "nombre": "Apágala, apágalas", "descripcion": "Comparte reunión con \"Siempre igual\"", "sector": "Paulés", "grado1": "6c+", "long1": null, "exp1": null, "grado2": null, "long2": null, "exp2": null, "grado3": null, "long3": null, "exp3": null, "grado4": null, "long4": null, "exp4": null, "grado5": null, "long5": null, "exp5": null, "modalidad": null, "variante": null, "Union": null }, "geometry": { "type": "MultiPoint", "coordinates": [ [ -2.125547257637891, 40.078955322862534 ] ] } },
{ "type": "Feature", "properties": { "fid": 254, "id": 249, "nombre": "Siempre igual", "descripcion": "Comparte reunión con \"Apágala, apágalas\"", "sector": "Paulés", "grado1": "6b", "long1": null, "exp1": null, "grado2": null, "long2": null, "exp2": null, "grado3": null, "long3": null, "exp3": null, "grado4": null, "long4": null, "exp4": null, "grado5": null, "long5": null, "exp5": null, "modalidad": null, "variante": null, "Union": null }, "geometry": { "type": "MultiPoint", "coordinates": [ [ -2.12559053825246, 40.078973232082355 ] ] } },
{ "type": "Feature", "properties": { "fid": 255, "id": 250, "nombre": "Patapalo", "descripcion": null, "sector": "Paulés", "grado1": "6b", "long1": null, "exp1": null, "grado2": null, "long2": null, "exp2": null, "grado3": null, "long3": null, "exp3": null, "grado4": null, "long4": null, "exp4": null, "grado5": null, "long5": null, "exp5": null, "modalidad": null, "variante": null, "Union": null }, "geometry": { "type": "MultiPoint", "coordinates": [ [ -2.125638296171984, 40.078986663997227 ] ] } },
{ "type": "Feature", "properties": { "fid": 256, "id": 251, "nombre": "Power of fashion", "descripcion": null, "sector": "Paulés", "grado1": "6c", "long1": null, "exp1": null, "grado2": null, "long2": null, "exp2": null, "grado3": null, "long3": null, "exp3": null, "grado4": null, "long4": null, "exp4": null, "grado5": null, "long5": null, "exp5": null, "modalidad": null, "variante": null, "Union": null }, "geometry": { "type": "MultiPoint", "coordinates": [ [ -2.125686054091509, 40.079007558087014 ] ] } },
{ "type": "Feature", "properties": { "fid": 257, "id": 252, "nombre": "Suave es la noche", "descripcion": "Comparte inicio con \"Lo que acabas de elegir\". Va por la izquierda", "sector": "Paulés", "grado1": "7b+", "long1": null, "exp1": null, "grado2": null, "long2": null, "exp2": null, "grado3": null, "long3": null, "exp3": null, "grado4": null, "long4": null, "exp4": null, "grado5": null, "long5": null, "exp5": null, "modalidad": null, "variante": "SI", "Union": "252_253" }, "geometry": { "type": "MultiPoint", "coordinates": [ [ -2.125712742673194, 40.079015619497198 ] ] } },
{ "type": "Feature", "properties": { "fid": 258, "id": 253, "nombre": "Lo que acabas de elegir", "descripcion": "Comparte inicio con \"Suave es la noche\". Va por la derecha", "sector": "Paulés", "grado1": "7b+", "long1": null, "exp1": null, "grado2": null, "long2": null, "exp2": null, "grado3": null, "long3": null, "exp3": null, "grado4": null, "long4": null, "exp4": null, "grado5": null, "long5": null, "exp5": null, "modalidad": null, "variante": "SI", "Union": "252_253" }, "geometry": { "type": "MultiPoint", "coordinates": [ [ -2.125741630335217, 40.079025936519351 ] ] } },
{ "type": "Feature", "properties": { "fid": 259, "id": 254, "nombre": "Elías que me lías", "descripcion": null, "sector": "Paulés", "grado1": "7a+", "long1": null, "exp1": null, "grado2": null, "long2": null, "exp2": null, "grado3": null, "long3": null, "exp3": null, "grado4": null, "long4": null, "exp4": null, "grado5": null, "long5": null, "exp5": null, "modalidad": null, "variante": null, "Union": null }, "geometry": { "type": "MultiPoint", "coordinates": [ [ -2.125771549699455, 40.079037285243722 ] ] } },
{ "type": "Feature", "properties": { "fid": 260, "id": 255, "nombre": "Mojón", "descripcion": null, "sector": "Gena", "grado1": "5+", "long1": null, "exp1": null, "grado2": null, "long2": null, "exp2": null, "grado3": null, "long3": null, "exp3": null, "grado4": null, "long4": null, "exp4": null, "grado5": null, "long5": null, "exp5": null, "modalidad": null, "variante": null, "Union": null }, "geometry": { "type": "MultiPoint", "coordinates": [ [ -2.125964082232387, 40.087427701465174 ] ] } },
{ "type": "Feature", "properties": { "fid": 261, "id": 256, "nombre": "José el númeor dos", "descripcion": null, "sector": "Gena", "grado1": "7b", "long1": null, "exp1": null, "grado2": null, "long2": null, "exp2": null, "grado3": null, "long3": null, "exp3": null, "grado4": null, "long4": null, "exp4": null, "grado5": null, "long5": null, "exp5": null, "modalidad": null, "variante": null, "Union": null }, "geometry": { "type": "MultiPoint", "coordinates": [ [ -2.125984856168518, 40.087409235744168 ] ] } },
{ "type": "Feature", "properties": { "fid": 262, "id": 257, "nombre": "Aspirante a poli", "descripcion": "Fisura", "sector": "Gena", "grado1": "7a", "long1": null, "exp1": null, "grado2": null, "long2": null, "exp2": null, "grado3": null, "long3": null, "exp3": null, "grado4": null, "long4": null, "exp4": null, "grado5": null, "long5": null, "exp5": null, "modalidad": null, "variante": null, "Union": null }, "geometry": { "type": "MultiPoint", "coordinates": [ [ -2.126005630104649, 40.08738846180804 ] ] } },
{ "type": "Feature", "properties": { "fid": 263, "id": 258, "nombre": "Descábala", "descripcion": "Fisura. Comparte reunión con \"Finolis\"", "sector": "Gena", "grado1": "7b+", "long1": null, "exp1": null, "grado2": null, "long2": null, "exp2": null, "grado3": null, "long3": null, "exp3": null, "grado4": null, "long4": null, "exp4": null, "grado5": null, "long5": null, "exp5": null, "modalidad": null, "variante": null, "Union": null }, "geometry": { "type": "MultiPoint", "coordinates": [ [ -2.126027558148343, 40.087366533764346 ] ] } },
{ "type": "Feature", "properties": { "fid": 264, "id": 259, "nombre": "Finolis", "descripcion": "Comparte reunión con \"Descábala\"", "sector": "Gena", "grado1": null, "long1": null, "exp1": null, "grado2": null, "long2": null, "exp2": null, "grado3": null, "long3": null, "exp3": null, "grado4": null, "long4": null, "exp4": null, "grado5": null, "long5": null, "exp5": null, "modalidad": null, "variante": null, "Union": null }, "geometry": { "type": "MultiPoint", "coordinates": [ [ -2.126051794407162, 40.087339989290399 ] ] } },
{ "type": "Feature", "properties": { "fid": 265, "id": 260, "nombre": "Cabeza tortuga", "descripcion": null, "sector": "Gena", "grado1": "7b", "long1": null, "exp1": null, "grado2": null, "long2": null, "exp2": null, "grado3": null, "long3": null, "exp3": null, "grado4": null, "long4": null, "exp4": null, "grado5": null, "long5": null, "exp5": null, "modalidad": null, "variante": null, "Union": null }, "geometry": { "type": "MultiPoint", "coordinates": [ [ -2.126070260128167, 40.087321523569393 ] ] } },
{ "type": "Feature", "properties": { "fid": 266, "id": 261, "nombre": "Ya ne trus, no ya boyus", "descripcion": "Diedro", "sector": "Gena", "grado1": "7c", "long1": null, "exp1": null, "grado2": null, "long2": null, "exp2": null, "grado3": null, "long3": null, "exp3": null, "grado4": null, "long4": null, "exp4": null, "grado5": null, "long5": null, "exp5": null, "modalidad": null, "variante": null, "Union": null }, "geometry": { "type": "MultiPoint", "coordinates": [ [ -2.126178746239072, 40.087202650490426 ] ] } },
{ "type": "Feature", "properties": { "fid": 267, "id": 262, "nombre": "Oreja de pana", "descripcion": "Fisura", "sector": "Gena", "grado1": "7b", "long1": null, "exp1": null, "grado2": null, "long2": null, "exp2": null, "grado3": null, "long3": null, "exp3": null, "grado4": null, "long4": null, "exp4": null, "grado5": null, "long5": null, "exp5": null, "modalidad": null, "variante": null, "Union": null }, "geometry": { "type": "MultiPoint", "coordinates": [ [ -2.126193749637389, 40.087170335478667 ] ] } },
{ "type": "Feature", "properties": { "fid": 268, "id": 263, "nombre": "Los mundos de layma", "descripcion": null, "sector": "Gena", "grado1": "7b", "long1": null, "exp1": null, "grado2": null, "long2": null, "exp2": null, "grado3": null, "long3": null, "exp3": null, "grado4": null, "long4": null, "exp4": null, "grado5": null, "long5": null, "exp5": null, "modalidad": null, "variante": null, "Union": null }, "geometry": { "type": "MultiPoint", "coordinates": [ [ -2.126194903744952, 40.087139174574467 ] ] } },
{ "type": "Feature", "properties": { "fid": 269, "id": 264, "nombre": "Osea, en plan... ¿hola?", "descripcion": "Comparte reunión con \"Pero que me estás container?\"", "sector": "Gena", "grado1": "6c+", "long1": null, "exp1": null, "grado2": null, "long2": null, "exp2": null, "grado3": null, "long3": null, "exp3": null, "grado4": null, "long4": null, "exp4": null, "grado5": null, "long5": null, "exp5": null, "modalidad": null, "variante": null, "Union": null }, "geometry": { "type": "MultiPoint", "coordinates": [ [ -2.125988318491207, 40.08676870604679 ] ] } },
{ "type": "Feature", "properties": { "fid": 270, "id": 265, "nombre": "Pero que me estás container?", "descripcion": "Comparte reunión con \"Osea, en plan... ¿hola?\"", "sector": "Gena", "grado1": "6c+", "long1": null, "exp1": null, "grado2": null, "long2": null, "exp2": null, "grado3": null, "long3": null, "exp3": null, "grado4": null, "long4": null, "exp4": null, "grado5": null, "long5": null, "exp5": null, "modalidad": null, "variante": null, "Union": null }, "geometry": { "type": "MultiPoint", "coordinates": [ [ -2.125950232941634, 40.086767551939232 ] ] } },
{ "type": "Feature", "properties": { "fid": 271, "id": 266, "nombre": "El puto koala", "descripcion": null, "sector": "Gena", "grado1": "6b", "long1": null, "exp1": null, "grado2": null, "long2": null, "exp2": null, "grado3": null, "long3": null, "exp3": null, "grado4": null, "long4": null, "exp4": null, "grado5": null, "long5": null, "exp5": null, "modalidad": null, "variante": null, "Union": null }, "geometry": { "type": "MultiPoint", "coordinates": [ [ -2.125914455607186, 40.086765243724102 ] ] } },
{ "type": "Feature", "properties": { "fid": 272, "id": 267, "nombre": "Proyecto 2024", "descripcion": null, "sector": "Gena", "grado1": "6b", "long1": null, "exp1": null, "grado2": null, "long2": null, "exp2": null, "grado3": null, "long3": null, "exp3": null, "grado4": null, "long4": null, "exp4": null, "grado5": null, "long5": null, "exp5": null, "modalidad": null, "variante": null, "Union": null }, "geometry": { "type": "MultiPoint", "coordinates": [ [ -2.125878678272739, 40.086764089616544 ] ] } },
{ "type": "Feature", "properties": { "fid": 273, "id": 268, "nombre": "Pon Pink Floid", "descripcion": null, "sector": "Gena", "grado1": "6c", "long1": null, "exp1": null, "grado2": null, "long2": null, "exp2": null, "grado3": null, "long3": null, "exp3": null, "grado4": null, "long4": null, "exp4": null, "grado5": null, "long5": null, "exp5": null, "modalidad": null, "variante": null, "Union": null }, "geometry": { "type": "MultiPoint", "coordinates": [ [ -2.125839438615603, 40.086765243724102 ] ] } },
{ "type": "Feature", "properties": { "fid": 274, "id": 269, "nombre": "Seattle", "descripcion": "Comparte reunión con \"Mi primada pucelana\"", "sector": "Gena", "grado1": "6b", "long1": null, "exp1": null, "grado2": null, "long2": null, "exp2": null, "grado3": null, "long3": null, "exp3": null, "grado4": null, "long4": null, "exp4": null, "grado5": null, "long5": null, "exp5": null, "modalidad": null, "variante": null, "Union": null }, "geometry": { "type": "MultiPoint", "coordinates": [ [ -2.125796736635778, 40.086767551939232 ] ] } },
{ "type": "Feature", "properties": { "fid": 275, "id": 270, "nombre": "Mi primada pucelana", "descripcion": "Comparte reunión con \"Seattle\"", "sector": "Gena", "grado1": "6a+", "long1": null, "exp1": null, "grado2": null, "long2": null, "exp2": null, "grado3": null, "long3": null, "exp3": null, "grado4": null, "long4": null, "exp4": null, "grado5": null, "long5": null, "exp5": null, "modalidad": null, "variante": null, "Union": null }, "geometry": { "type": "MultiPoint", "coordinates": [ [ -2.125754034655953, 40.086769860154355 ] ] } },
{ "type": "Feature", "properties": { "fid": 276, "id": 271, "nombre": "Zumbao", "descripcion": null, "sector": "Gena", "grado1": "6c+", "long1": null, "exp1": null, "grado2": null, "long2": null, "exp2": null, "grado3": null, "long3": null, "exp3": null, "grado4": null, "long4": null, "exp4": null, "grado5": null, "long5": null, "exp5": null, "modalidad": null, "variante": null, "Union": null }, "geometry": { "type": "MultiPoint", "coordinates": [ [ -2.125753061004229, 40.08669976361255 ] ] } },
{ "type": "Feature", "properties": { "fid": 277, "id": 272, "nombre": "Peyote", "descripcion": null, "sector": "Gena", "grado1": "7a", "long1": null, "exp1": null, "grado2": null, "long2": null, "exp2": null, "grado3": null, "long3": null, "exp3": null, "grado4": null, "long4": null, "exp4": null, "grado5": null, "long5": null, "exp5": null, "modalidad": null, "variante": null, "Union": null }, "geometry": { "type": "MultiPoint", "coordinates": [ [ -2.125771354470375, 40.086693665790513 ] ] } },
{ "type": "Feature", "properties": { "fid": 278, "id": 273, "nombre": "Salvaje", "descripcion": "Comparte inicio con \"Fotón\"", "sector": "Gena", "grado1": "7b", "long1": null, "exp1": null, "grado2": null, "long2": null, "exp2": null, "grado3": null, "long3": null, "exp3": null, "grado4": null, "long4": null, "exp4": null, "grado5": null, "long5": null, "exp5": null, "modalidad": null, "variante": null, "Union": null }, "geometry": { "type": "MultiPoint", "coordinates": [ [ -2.12578964793652, 40.086687567968461 ] ] } },
{ "type": "Feature", "properties": { "fid": 279, "id": 274, "nombre": "Fotón", "descripcion": "Comparte inicio con \"Salvaje\"", "sector": "Gena", "grado1": "7a+", "long1": null, "exp1": null, "grado2": null, "long2": null, "exp2": null, "grado3": null, "long3": null, "exp3": null, "grado4": null, "long4": null, "exp4": null, "grado5": null, "long5": null, "exp5": null, "modalidad": null, "variante": null, "Union": null }, "geometry": { "type": "MultiPoint", "coordinates": [ [ -2.125813022921039, 40.086680453842739 ] ] } },
{ "type": "Feature", "properties": { "fid": 280, "id": 275, "nombre": "Mecánica cuántica", "descripcion": null, "sector": "Gena", "grado1": "8a", "long1": null, "exp1": null, "grado2": null, "long2": null, "exp2": null, "grado3": null, "long3": null, "exp3": null, "grado4": null, "long4": null, "exp4": null, "grado5": null, "long5": null, "exp5": null, "modalidad": null, "variante": null, "Union": null }, "geometry": { "type": "MultiPoint", "coordinates": [ [ -2.125857740282727, 40.086660127769242 ] ] } },
{ "type": "Feature", "properties": { "fid": 281, "id": 276, "nombre": "Tronchapalas", "descripcion": "Tiene 2 largos. El segundo es corto", "sector": "Gena", "grado1": "7b", "long1": null, "exp1": null, "grado2": "8a+", "long2": null, "exp2": null, "grado3": null, "long3": null, "exp3": null, "grado4": null, "long4": null, "exp4": null, "grado5": null, "long5": null, "exp5": null, "modalidad": "Multilargo", "variante": null, "Union": null }, "geometry": { "type": "MultiPoint", "coordinates": [ [ -2.125881115267245, 40.086647932125146 ] ] } },
{ "type": "Feature", "properties": { "fid": 282, "id": 277, "nombre": "Cita previa", "descripcion": "Comparte inicio con \"El templo\" y \"Jamonacos\"", "sector": "Gena", "grado1": "8a+", "long1": null, "exp1": null, "grado2": null, "long2": null, "exp2": null, "grado3": null, "long3": null, "exp3": null, "grado4": null, "long4": null, "exp4": null, "grado5": null, "long5": null, "exp5": null, "modalidad": null, "variante": "SI", "Union": "277_278_279" }, "geometry": { "type": "MultiPoint", "coordinates": [ [ -2.125893310911342, 40.086629638659005 ] ] } },
{ "type": "Feature", "properties": { "fid": 283, "id": 278, "nombre": "El templo", "descripcion": "Comparte inicio con \"Cita previa\" y \"Jamonacos\"", "sector": "Gena", "grado1": "7a+", "long1": null, "exp1": null, "grado2": null, "long2": null, "exp2": null, "grado3": null, "long3": null, "exp3": null, "grado4": null, "long4": null, "exp4": null, "grado5": null, "long5": null, "exp5": null, "modalidad": null, "variante": "SI", "Union": "277_278_279" }, "geometry": { "type": "MultiPoint", "coordinates": [ [ -2.125908555466463, 40.086604231067135 ] ] } },
{ "type": "Feature", "properties": { "fid": 284, "id": 279, "nombre": "Jamonacos", "descripcion": "Comparte inicio con \"Cita previa\" y \"El templo\"", "sector": "Gena", "grado1": "8a", "long1": null, "exp1": null, "grado2": null, "long2": null, "exp2": null, "grado3": null, "long3": null, "exp3": null, "grado4": null, "long4": null, "exp4": null, "grado5": null, "long5": null, "exp5": null, "modalidad": null, "variante": "SI", "Union": "277_278_279" }, "geometry": { "type": "MultiPoint", "coordinates": [ [ -2.12591871850321, 40.086582888689968 ] ] } },
{ "type": "Feature", "properties": { "fid": 285, "id": 280, "nombre": "Hommo sovieticus", "descripcion": "Comparte inicio con \"Yuri Gagarin\" y \"Laika\". Techo", "sector": "Gena", "grado1": "8b+", "long1": null, "exp1": null, "grado2": null, "long2": null, "exp2": null, "grado3": null, "long3": null, "exp3": null, "grado4": null, "long4": null, "exp4": null, "grado5": null, "long5": null, "exp5": null, "modalidad": null, "variante": "SI", "Union": "280_281_282" }, "geometry": { "type": "MultiPoint", "coordinates": [ [ -2.125924816325258, 40.08655646479442 ] ] } },
{ "type": "Feature", "properties": { "fid": 286, "id": 281, "nombre": "Yuri Gagarin", "descripcion": "Comparte inicio con \"Hommo sovieticus\" y \"Laika\". Techo", "sector": "Gena", "grado1": "8b+", "long1": null, "exp1": null, "grado2": null, "long2": null, "exp2": null, "grado3": null, "long3": null, "exp3": null, "grado4": null, "long4": null, "exp4": null, "grado5": null, "long5": null, "exp5": null, "modalidad": null, "variante": "SI", "Union": "280_281_282" }, "geometry": { "type": "MultiPoint", "coordinates": [ [ -2.12596946409224, 40.086562215747612 ] ] } },
{ "type": "Feature", "properties": { "fid": 287, "id": 282, "nombre": "Laika", "descripcion": "Comparte inicio con \"Hommo sovieticus\" y \"Yuri Gagarin\"", "sector": "Gena", "grado1": "8a+", "long1": null, "exp1": null, "grado2": null, "long2": null, "exp2": null, "grado3": null, "long3": null, "exp3": null, "grado4": null, "long4": null, "exp4": null, "grado5": null, "long5": null, "exp5": null, "modalidad": null, "variante": "SI", "Union": "280_281_282" }, "geometry": { "type": "MultiPoint", "coordinates": [ [ -2.126010097459706, 40.086566212472285 ] ] } },
{ "type": "Feature", "properties": { "fid": 288, "id": 283, "nombre": "La seta", "descripcion": "Se le une \"Laika\" y comparten reunión", "sector": "Gena", "grado1": "7b", "long1": null, "exp1": null, "grado2": null, "long2": null, "exp2": null, "grado3": null, "long3": null, "exp3": null, "grado4": null, "long4": null, "exp4": null, "grado5": null, "long5": null, "exp5": null, "modalidad": null, "variante": null, "Union": null }, "geometry": { "type": "MultiPoint", "coordinates": [ [ -2.125924389919589, 40.086532018272308 ] ] } },
{ "type": "Feature", "properties": { "fid": 289, "id": 284, "nombre": "Equipo pyranha", "descripcion": "Fisura", "sector": "Gena", "grado1": "6c+", "long1": null, "exp1": null, "grado2": null, "long2": null, "exp2": null, "grado3": null, "long3": null, "exp3": null, "grado4": null, "long4": null, "exp4": null, "grado5": null, "long5": null, "exp5": null, "modalidad": null, "variante": null, "Union": null }, "geometry": { "type": "MultiPoint", "coordinates": [ [ -2.125920837275438, 40.086515143212623 ] ] } },
{ "type": "Feature", "properties": { "fid": 290, "id": 285, "nombre": "Laetitia", "descripcion": null, "sector": "Gena", "grado1": "7a+", "long1": null, "exp1": null, "grado2": null, "long2": null, "exp2": null, "grado3": null, "long3": null, "exp3": null, "grado4": null, "long4": null, "exp4": null, "grado5": null, "long5": null, "exp5": null, "modalidad": null, "variante": null, "Union": null }, "geometry": { "type": "MultiPoint", "coordinates": [ [ -2.125909291181951, 40.086481393093194 ] ] } },
{ "type": "Feature", "properties": { "fid": 291, "id": 286, "nombre": "Dolores", "descripcion": null, "sector": "Gena", "grado1": "7a", "long1": null, "exp1": null, "grado2": null, "long2": null, "exp2": null, "grado3": null, "long3": null, "exp3": null, "grado4": null, "long4": null, "exp4": null, "grado5": null, "long5": null, "exp5": null, "modalidad": null, "variante": null, "Union": null }, "geometry": { "type": "MultiPoint", "coordinates": [ [ -2.125898633249501, 40.086461853550368 ] ] } },
{ "type": "Feature", "properties": { "fid": 292, "id": 287, "nombre": "KAS", "descripcion": null, "sector": "Gena", "grado1": "5", "long1": null, "exp1": null, "grado2": null, "long2": null, "exp2": null, "grado3": null, "long3": null, "exp3": null, "grado4": null, "long4": null, "exp4": null, "grado5": null, "long5": null, "exp5": null, "modalidad": null, "variante": null, "Union": null }, "geometry": { "type": "MultiPoint", "coordinates": [ [ -2.125883534511864, 40.086442314007542 ] ] } },
{ "type": "Feature", "properties": { "fid": 293, "id": 288, "nombre": "Tango", "descripcion": null, "sector": "Gena", "grado1": "5", "long1": null, "exp1": null, "grado2": null, "long2": null, "exp2": null, "grado3": null, "long3": null, "exp3": null, "grado4": null, "long4": null, "exp4": null, "grado5": null, "long5": null, "exp5": null, "modalidad": null, "variante": null, "Union": null }, "geometry": { "type": "MultiPoint", "coordinates": [ [ -2.125868435774227, 40.086417445498491 ] ] } },
{ "type": "Feature", "properties": { "fid": 294, "id": 289, "nombre": "Colector de dolor", "descripcion": null, "sector": "Gena", "grado1": "6b", "long1": null, "exp1": null, "grado2": null, "long2": null, "exp2": null, "grado3": null, "long3": null, "exp3": null, "grado4": null, "long4": null, "exp4": null, "grado5": null, "long5": null, "exp5": null, "modalidad": null, "variante": null, "Union": null }, "geometry": { "type": "MultiPoint", "coordinates": [ [ -2.125872809886003, 40.08630051405521 ] ] } },
{ "type": "Feature", "properties": { "fid": 295, "id": 290, "nombre": "Asco de basca", "descripcion": null, "sector": "Gena", "grado1": "6c+", "long1": null, "exp1": null, "grado2": null, "long2": null, "exp2": null, "grado3": null, "long3": null, "exp3": null, "grado4": null, "long4": null, "exp4": null, "grado5": null, "long5": null, "exp5": null, "modalidad": null, "variante": null, "Union": null }, "geometry": { "type": "MultiPoint", "coordinates": [ [ -2.125891516574522, 40.086286296971942 ] ] } },
{ "type": "Feature", "properties": { "fid": 296, "id": 291, "nombre": "Thelma y Louise", "descripcion": null, "sector": "Gena", "grado1": "7a", "long1": null, "exp1": null, "grado2": null, "long2": null, "exp2": null, "grado3": null, "long3": null, "exp3": null, "grado4": null, "long4": null, "exp4": null, "grado5": null, "long5": null, "exp5": null, "modalidad": null, "variante": null, "Union": null }, "geometry": { "type": "MultiPoint", "coordinates": [ [ -2.125917705938447, 40.086271331621127 ] ] } },
{ "type": "Feature", "properties": { "fid": 297, "id": 292, "nombre": "Exploited climbers", "descripcion": null, "sector": "Gena", "grado1": "8a", "long1": null, "exp1": null, "grado2": null, "long2": null, "exp2": null, "grado3": null, "long3": null, "exp3": null, "grado4": null, "long4": null, "exp4": null, "grado5": null, "long5": null, "exp5": null, "modalidad": null, "variante": null, "Union": null }, "geometry": { "type": "MultiPoint", "coordinates": [ [ -2.12593042648664, 40.086260107608013 ] ] } },
{ "type": "Feature", "properties": { "fid": 298, "id": 293, "nombre": "Traficantes de sueños", "descripcion": null, "sector": "Gena", "grado1": "7c+", "long1": null, "exp1": null, "grado2": null, "long2": null, "exp2": null, "grado3": null, "long3": null, "exp3": null, "grado4": null, "long4": null, "exp4": null, "grado5": null, "long5": null, "exp5": null, "modalidad": null, "variante": null, "Union": null }, "geometry": { "type": "MultiPoint", "coordinates": [ [ -2.125949133175158, 40.086248135327367 ] ] } },
{ "type": "Feature", "properties": { "fid": 299, "id": 294, "nombre": "A contracorriente", "descripcion": "Comparte inicio con \"Kankikawa\"", "sector": "Gena", "grado1": "7a", "long1": null, "exp1": null, "grado2": null, "long2": null, "exp2": null, "grado3": null, "long3": null, "exp3": null, "grado4": null, "long4": null, "exp4": null, "grado5": null, "long5": null, "exp5": null, "modalidad": null, "variante": "SI", "Union": "294_295" }, "geometry": { "type": "MultiPoint", "coordinates": [ [ -2.125966343328594, 40.086237659581791 ] ] } },
{ "type": "Feature", "properties": { "fid": 300, "id": 295, "nombre": "Kankikawa", "descripcion": "Comparte inicio con \"A contracorriente\"", "sector": "Gena", "grado1": "6c+", "long1": null, "exp1": null, "grado2": null, "long2": null, "exp2": null, "grado3": null, "long3": null, "exp3": null, "grado4": null, "long4": null, "exp4": null, "grado5": null, "long5": null, "exp5": null, "modalidad": null, "variante": "SI", "Union": "294_295" }, "geometry": { "type": "MultiPoint", "coordinates": [ [ -2.125983553482031, 40.086227183836222 ] ] } },
{ "type": "Feature", "properties": { "fid": 301, "id": 296, "nombre": "Transmetal climb", "descripcion": null, "sector": "Gena", "grado1": "7b+", "long1": null, "exp1": null, "grado2": null, "long2": null, "exp2": null, "grado3": null, "long3": null, "exp3": null, "grado4": null, "long4": null, "exp4": null, "grado5": null, "long5": null, "exp5": null, "modalidad": null, "variante": null, "Union": null }, "geometry": { "type": "MultiPoint", "coordinates": [ [ -2.126001511903009, 40.086212966752953 ] ] } },
{ "type": "Feature", "properties": { "fid": 302, "id": 297, "nombre": "Predica", "descripcion": null, "sector": "Gena", "grado1": "7b", "long1": null, "exp1": null, "grado2": null, "long2": null, "exp2": null, "grado3": null, "long3": null, "exp3": null, "grado4": null, "long4": null, "exp4": null, "grado5": null, "long5": null, "exp5": null, "modalidad": null, "variante": null, "Union": null }, "geometry": { "type": "MultiPoint", "coordinates": [ [ -2.126020966859068, 40.086194260064431 ] ] } }
]
}
